time [s],adc[0],current,servo1.currentSetpoint,setpwm,
4e-07,0,0,0,0,
0.008039,0,0,0,0,
0.0116753,0,0,0,0,
0.0154886,0,0,0,0,
0.0195542,0,0,0,0,
0.0242059,0,0,0,0,
0.028606,0,0,0,0,
0.032735,0,0,0,0,
0.0374793,0,0,0,0,
0.042255,0,0,0,0,
0.0466929,0,0,0,0,
0.0514607,0,0,0,0,
0.0566086,0,0,0,0,
0.0612095,0,0,0,0,
0.0653613,0,0,0,0,
0.0693045,0,0,0,0,
0.073592,0,0,0,0,
0.0776006,0,0,0,0,
0.0817195,0,0,0,0,
0.0856505,0,0,0,0,
0.0897621,0,0,0,0,
0.0938531,0,0,0,0,
0.0977912,0,0,0,0,
0.10161,0,0,0,0,
0.10576,0,0,0,0,
0.109677,0,0,0,0,
0.115977,0,0,0,0,
0.120413,0,0,0,0,
0.125415,0,0,0,0,
0.130299,0,0,0,0,
0.13483,0,0,0,0,
0.139562,0,0,0,0,
0.144808,0,0,0,0,
0.149578,0,0,0,0,
0.153329,0,0,0,0,
0.158489,0,0,0,0,
0.162639,0,0,0,0,
0.166323,0,0,0,0,
0.17031,0,0,0,0,
0.174729,0,0,0,0,
0.178979,0,0,0,0,
0.182794,0,0,0,0,
0.188399,0,0,0,0,
0.193297,0,0,0,0,
0.197394,0,0,0,0,
0.202114,0,0,0,0,
0.207892,0,0,0,0,
0.214459,0,0,0,0,
0.219369,0,0,0,0,
0.224003,0,0,0,0,
0.228251,0,0,0,0,
0.232146,0,0,0,0,
0.236331,0,0,0,0,
0.240627,0,0,0,0,
0.244631,0,0,0,0,
0.248566,0,0,0,0,
0.252456,0,0,0,0,
0.257021,0,0,0,0,
0.261499,0,0,0,0,
0.265896,0,0,0,0,
0.270551,0,0,0,0,
0.275215,0,0,0,0,
0.279258,0,0,0,0,
0.283167,0,0,0,0,
0.286981,0,0,0,0,
0.291772,0,0,0,0,
0.296167,0,0,0,0,
0.301096,0,0,0,0,
0.30603,0,0,0,0,
0.31026,0,0,0,0,
0.314597,0,0,0,0,
0.318987,0,0,0,0,
0.32372,0,0,0,0,
0.328572,0,0,0,0,
0.33267,0,0,0,0,
0.336607,0,0,0,0,
0.341352,0,0,0,0,
0.345417,0,0,0,0,
0.349694,0,0,0,0,
0.353554,0,0,0,0,
0.358647,0,0,0,0,
0.362985,0,0,0,0,
0.367795,0,0,0,0,
0.372379,0,0,0,0,
0.377206,0,0,0,0,
0.381637,0,0,0,0,
0.385511,0,0,0,0,
0.390107,0,0,0,0,
0.396497,0,0,0,0,
0.401154,0,0,0,0,
0.405506,0,0,0,0,
0.410726,0,0,0,0,
0.414655,0,0,0,0,
0.418699,0,0,0,0,
0.423508,0,0,0,0,
0.428233,0,0,0,0,
0.432895,0,0,0,0,
0.437733,0,0,0,0,
0.442174,0,0,0,0,
0.446152,0,0,0,0,
0.450153,0,0,0,0,
0.454821,0,0,0,0,
0.460642,0,0,0,0,
0.464699,0,0,0,0,
0.468551,0,0,0,0,
0.473147,0,0,0,0,
0.477221,0,0,0,0,
0.48097,0,0,0,0,
0.484971,0,0,0,0,
0.489446,0,0,0,0,
0.494015,0,0,0,0,
0.498275,0,0,0,0,
0.502156,0,0,0,0,
0.506863,0,0,0,0,
0.511715,0,0,0,0,
0.516124,0,0,0,0,
0.521024,0,0,0,0,
0.525787,0,0,0,0,
0.529755,0,0,0,0,
0.533976,0,0,0,0,
0.538133,0,0,0,0,
0.542519,0,0,0,0,
0.546811,0,0,0,0,
0.550746,0,0,0,0,
0.555482,0,0,0,0,
0.560183,0,0,0,0,
0.564628,0,0,0,0,
0.569162,0,0,0,0,
0.573659,0,0,0,0,
0.577562,0,0,0,0,
0.581525,0,0,0,0,
0.585448,0,0,0,0,
0.589998,0,0,0,0,
0.594521,0,0,0,0,
0.598993,0,0,0,0,
0.603026,0,0,0,0,
0.607753,0,0,0,0,
0.612422,0,0,0,0,
0.616193,0,0,0,0,
0.620517,0,0,0,0,
0.625265,0,0,0,0,
0.629723,0,0,0,0,
0.634227,0,0,0,0,
0.639208,0,0,0,0,
0.643733,0,0,0,0,
0.648125,0,0,0,0,
0.652045,0,0,0,0,
0.657016,0,0,0,0,
0.661527,0,0,0,0,
0.665466,0,0,0,0,
0.669363,0,0,0,0,
0.674417,0,0,0,0,
0.679015,0,0,0,0,
0.682977,0,0,0,0,
0.687259,0,0,0,0,
0.691798,0,0,0,0,
0.69616,0,0,0,0,
0.700346,0,0,0,0,
0.704799,0,0,0,0,
0.70882,0,0,0,0,
0.712895,0,0,0,0,
0.716819,0,0,0,0,
0.721477,0,0,0,0,
0.726397,0,0,0,0,
0.731031,0,0,0,0,
0.734981,0,0,0,0,
0.739472,0,0,0,0,
0.743415,0,0,0,0,
0.747354,0,0,0,0,
0.751684,0,0,0,0,
0.756436,0,0,0,0,
0.760988,0,0,0,0,
0.76519,0,0,0,0,
0.769193,0,0,0,0,
0.774361,0,0,0,0,
0.778272,0,0,0,0,
0.782276,0,0,0,0,
0.78637,0,0,0,0,
0.790802,0,0,0,0,
0.79476,0,0,0,0,
0.799489,0,0,0,0,
0.804115,0,0,0,0,
0.808247,0,0,0,0,
0.812283,0,0,0,0,
0.816164,0,0,0,0,
0.820284,0,0,0,0,
0.825063,0,0,0,0,
0.829776,0,0,0,0,
0.833703,0,0,0,0,
0.837829,0,0,0,0,
0.842105,0,0,0,0,
0.847571,0,0,0,0,
0.852936,0,0,0,0,
0.857759,0,0,0,0,
0.862127,0,0,0,0,
0.866446,0,0,0,0,
0.870806,0,0,0,0,
0.875515,0,0,0,0,
0.879644,0,0,0,0,
0.883705,0,0,0,0,
0.888133,0,0,0,0,
0.892171,0,0,0,0,
0.896167,0,0,0,0,
0.900117,0,0,0,0,
0.9044,0,0,0,0,
0.909186,0,0,0,0,
0.913368,0,0,0,0,
0.917353,0,0,0,0,
0.921836,0,0,0,0,
0.926173,0,0,0,0,
0.929986,0,0,0,0,
0.933835,0,0,0,0,
0.938263,0,0,0,0,
0.942199,0,0,0,0,
0.946094,0,0,0,0,
0.949858,0,0,0,0,
0.954355,0,0,0,0,
0.958867,0,0,0,0,
0.96304,0,0,0,0,
0.967182,0,0,0,0,
0.97172,0,0,0,0,
0.97578,0,0,0,0,
0.979586,0,0,0,0,
0.98367,0,0,0,0,
0.988529,0,0,0,0,
0.992674,0,0,0,0,
0.996535,0,0,0,0,
1.001,0,0,0,0,
1.00543,0,0,0,0,
1.01035,0,0,0,0,
1.01483,0,0,0,0,
1.01958,0,0,0,0,
1.02443,0,0,0,0,
1.02998,0,0,0,0,
1.03391,0,0,0,0,
1.03828,0,0,0,0,
1.0424,0,0,0,0,
1.04639,0,0,0,0,
1.05028,0,0,0,0,
1.05493,0,0,0,0,
1.05984,0,0,0,0,
1.06417,0,0,0,0,
1.06818,0,0,0,0,
1.07264,0,0,0,0,
1.07691,0,0,0,0,
1.08077,0,0,0,0,
1.08468,0,0,0,0,
1.0894,0,0,0,0,
1.09379,0,0,0,0,
1.0985,0,0,0,0,
1.10361,0,0,0,0,
1.10835,0,0,0,0,
1.1123,0,0,0,0,
1.11679,0,0,0,0,
1.12166,0,0,0,0,
1.12606,0,0,0,0,
1.13011,0,0,0,0,
1.134,0,0,0,0,
1.13856,0,0,0,0,
1.14335,0,0,0,0,
1.1472,0,0,0,0,
1.15105,0,0,0,0,
1.15584,0,0,0,0,
1.16021,0,0,0,0,
1.16442,0,0,0,0,
1.16872,0,0,0,0,
1.17299,0,0,0,0,
1.17699,0,0,0,0,
1.18099,0,0,0,0,
1.18521,0,0,0,0,
1.18971,0,0,0,0,
1.19361,0,0,0,0,
1.19735,0,0,0,0,
1.2018,0,0,0,0,
1.20603,0,0,0,0,
1.21036,0,0,0,0,
1.21461,0,0,0,0,
1.21937,0,0,0,0,
1.22428,0,0,0,0,
1.22851,0,0,0,0,
1.23281,0,0,0,0,
1.23753,0,0,0,0,
1.24168,0,0,0,0,
1.24584,0,0,0,0,
1.25018,0,0,0,0,
1.25485,0,0,0,0,
1.25954,0,0,0,0,
1.26362,0,0,0,0,
1.26747,0,0,0,0,
1.27189,0,0,0,0,
1.27614,0,0,0,0,
1.28071,0,0,0,0,
1.2856,0,0,0,0,
1.29,0,0,0,0,
1.29465,0,0,0,0,
1.29862,0,0,0,0,
1.30302,0,0,0,0,
1.30736,0,0,0,0,
1.31138,0,0,0,0,
1.31543,0,0,0,0,
1.32015,0,0,0,0,
1.32519,0,0,0,0,
1.32937,0,0,0,0,
1.3334,0,0,0,0,
1.33831,0,0,0,0,
1.3424,0,0,0,0,
1.34639,0,0,0,0,
1.3504,0,0,0,0,
1.35559,0,0,0,0,
1.36022,0,0,0,0,
1.3642,0,0,0,0,
1.36872,0,0,0,0,
1.37335,0,0,0,0,
1.3774,0,0,0,0,
1.38159,0,0,0,0,
1.38621,0,0,0,0,
1.39087,0,0,0,0,
1.39492,0,0,0,0,
1.3987,0,0,0,0,
1.40323,0,0,0,0,
1.40745,0,0,0,0,
1.41155,0,0,0,0,
1.41559,0,0,0,0,
1.42116,0,0,0,0,
1.42583,0,0,0,0,
1.43027,0,0,0,0,
1.43486,0,0,0,0,
1.43938,0,0,0,0,
1.44329,0,0,0,0,
1.44719,0,0,0,0,
1.45116,0,0,0,0,
1.45544,0,0,0,0,
1.46003,0,0,0,0,
1.46503,0,0,0,0,
1.46921,0,0,0,0,
1.47389,0,0,0,0,
1.47803,0,0,0,0,
1.48202,0,0,0,0,
1.48639,0,0,0,0,
1.49083,0,0,0,0,
1.49513,0,0,0,0,
1.49902,0,0,0,0,
1.50324,0,0,0,0,
1.5073,0,0,0,0,
1.51111,0,0,0,0,
1.51521,0,0,0,0,
1.51975,0,0,0,0,
1.52401,0,0,0,0,
1.52792,0,0,0,0,
1.53173,0,0,0,0,
1.53591,0,0,0,0,
1.54014,0,0,0,0,
1.54411,0,0,0,0,
1.54792,0,0,0,0,
1.5521,0,0,0,0,
1.55643,0,0,0,0,
1.56019,0,0,0,0,
1.56403,0,0,0,0,
1.56801,0,0,0,0,
1.57211,0,0,0,0,
1.57602,0,0,0,0,
1.57986,0,0,0,0,
1.5836,0,0,0,0,
1.58839,0,0,0,0,
1.59253,0,0,0,0,
1.59749,0,0,0,0,
1.60284,0,0,0,0,
1.60753,0,0,0,0,
1.61242,0,0,0,0,
1.61751,0,0,0,0,
1.62239,0,0,0,0,
1.62648,0,0,0,0,
1.63027,0,0,0,0,
1.63432,0,0,0,0,
1.6384,0,0,0,0,
1.64237,0,0,0,0,
1.64612,0,0,0,0,
1.65012,0,0,0,0,
1.65471,0,0,0,0,
1.6594,0,0,0,0,
1.66425,0,0,0,0,
1.66832,0,0,0,0,
1.67264,0,0,0,0,
1.67733,0,0,0,0,
1.68208,0,0,0,0,
1.68678,0,0,0,0,
1.69085,0,0,0,0,
1.69477,0,0,0,0,
1.69857,0,0,0,0,
1.70266,0,0,0,0,
1.70668,0,0,0,0,
1.71176,0,0,0,0,
1.7165,0,0,0,0,
1.72146,0,0,0,0,
1.7255,0,0,0,0,
1.73016,0,0,0,0,
1.73424,0,0,0,0,
1.7382,0,0,0,0,
1.74227,0,0,0,0,
1.74613,0,0,0,0,
1.74992,0,0,0,0,
1.75443,0,0,0,0,
1.75845,0,0,0,0,
1.76339,0,0,0,0,
1.76806,0,0,0,0,
1.77266,0,0,0,0,
1.77649,0,0,0,0,
1.78023,0,0,0,0,
1.78506,0,0,0,0,
1.78949,0,0,0,0,
1.7933,0,0,0,0,
1.79705,0,0,0,0,
1.80113,0,0,0,0,
1.80546,0,0,0,0,
1.8093,0,0,0,0,
1.8132,0,0,0,0,
1.81722,0,0,0,0,
1.8217,0,0,0,0,
1.8259,0,0,0,0,
1.83002,0,0,0,0,
1.83417,0,0,0,0,
1.83858,0,0,0,0,
1.8433,0,0,0,0,
1.8478,0,0,0,0,
1.85239,0,0,0,0,
1.85705,0,0,0,0,
1.86143,0,0,0,0,
1.86525,0,0,0,0,
1.86944,0,0,0,0,
1.8734,0,0,0,0,
1.87723,0,0,0,0,
1.8812,0,0,0,0,
1.88549,0,0,0,0,
1.88957,0,0,0,0,
1.89338,0,0,0,0,
1.89733,0,0,0,0,
1.90147,0,0,0,0,
1.9056,0,0,0,0,
1.9094,0,0,0,0,
1.91355,0,0,0,0,
1.91769,0,0,0,0,
1.92214,0,0,0,0,
1.92636,0,0,0,0,
1.93102,0,0,0,0,
1.93528,0,0,0,0,
1.9392,0,0,0,0,
1.94313,0,0,0,0,
1.94693,0,0,0,0,
1.95116,0,0,0,0,
1.9554,0,0,0,0,
1.96029,0,0,0,0,
1.9652,0,0,0,0,
1.97027,0,0,0,0,
1.97462,0,0,0,0,
1.97839,0,0,0,0,
1.98294,0,0,0,0,
1.98742,0,0,0,0,
1.99152,0,0,0,0,
1.99531,0,0,0,0,
1.99907,0,0,0,0,
2.00359,0,0,0,0,
2.00758,0,0,0,0,
2.01149,0,0,0,0,
2.01522,0,0,0,0,
2.01967,0,0,0,0,
2.02391,0,0,0,0,
2.02805,0,0,0,0,
2.03193,0,0,0,0,
2.03639,0,0,0,0,
2.04048,0,0,0,0,
2.04422,0,0,0,0,
2.04805,0,0,0,0,
2.05384,0,0,0,0,
2.05878,0,0,0,0,
2.06361,0,0,0,0,
2.06833,0,0,0,0,
2.07291,0,0,0,0,
2.07687,0,0,0,0,
2.08058,0,0,0,0,
2.08549,0,0,0,0,
2.08983,0,0,0,0,
2.09432,0,0,0,0,
2.09894,0,0,0,0,
2.1034,0,0,0,0,
2.10721,0,0,0,0,
2.11102,0,0,0,0,
2.11494,0,0,0,0,
2.11953,0,0,0,0,
2.12406,0,0,0,0,
2.12832,0,0,0,0,
2.13221,0,0,0,0,
2.13664,0,0,0,0,
2.1406,0,0,0,0,
2.14458,0,0,0,0,
2.14843,0,0,0,0,
2.15296,0,0,0,0,
2.15751,0,0,0,0,
2.16218,0,0,0,0,
2.16691,0,0,0,0,
2.17102,0,0,0,0,
2.17508,0,0,0,0,
2.17904,0,0,0,0,
2.18395,0,0,0,0,
2.1883,0,0,0,0,
2.19287,0,0,0,0,
2.19671,0,0,0,0,
2.20104,0,0,0,0,
2.20559,0,0,0,0,
2.21127,0,0,0,0,
2.21591,0,0,0,0,
2.22034,0,0,0,0,
2.22505,0,0,0,0,
2.22924,0,0,0,0,
2.23362,0,0,0,0,
2.23804,0,0,0,0,
2.24271,0,0,0,0,
2.24676,0,0,0,0,
2.25143,0,0,0,0,
2.25608,0,0,0,0,
2.26037,0,0,0,0,
2.26432,0,0,0,0,
2.26873,0,0,0,0,
2.27264,0,0,0,0,
2.27639,0,0,0,0,
2.2804,0,0,0,0,
2.28568,0,0,0,0,
2.29027,0,0,0,0,
2.29486,0,0,0,0,
2.29975,0,0,0,0,
2.30379,0,0,0,0,
2.3084,0,0,0,0,
2.31254,0,0,0,0,
2.31661,0,0,0,0,
2.32128,0,0,0,0,
2.32544,0,0,0,0,
2.33025,0,0,0,0,
2.33558,0,0,0,0,
2.34004,0,0,0,0,
2.34428,0,0,0,0,
2.34822,0,0,0,0,
2.35404,0,0,0,0,
2.35877,0,0,0,0,
2.36349,0,0,0,0,
2.36812,0,0,0,0,
2.37308,0,0,0,0,
2.3774,0,0,0,0,
2.38141,0,0,0,0,
2.3861,0,0,0,0,
2.39005,0,0,0,0,
2.39407,0,0,0,0,
2.39844,0,0,0,0,
2.40296,0,0,0,0,
2.40704,0,0,0,0,
2.4108,0,0,0,0,
2.41475,0,0,0,0,
2.41975,0,0,0,0,
2.42427,0,0,0,0,
2.42907,0,0,0,0,
2.43377,0,0,0,0,
2.43834,0,0,0,0,
2.4428,0,0,0,0,
2.44753,0,0,0,0,
2.45267,0,0,0,0,
2.45729,0,0,0,0,
2.46133,0,0,0,0,
2.46532,0,0,0,0,
2.46971,0,0,0,0,
2.47404,0,0,0,0,
2.47776,0,0,0,0,
2.48183,0,0,0,0,
2.48644,0,0,0,0,
2.49054,0,0,0,0,
2.49516,0,0,0,0,
2.49997,0,0,0,0,
2.50455,0,0,0,0,
2.5093,0,0,0,0,
2.51363,0,0,0,0,
2.51852,0,0,0,0,
2.52254,0,0,0,0,
2.52624,0,0,0,0,
2.53022,0,0,0,0,
2.5344,0,0,0,0,
2.53848,0,0,0,0,
2.54233,0,0,0,0,
2.54657,0,0,0,0,
2.55121,0,0,0,0,
2.55588,0,0,0,0,
2.56368,0,0,0,0,
2.56906,0,0,0,0,
2.57359,0,0,0,0,
2.57777,0,0,0,0,
2.58186,0,0,0,0,
2.58648,0,0,0,0,
2.59065,0,0,0,0,
2.5947,0,0,0,0,
2.59882,0,0,0,0,
2.60285,0,0,0,0,
2.60671,0,0,0,0,
2.61052,0,0,0,0,
2.61423,0,0,0,0,
2.61891,0,0,0,0,
2.62355,0,0,0,0,
2.62822,0,0,0,0,
2.63216,0,0,0,0,
2.63662,0,0,0,0,
2.64077,0,0,0,0,
2.64469,0,0,0,0,
2.64878,0,0,0,0,
2.6531,0,0,0,0,
2.65688,0,0,0,0,
2.66075,0,0,0,0,
2.66478,0,0,0,0,
2.66885,0,0,0,0,
2.67281,0,0,0,0,
2.67659,0,0,0,0,
2.68033,0,0,0,0,
2.6849,0,0,0,0,
2.68905,0,0,0,0,
2.69356,0,0,0,0,
2.69874,0,0,0,0,
2.70376,0,0,0,0,
2.70872,0,0,0,0,
2.71304,0,0,0,0,
2.71806,0,0,0,0,
2.72195,0,0,0,0,
2.72577,0,0,0,0,
2.72951,0,0,0,0,
2.73393,0,0,0,0,
2.73805,0,0,0,0,
2.74206,0,0,0,0,
2.74606,0,0,0,0,
2.75122,0,0,0,0,
2.75516,0,0,0,0,
2.75895,0,0,0,0,
2.76306,0,0,0,0,
2.76749,0,0,0,0,
2.77229,0,0,0,0,
2.77698,0,0,0,0,
2.78142,0,0,0,0,
2.7858,0,0,0,0,
2.78994,0,0,0,0,
2.79479,0,0,0,0,
2.79931,0,0,0,0,
2.80357,0,0,0,0,
2.80743,0,0,0,0,
2.81235,0,0,0,0,
2.81727,0,0,0,0,
2.8216,0,0,0,0,
2.82548,0,0,0,0,
2.82916,0,0,0,0,
2.83405,0,0,0,0,
2.83823,0,0,0,0,
2.84259,0,0,0,0,
2.84664,0,0,0,0,
2.85149,0,0,0,500,
2.85617,693,0,0,500,
2.86117,798,0,0,500,
2.86672,847,0,0,500,
2.8717,873,0,0,500,
2.8767,875,0,0,500,
2.88184,871,0,0,500,
2.8864,893,0,0,500,
2.89004,903,0,0,500,
2.89441,893,0,0,500,
2.89871,903,0,0,500,
2.90332,897,0,0,500,
2.90741,911,0,0,500,
2.91115,913,0,0,500,
2.91551,899,0,0,500,
2.92108,897,0,0,500,
2.92497,896,0,0,500,
2.92924,897,0,0,500,
2.9336,892,0,0,500,
2.93764,893,0,0,500,
2.94142,863,0,0,500,
2.94852,909,0,0,500,
2.95333,909,0,0,500,
2.95763,900,0,0,500,
2.96152,883,0,0,500,
2.96579,899,0,0,500,
2.97005,887,0,0,500,
2.97369,900,0,0,500,
2.97733,885,0,0,500,
2.98207,898,0,0,500,
2.98634,898,0,0,500,
2.98993,885,0,0,500,
2.99438,906,0,0,500,
2.9984,896,0,0,500,
3.0024,887,0,0,500,
3.00656,896,0,0,500,
3.0104,902,0,0,500,
3.01448,907,0.00986123,0,500,
3.01875,910,0.0216228,0,500,
3.0224,895,0.036932,0,500,
3.02707,894,0.0552613,0,500,
3.03143,894,0.0984669,0,500,
3.0354,897,0.122535,0,500,
3.03904,879,0.147827,0,500,
3.04326,898,0.201231,0,500,
3.04783,883,0.256771,0,500,
3.05291,883,0.312639,0,500,
3.05676,881,0.368002,0,500,
3.06082,893,0.421813,0,500,
3.06551,896,0.473664,0,500,
3.0694,887,0.547242,0,500,
3.0738,889,0.592893,0,500,
3.07769,906,0.656277,0,500,
3.0821,911,0.695005,0,500,
3.0867,883,0.747828,0,500,
3.0915,892,0.809003,0,500,
3.09616,895,0.835927,0,500,
3.10068,886,0.872144,0,500,
3.10496,899,0.903806,0,500,
3.10951,913,0.922571,0,500,
3.11353,894,0.947408,0,500,
3.11869,880,0.968964,0,500,
3.12282,897,0.987639,0,500,
3.12728,871,1.00358,0,500,
3.13156,875,1.01724,0,500,
3.13561,894,1.02528,0,500,
3.13923,900,1.03596,0,500,
3.14336,895,1.04516,0,500,
3.14814,885,1.05307,0,500,
3.15257,898,1.05988,0,500,
3.15676,894,1.06574,0,500,
3.16078,885,1.06924,0,500,
3.1649,903,1.07378,0,500,
3.16857,871,1.07645,0,500,
3.17268,891,1.07992,0,500,
3.17694,899,1.0829,0,500,
3.18139,879,1.0854,0,500,
3.18634,894,1.08744,0,500,
3.19083,871,1.08919,0,500,
3.19536,891,1.09057,0,500,
3.19969,892,1.09139,0,500,
3.20328,882,1.09224,0,500,
3.20843,890,1.09305,0,500,
3.21523,902,1.09304,0,500,
3.22153,905,1.09288,0,500,
3.22677,903,1.0927,0,500,
3.23555,892,1.09249,0,500,
3.23999,893,1.09214,0,500,
3.24577,895,1.09199,0,500,
3.25112,887,1.09198,0,500,
3.25553,861,1.09197,0,500,
3.26011,882,1.09196,0,500,
3.2645,882,1.09196,0,500,
3.26872,893,1.09195,0,500,
3.27262,865,1.09195,0,500,
3.27663,845,1.09194,0,500,
3.28166,893,1.09182,0,500,
3.28646,873,1.09144,0,500,
3.29124,858,1.0905,0,500,
3.29593,887,1.08972,0,500,
3.30035,848,1.0887,0,500,
3.30534,884,1.0876,0,500,
3.31038,875,1.0866,0,500,
3.315,859,1.08569,0,500,
3.31996,874,1.08491,0,500,
3.32473,875,1.08419,0,500,
3.32869,885,1.08318,0,500,
3.33348,879,1.08187,0,500,
3.3381,870,1.08091,0,500,
3.34246,854,1.07977,0,500,
3.34621,870,1.07812,0,500,
3.35092,871,1.07702,0,500,
3.35474,861,1.07591,0,500,
3.35911,876,1.07404,0,500,
3.36384,877,1.0726,0,500,
3.36836,863,1.0712,0,500,
3.37227,871,1.06993,0,500,
3.37627,842,1.06861,0,500,
3.38075,854,1.06675,0,500,
3.38576,861,1.06473,0,500,
3.3902,863,1.06199,0,500,
3.39471,863,1.06021,0,500,
3.40014,861,1.05827,0,500,
3.40525,875,1.05636,0,500,
3.40962,870,1.05463,0,500,
3.41518,871,1.05202,0,500,
3.41994,866,1.05039,0,500,
3.4247,845,1.04801,0,500,
3.4289,843,1.04569,0,500,
3.43388,859,1.04328,0,500,
3.4384,869,1.041,0,500,
3.44244,855,1.03904,0,500,
3.44758,875,1.03681,0,500,
3.45246,859,1.03546,0,500,
3.45675,863,1.0343,0,500,
3.46119,879,1.03331,0,500,
3.46596,863,1.03262,0,500,
3.47099,851,1.03224,0,500,
3.47574,849,1.03159,0,500,
3.48056,857,1.0308,0,500,
3.48593,837,1.03025,0,500,
3.48983,842,1.02951,0,500,
3.49499,830,1.02888,0,500,
3.49983,841,1.02811,0,500,
3.50443,833,1.02681,0,500,
3.5089,828,1.02511,0,500,
3.51416,817,1.02308,0,500,
3.51862,834,1.01952,0,500,
3.52332,814,1.01498,0,500,
3.52807,839,1.01008,0,500,
3.53275,837,1.00676,0,500,
3.53663,864,1.00183,0,500,
3.54066,863,0.998948,0,500,
3.54559,875,0.995147,0,500,
3.55044,851,0.991736,0,500,
3.55471,873,0.989739,0,500,
3.55907,866,0.987105,0,500,
3.56329,871,0.985564,0,500,
3.56739,861,0.98353,0,500,
3.57127,880,0.982339,0,500,
3.57507,838,0.981265,0,500,
3.57908,867,0.980066,0,500,
3.58359,879,0.979461,0,500,
3.5883,877,0.980909,0,500,
3.59251,880,0.983789,0,500,
3.5967,871,0.98774,0,500,
3.60153,879,0.993022,0,500,
3.60581,863,0.996233,0,500,
3.61031,863,1.00064,0,500,
3.61538,859,1.00443,0,500,
3.62012,864,1.00774,0,500,
3.62452,865,1.01117,0,500,
3.62868,873,1.0147,0,500,
3.63287,854,1.01817,0,500,
3.63674,855,1.02033,0,500,
3.64049,880,1.02322,0,500,
3.64437,872,1.02494,0,500,
3.6496,885,1.02831,0,500,
3.65514,851,1.03012,0,500,
3.65984,838,1.03157,0,500,
3.6653,868,1.03291,0,500,
3.6701,877,1.03399,0,500,
3.67493,855,1.03489,0,500,
3.67981,878,1.03555,0,500,
3.68443,866,1.03633,0,500,
3.68934,883,1.03719,0,500,
3.69409,886,1.03774,0,500,
3.69837,864,1.03823,0,500,
3.70227,882,1.03901,0,500,
3.70608,858,1.03965,0,500,
3.71014,874,1.04049,0,500,
3.71454,885,1.04122,0,500,
3.71874,869,1.04203,0,500,
3.72313,857,1.04238,0,500,
3.72708,870,1.04283,0,500,
3.73132,873,1.04323,0,500,
3.73526,882,1.04356,0,500,
3.73908,871,1.04376,0,500,
3.74294,877,1.04402,0,500,
3.74711,868,1.04424,0,500,
3.75126,861,1.04444,0,500,
3.75527,870,1.0446,0,500,
3.75909,874,1.04481,0,500,
3.76333,877,1.04492,0,500,
3.76733,887,1.04504,0,500,
3.77263,871,1.04512,0,500,
3.7768,882,1.04519,0,500,
3.78133,859,1.04525,0,500,
3.78641,879,1.04529,0,500,
3.79018,885,1.04532,0,500,
3.79391,882,1.04536,0,500,
3.79827,863,1.04539,0,500,
3.80227,871,1.04541,0,500,
3.80609,863,1.04544,0,500,
3.80999,879,1.04546,0,500,
3.81449,843,1.04548,0,500,
3.81898,871,1.04572,0,500,
3.82369,886,1.04635,0,500,
3.82762,865,1.0469,0,500,
3.83209,858,1.04736,0,500,
3.836,868,1.04764,0,500,
3.83974,873,1.048,0,500,
3.84367,866,1.04809,0,500,
3.84843,870,1.04773,0,500,
3.85246,858,1.04763,0,500,
3.85626,860,1.04778,0,500,
3.86008,871,1.04802,0,500,
3.86423,871,1.04832,0,500,
3.86828,882,1.0485,0,500,
3.87219,886,1.04867,0,500,
3.87583,862,1.04922,0,500,
3.88033,882,1.04996,0,500,
3.8847,870,1.05042,0,500,
3.88895,882,1.05085,0,500,
3.89264,876,1.0513,0,500,
3.89699,867,1.05158,0,500,
3.9013,861,1.05172,0,500,
3.90547,871,1.0516,0,500,
3.90931,874,1.05152,0,500,
3.91383,871,1.05133,0,500,
3.91777,883,1.05116,0,500,
3.9215,873,1.05107,0,500,
3.92569,870,1.05098,0,500,
3.92969,871,1.05087,0,500,
3.93366,867,1.0508,0,500,
3.9373,884,1.05074,0,500,
3.94153,871,1.05066,0,500,
3.94562,872,1.05061,0,500,
3.94994,862,1.05051,0,500,
3.9536,873,1.05008,0,500,
3.95731,879,1.04964,0,500,
3.96114,875,1.04936,0,500,
3.96527,876,1.04915,0,500,
3.96898,876,1.04881,0,500,
3.97291,856,1.04849,0,500,
3.97759,872,1.04808,0,500,
3.98197,886,1.04772,0,500,
3.98612,854,1.04742,0,500,
3.99037,855,1.04724,0,500,
3.99449,879,1.047,0,500,
3.99841,877,1.0468,0,500,
4.00228,864,1.04668,0,500,
4.00598,878,1.04653,0,500,
4.00986,889,1.04639,0,500,
4.01468,870,1.04628,0,500,
4.0197,853,1.04609,0,500,
4.02528,870,1.04569,0,500,
4.03053,875,1.04535,0,500,
4.03494,858,1.04524,0,500,
4.03934,835,1.04527,0,500,
4.04329,861,1.04533,0,500,
4.0482,884,1.04581,0,500,
4.05273,871,1.04588,0,500,
4.05645,849,1.04608,0,500,
4.06052,884,1.0465,0,500,
4.06482,853,1.04633,0,500,
4.06985,880,1.04626,0,500,
4.07385,865,1.04616,0,500,
4.07799,869,1.04608,0,500,
4.08295,861,1.04603,0,500,
4.08731,891,1.04597,0,500,
4.09129,873,1.04593,0,500,
4.09793,874,1.04578,0,500,
4.10409,884,1.0456,0,500,
4.10828,857,1.04554,0,500,
4.11287,873,1.04555,0,500,
4.11743,855,1.04555,0,500,
4.12184,861,1.04556,0,500,
4.12593,874,1.04556,0,500,
4.13071,863,1.04557,0,500,
4.13469,854,1.04557,0,500,
4.13878,871,1.04552,0,500,
4.14264,882,1.04536,0,500,
4.14765,874,1.04518,0,500,
4.15224,876,1.04502,0,500,
4.1563,878,1.04502,0,500,
4.16088,863,1.04505,0,500,
4.16509,879,1.04518,0,500,
4.1692,883,1.04533,0,500,
4.17403,874,1.0456,0,500,
4.17956,838,1.04598,0,500,
4.18417,853,1.04658,0,500,
4.18835,857,1.04709,0,500,
4.19246,875,1.04753,0,500,
4.19733,871,1.04779,0,500,
4.20128,870,1.04813,0,500,
4.20771,884,1.04859,0,500,
4.21363,853,1.04876,0,500,
4.21838,870,1.04885,0,500,
4.22246,867,1.04882,0,500,
4.22672,854,1.04879,0,500,
4.23109,870,1.04877,0,500,
4.23487,876,1.04874,0,500,
4.23909,870,1.04867,0,500,
4.243,874,1.04867,0,500,
4.24741,870,1.04861,0,500,
4.25192,855,1.04845,0,500,
4.25628,867,1.04823,0,500,
4.26046,883,1.04785,0,500,
4.26413,878,1.04763,0,500,
4.2682,858,1.04743,0,500,
4.27209,867,1.04717,0,500,
4.27599,860,1.04696,0,500,
4.28093,879,1.04617,0,500,
4.28645,863,1.04543,0,500,
4.29216,865,1.04456,0,500,
4.29807,863,1.04358,0,500,
4.30382,865,1.0431,0,500,
4.30756,848,1.04248,0,500,
4.31187,850,1.042,0,500,
4.3165,863,1.04134,0,500,
4.32229,869,1.04075,0,500,
4.32828,852,1.04037,0,500,
4.33323,875,1.04021,0,500,
4.33766,839,1.04,0,500,
4.34231,857,1.03982,0,500,
4.34734,851,1.03971,0,500,
4.35159,868,1.03963,0,500,
4.35603,880,1.0395,0,500,
4.3605,862,1.03942,0,500,
4.3644,880,1.03932,0,500,
4.36827,874,1.03927,0,500,
4.372,867,1.03921,0,500,
4.37653,855,1.03942,0,500,
4.38097,860,1.03965,0,500,
4.38583,862,1.03984,0,500,
4.39022,875,1.04001,0,500,
4.39489,875,1.04015,0,500,
4.39932,867,1.04028,0,500,
4.40338,870,1.04041,0,500,
4.4072,878,1.04046,0,500,
4.41202,871,1.04052,0,500,
4.41676,862,1.04068,0,500,
4.42133,866,1.04089,0,500,
4.42588,862,1.04079,0,500,
4.43072,878,1.0405,0,500,
4.43593,874,1.04033,0,500,
4.4401,847,1.04004,0,500,
4.44423,860,1.03991,0,500,
4.44903,863,1.03952,0,500,
4.45452,859,1.03908,0,500,
4.45925,876,1.03865,0,500,
4.46412,874,1.03817,0,500,
4.46832,865,1.0379,0,500,
4.4723,864,1.03764,0,500,
4.47612,871,1.03714,0,500,
4.4808,861,1.03663,0,500,
4.48498,873,1.03595,0,500,
4.48976,867,1.03537,0,500,
4.49411,880,1.03503,0,500,
4.49802,848,1.0347,0,500,
4.50262,849,1.03453,0,500,
4.50768,848,1.03415,0,500,
4.51226,873,1.03438,0,500,
4.51736,860,1.03467,0,500,
4.52244,866,1.03473,0,500,
4.52668,845,1.03432,0,500,
4.53148,844,1.03398,0,500,
4.53565,873,1.03368,0,500,
4.54029,864,1.0335,0,500,
4.54492,863,1.03327,0,500,
4.54922,865,1.03308,0,500,
4.55331,868,1.03274,0,500,
4.55802,864,1.0323,0,500,
4.56281,858,1.03191,0,500,
4.56729,862,1.03169,0,500,
4.57133,858,1.03123,0,500,
4.57655,857,1.03089,0,500,
4.58152,862,1.03029,0,500,
4.58717,851,1.03014,0,500,
4.59199,873,1.03007,0,500,
4.59647,851,1.02989,0,500,
4.6006,874,1.02953,0,500,
4.60448,877,1.02921,0,500,
4.60958,871,1.02887,0,500,
4.61454,865,1.02848,0,500,
4.61919,873,1.02758,0,500,
4.62448,853,1.02696,0,500,
4.62955,862,1.02669,0,500,
4.63471,862,1.02633,0,500,
4.6397,859,1.02593,0,500,
4.64473,865,1.02548,0,500,
4.64899,873,1.0251,0,500,
4.65324,849,1.02477,0,500,
4.65782,871,1.02449,0,500,
4.66275,864,1.02425,0,500,
4.66734,871,1.02404,0,500,
4.67176,857,1.02387,0,500,
4.67594,855,1.02372,0,500,
4.68078,838,1.02357,0,500,
4.68484,863,1.02341,0,500,
4.6891,870,1.02333,0,500,
4.69365,871,1.02316,0,500,
4.69738,842,1.02284,0,500,
4.70184,869,1.02251,0,500,
4.70601,845,1.02217,0,500,
4.71087,863,1.02189,0,500,
4.71581,839,1.0217,0,500,
4.72011,858,1.02142,0,500,
4.724,865,1.02081,0,500,
4.72915,863,1.02045,0,500,
4.73321,855,1.02036,0,500,
4.73728,867,1.02021,0,500,
4.74098,861,1.01972,0,500,
4.74718,861,1.01919,0,500,
4.75163,847,1.01874,0,500,
4.75631,855,1.01823,0,500,
4.76172,861,1.01792,0,500,
4.76584,861,1.01773,0,500,
4.7699,858,1.01754,0,500,
4.77402,858,1.01732,0,500,
4.77859,861,1.01714,0,500,
4.78391,859,1.01703,0,500,
4.78858,839,1.0171,0,500,
4.79342,853,1.017,0,500,
4.79784,870,1.0167,0,500,
4.80216,860,1.01633,0,500,
4.80623,865,1.01602,0,500,
4.81123,862,1.0158,0,500,
4.8155,876,1.01594,0,500,
4.8198,863,1.01611,0,500,
4.82381,844,1.01598,0,500,
4.82862,862,1.01576,0,500,
4.8328,864,1.01569,0,500,
4.8371,868,1.0158,0,500,
4.84125,841,1.01599,0,500,
4.84593,863,1.01599,0,500,
4.85088,866,1.01594,0,500,
4.8554,842,1.01568,0,500,
4.86014,857,1.01555,0,500,
4.86447,865,1.01535,0,500,
4.86844,823,1.01519,0,500,
4.87244,862,1.01499,0,500,
4.87706,863,1.01481,0,500,
4.88149,839,1.01466,0,500,
4.8865,838,1.01446,0,500,
4.89085,854,1.01436,0,500,
4.89563,848,1.01427,0,500,
4.90014,857,1.01409,0,500,
4.90392,846,1.0134,0,500,
4.90841,867,1.01281,0,500,
4.91326,858,1.01241,0,500,
4.9178,851,1.01196,0,500,
4.92255,867,1.01157,0,500,
4.92776,870,1.01114,0,500,
4.93179,853,1.01096,0,500,
4.93587,861,1.01072,0,500,
4.93989,853,1.01051,0,500,
4.94468,867,1.01033,0,500,
4.94915,870,1.01017,0,500,
4.9529,867,1.01004,0,500,
4.95669,853,1.00993,0,500,
4.96115,826,1.00978,0,500,
4.96536,858,1.00967,0,500,
4.96955,861,1.00945,0,500,
4.97366,850,1.0091,0,500,
4.97878,858,1.0088,0,500,
4.98313,827,1.00855,0,500,
4.9874,846,1.00833,0,500,
4.9919,855,1.00819,0,500,
4.99681,847,1.00813,0,500,
5.00153,838,1.00797,0,500,
5.00637,857,1.00783,0,500,
5.01104,863,1.00771,0,500,
5.01546,863,1.00761,0,500,
5.01949,863,1.00752,0,500,
5.02422,852,1.00745,0,500,
5.02828,854,1.00741,0,500,
5.03238,850,1.00733,0,500,
5.03629,850,1.00724,0,500,
5.04029,854,1.00695,0,500,
5.04495,858,1.00695,0,500,
5.04914,844,1.00696,0,500,
5.05304,865,1.00697,0,500,
5.05764,849,1.00697,0,500,
5.06155,831,1.00698,0,500,
5.06575,853,1.00698,0,500,
5.07027,861,1.00698,0,500,
5.07447,867,1.00699,0,500,
5.07912,853,1.00677,0,500,
5.08343,863,1.00648,0,500,
5.08828,866,1.00611,0,500,
5.09295,861,1.00591,0,500,
5.09777,855,1.00565,0,500,
5.10272,839,1.00525,0,500,
5.11068,849,1.00502,0,500,
5.11556,852,1.00502,0,500,
5.12028,863,1.00511,0,500,
5.12475,839,1.00521,0,500,
5.13023,871,1.00551,0,500,
5.13494,866,1.00562,0,500,
5.13857,850,1.00582,0,500,
5.14373,839,1.00604,0,500,
5.14798,856,1.00634,0,500,
5.15243,868,1.00643,0,500,
5.15722,842,1.00652,0,500,
5.16258,855,1.00669,0,500,
5.16664,850,1.00701,0,500,
5.17103,864,1.00733,0,500,
5.17489,838,1.00769,0,500,
5.18141,870,1.00791,0,500,
5.1865,854,1.0081,0,500,
5.19143,867,1.00826,0,500,
5.19568,870,1.00841,0,500,
5.20015,834,1.00853,0,500,
5.20412,850,1.00863,0,500,
5.20964,848,1.00861,0,500,
5.21435,852,1.00854,0,500,
5.21911,867,1.00864,0,500,
5.22518,860,1.00868,0,500,
5.22948,837,1.00876,0,500,
5.23353,855,1.00875,0,500,
5.2377,863,1.00829,0,500,
5.24277,843,1.00822,0,500,
5.24748,855,1.00837,0,500,
5.2523,854,1.00845,0,500,
5.25678,860,1.0084,0,500,
5.26134,866,1.00814,0,500,
5.26522,861,1.00792,0,500,
5.26912,823,1.00772,0,500,
5.27284,842,1.00741,0,500,
5.27803,844,1.00762,0,500,
5.28212,853,1.00778,0,500,
5.28605,869,1.00799,0,500,
5.29037,861,1.00811,0,500,
5.29512,842,1.00828,0,500,
5.29894,873,1.00837,0,500,
5.30276,843,1.00872,0,500,
5.30783,855,1.00972,0,500,
5.31256,869,1.01022,0,500,
5.31673,871,1.01051,0,500,
5.32059,871,1.01078,0,500,
5.32529,846,1.01109,0,500,
5.32941,855,1.01124,0,500,
5.33385,855,1.01166,0,500,
5.33816,843,1.01222,0,500,
5.34321,862,1.01249,0,500,
5.34757,848,1.01272,0,500,
5.35141,854,1.01305,0,500,
5.3559,861,1.01347,0,500,
5.36057,864,1.01383,0,500,
5.36519,839,1.01388,0,500,
5.37013,853,1.01397,0,500,
5.3749,839,1.01399,0,500,
5.37993,866,1.01396,0,500,
5.38447,863,1.01394,0,500,
5.38906,849,1.01391,0,500,
5.39365,856,1.0139,0,500,
5.39803,861,1.01393,0,500,
5.40202,871,1.01408,0,500,
5.40658,851,1.01436,0,500,
5.41156,845,1.01449,0,500,
5.41693,870,1.01442,0,500,
5.42136,867,1.01459,0,500,
5.42595,869,1.0148,0,500,
5.42996,869,1.01497,0,500,
5.43416,868,1.01507,0,500,
5.43791,855,1.01521,0,500,
5.44303,865,1.01532,0,500,
5.44754,855,1.01542,0,500,
5.45158,863,1.01551,0,500,
5.4558,867,1.01558,0,500,
5.46019,869,1.01564,0,500,
5.464,825,1.01568,0,500,
5.46778,853,1.01573,0,500,
5.47177,844,1.01577,0,500,
5.47638,841,1.01586,0,500,
5.48078,844,1.01626,0,500,
5.48497,839,1.01687,0,500,
5.48897,843,1.01723,0,500,
5.49321,833,1.01721,0,500,
5.49745,852,1.01704,0,500,
5.5014,838,1.01689,0,500,
5.50595,869,1.01671,0,500,
5.51144,845,1.0164,0,500,
5.51574,863,1.01607,0,500,
5.52014,859,1.01574,0,500,
5.5245,831,1.01546,0,500,
5.52855,845,1.01522,0,500,
5.53282,858,1.01501,0,500,
5.53664,858,1.01477,0,500,
5.54065,822,1.01409,0,500,
5.54534,844,1.0134,0,500,
5.54934,873,1.0128,0,500,
5.55325,867,1.01251,0,500,
5.55725,859,1.01204,0,500,
5.56158,846,1.01164,0,500,
5.56581,870,1.01141,0,500,
5.56968,865,1.0111,0,500,
5.57377,853,1.01073,0,500,
5.57867,826,1.01052,0,500,
5.58283,856,1.01056,0,500,
5.58747,856,1.01101,0,500,
5.59268,842,1.01129,0,500,
5.59767,844,1.011,0,500,
5.60152,839,1.0114,0,500,
5.60533,842,1.01206,0,500,
5.60982,854,1.01262,0,500,
5.61494,854,1.01325,0,500,
5.61963,867,1.01392,0,500,
5.62481,855,1.01473,0,500,
5.62952,846,1.0154,0,500,
5.63419,852,1.01635,0,500,
5.63897,875,1.01695,0,500,
5.64434,867,1.01763,0,500,
5.64825,872,1.01836,0,500,
5.65215,870,1.0188,0,500,
5.65628,874,1.01942,0,500,
5.66047,862,1.02039,0,500,
5.66544,831,1.02138,0,500,
5.66952,860,1.02202,0,500,
5.67382,866,1.02304,0,500,
5.67817,846,1.02369,0,500,
5.68236,859,1.02485,0,500,
5.68726,863,1.02602,0,500,
5.69218,870,1.02707,0,500,
5.69633,874,1.02819,0,500,
5.70027,862,1.02888,0,500,
5.70425,862,1.0298,0,500,
5.70854,865,1.03033,0,500,
5.71306,863,1.0311,0,500,
5.71793,860,1.0318,0,500,
5.72263,843,1.03203,0,500,
5.72769,866,1.03201,0,500,
5.73162,871,1.03166,0,500,
5.73562,840,1.03129,0,500,
5.7396,857,1.03073,0,500,
5.74402,862,1.03025,0,500,
5.74897,873,1.02996,0,500,
5.75314,870,1.02971,0,500,
5.75727,839,1.02948,0,500,
5.76134,863,1.02927,0,500,
5.76535,848,1.02899,0,500,
5.76914,842,1.02891,0,500,
5.77352,858,1.02869,0,500,
5.77816,869,1.02856,0,500,
5.78236,860,1.02844,0,500,
5.78634,870,1.02833,0,500,
5.79066,871,1.02823,0,500,
5.79473,853,1.02794,0,500,
5.79869,870,1.02766,0,500,
5.80264,866,1.02729,0,500,
5.80688,870,1.02692,0,500,
5.81127,858,1.02674,0,500,
5.81529,867,1.02628,0,500,
5.81925,854,1.02599,0,500,
5.82326,853,1.02554,0,500,
5.8277,858,1.0252,0,500,
5.83169,858,1.02497,0,500,
5.83554,858,1.02477,0,500,
5.83967,859,1.02481,0,500,
5.84416,863,1.02484,0,500,
5.84805,844,1.02487,0,500,
5.85188,860,1.02489,0,500,
5.85568,850,1.02492,0,500,
5.86026,862,1.02483,0,500,
5.86406,869,1.02474,0,500,
5.86794,851,1.02472,0,500,
5.87169,855,1.02455,0,500,
5.87643,867,1.0243,0,500,
5.88059,843,1.02409,0,500,
5.88541,853,1.02363,0,500,
5.89066,855,1.02306,0,500,
5.89493,860,1.02298,0,500,
5.8987,851,1.02296,0,500,
5.90264,858,1.0231,0,500,
5.90706,869,1.02327,0,500,
5.91143,863,1.02342,0,500,
5.91601,874,1.0236,0,500,
5.92151,848,1.02377,0,500,
5.92614,850,1.02401,0,500,
5.93006,849,1.02443,0,500,
5.93415,869,1.02469,0,500,
5.93927,839,1.02502,0,500,
5.94427,839,1.02503,0,500,
5.94826,858,1.02482,0,500,
5.95235,863,1.02473,0,500,
5.95655,865,1.02442,0,500,
5.96085,871,1.02436,0,500,
5.96693,839,1.02449,0,500,
5.97208,874,1.02457,0,500,
5.97743,845,1.02464,0,500,
5.98193,866,1.02498,0,500,
5.98652,843,1.0251,0,500,
5.99155,871,1.0252,0,500,
5.99585,855,1.02507,0,500,
5.99967,880,1.02496,0,500,
6.00352,869,1.02482,0,500,
6.00787,874,1.02491,0,500,
6.01227,846,1.02504,0,500,
6.01605,865,1.02515,0,500,
6.01981,863,1.0253,0,500,
6.02396,871,1.02545,0,500,
6.02807,875,1.02572,0,500,
6.03284,858,1.02595,0,500,
6.03773,863,1.02626,0,500,
6.04271,875,1.02652,0,500,
6.04689,861,1.02665,0,500,
6.05118,858,1.02725,0,500,
6.05521,859,1.0277,0,500,
6.05954,841,1.0277,0,500,
6.06449,870,1.0277,0,500,
6.06939,856,1.02772,0,500,
6.07431,707,1.02772,0,0,
6.07886,0,0,0,0,
6.08262,0,0,0,0,
6.08652,0,0,0,0,
6.09107,0,0,0,0,
6.09536,0,0,0,0,
6.09944,0,0,0,0,
6.10334,0,0,0,0,
6.10793,0,0,0,0,
6.11216,0,0,0,0,
6.11627,0,0,0,0,
6.12041,0,0,0,0,
6.12503,0,0,0,0,
6.12963,0,0,0,0,
6.13352,0,0,0,0,
6.13959,0,0,0,0,
6.14417,0,0,0,0,
6.14872,0,0,0,0,
6.15298,0,0,0,0,
6.15776,0,0,0,0,
6.16161,0,0,0,0,
6.16543,0,0,0,0,
6.17079,0,0,0,0,
6.17604,0,0,0,0,
6.18017,0,0,0,0,
6.18506,0,0,0,0,
6.18886,0,0,0,0,
6.19265,0,0,0,0,
6.19634,0,0,0,0,
6.20026,0,0,0,0,
6.20398,0,0,0,0,
6.20885,0,0,0,0,
6.2131,0,0,0,0,
6.21716,0,0,0,0,
6.22075,0,0,0,0,
6.22549,0,0,0,0,
6.22933,0,0,0,0,
6.23295,0,0,0,0,
6.23678,0,0,0,0,
6.24128,0,0,0,0,
6.2455,0,0,0,0,
6.24915,0,0,0,0,
6.25315,0,0,0,0,
6.25705,0,0,0,0,
6.26103,0,0,0,0,
6.26469,0,0,0,0,
6.26834,0,0,0,0,
6.27215,0,0,0,0,
6.27719,0,0,0,0,
6.28162,0,0,0,0,
6.2855,0,0,0,0,
6.29019,0,0,0,0,
6.29398,0,0,0,0,
6.29798,0,0,0,0,
6.30161,0,0,0,0,
6.30602,0,0,0,0,
6.31037,0,0,0,0,
6.31433,0,0,0,0,
6.31815,0,0,0,0,
6.32254,0,0,0,0,
6.32697,0,0,0,0,
6.33245,0,0,0,0,
6.33654,0,0,0,0,
6.34167,0,0,0,0,
6.34634,0,0,0,0,
6.34997,0,0,0,0,
6.35483,0,0,0,0,
6.35907,0,0,0,0,
6.36299,0,0,0,0,
6.36669,0,0,0,0,
6.37066,0,0,0,0,
6.37541,0,0,0,0,
6.37961,0,0,0,0,
6.38377,0,0,0,0,
6.38739,0,0,0,0,
6.39178,0,0,0,0,
6.39556,0,0,0,0,
6.39933,0,0,0,0,
6.40304,0,0,0,0,
6.40763,0,0,0,0,
6.41151,0,0,0,0,
6.41548,0,0,0,0,
6.42001,0,0,0,0,
6.42442,0,0,0,0,
6.4282,0,0,0,0,
6.43352,0,0,0,0,
6.43726,0,0,0,0,
6.4418,0,0,0,0,
6.44641,0,0,0,0,
6.45081,0,0,0,0,
6.45497,0,0,0,0,
6.45901,0,0,0,0,
6.46326,0,0,0,0,
6.46687,0,0,0,0,
6.47083,0,0,0,0,
6.47531,0,0,0,0,
6.47945,0,0,0,0,
6.48327,0,0,0,0,
6.48729,0,0,0,0,
6.49169,0,0,0,0,
6.49557,0,0,0,0,
6.49954,0,0,0,0,
6.50346,0,0,0,0,
6.50804,0,0,0,0,
6.51209,0,0,0,0,
6.51618,0,0,0,0,
6.52157,0,0,0,0,
6.52579,0,0,0,0,
6.52972,0,0,0,0,
6.53361,0,0,0,0,
6.53847,0,0,0,0,
6.54292,0,0,0,0,
6.5472,0,0,0,0,
6.55221,0,0,0,0,
6.55693,0,0,0,0,
6.56094,0,0,0,0,
6.56495,0,0,0,0,
6.56876,0,0,0,0,
6.57323,0,0,0,0,
6.57799,0,0,0,0,
6.58261,0,0,0,0,
6.58653,0,0,0,0,
6.59094,0,0,0,0,
6.59493,0,0,0,0,
6.59895,0,0,0,0,
6.60272,0,0,0,0,
6.60745,0,0,0,0,
6.61206,0,0,0,0,
6.61655,0,0,0,0,
6.62078,0,0,0,0,
6.62483,0,0,0,0,
6.62882,0,0,0,0,
6.633,0,0,0,0,
6.63777,0,0,0,0,
6.64253,0,0,0,0,
6.64672,0,0,0,0,
6.65097,0,0,0,0,
6.65529,0,0,0,0,
6.6594,0,0,0,0,
6.66365,0,0,0,0,
6.66751,0,0,0,0,
6.672,0,0,0,0,
6.67646,0,0,0,0,
6.68054,0,0,0,0,
6.68447,0,0,0,0,
6.68858,0,0,0,0,
6.69299,0,0,0,0,
6.69692,0,0,0,0,
6.70083,0,0,0,0,
6.70512,0,0,0,0,
6.70946,0,0,0,0,
6.71418,0,0,0,0,
6.71795,0,0,0,0,
6.72222,0,0,0,0,
6.72647,0,0,0,0,
6.73039,0,0,0,0,
6.73436,0,0,0,0,
6.73866,0,0,0,0,
6.7434,0,0,0,0,
6.7476,0,0,0,0,
6.7522,0,0,0,0,
6.75703,0,0,0,0,
6.76085,0,0,0,0,
6.76473,0,0,0,0,
6.76855,0,0,0,0,
6.77298,0,0,0,0,
6.77692,0,0,0,0,
6.78086,0,0,0,0,
6.78455,0,0,0,0,
6.78887,0,0,0,0,
6.79295,0,0,0,0,
6.79672,0,0,0,0,
6.80046,0,0,0,0,
6.80454,0,0,0,0,
6.80879,0,0,0,0,
6.81266,0,0,0,0,
6.8164,0,0,0,0,
6.8203,0,0,0,0,
6.82436,0,0,0,0,
6.82836,0,0,0,0,
6.83223,0,0,0,0,
6.83593,0,0,0,0,
6.84045,0,0,0,0,
6.84482,0,0,0,0,
6.84903,0,0,0,0,
6.85306,0,0,0,0,
6.85735,0,0,0,0,
6.86136,0,0,0,0,
6.86547,0,0,0,0,
6.8692,0,0,0,0,
6.87388,0,0,0,0,
6.87783,0,0,0,0,
6.88184,0,0,0,0,
6.88574,0,0,0,0,
6.89033,0,0,0,0,
6.89523,0,0,0,0,
6.8992,0,0,0,0,
6.90324,0,0,0,0,
6.90768,0,0,0,0,
6.91185,0,0,0,0,
6.91565,0,0,0,0,
6.91978,0,0,0,0,
6.92393,0,0,0,0,
6.92799,0,0,0,0,
6.93174,0,0,0,0,
6.93566,0,0,0,0,
6.94031,0,0,0,0,
6.94493,0,0,0,0,
6.94955,0,0,0,0,
6.95393,0,0,0,0,
6.95876,0,0,0,0,
6.9632,0,0,0,0,
6.96718,0,0,0,0,
6.97174,0,0,0,0,
6.97625,0,0,0,0,
6.98074,0,0,0,0,
6.98473,0,0,0,0,
6.98907,0,0,0,0,
6.99383,0,0,0,0,
6.99837,0,0,0,0,
7.00236,0,0,0,0,
7.00735,0,0,0,0,
7.01185,0,0,0,0,
7.01618,0,0,0,0,
7.02071,0,0,0,0,
7.02503,0,0,0,0,
7.02884,0,0,0,0,
7.03294,0,0,0,0,
7.0387,0,0,0,0,
7.04349,0,0,0,0,
7.04848,0,0,0,0,
7.05322,0,0,0,0,
7.05769,0,0,0,0,
7.0623,0,0,0,0,
7.0665,0,0,0,0,
7.07089,0,0,0,0,
7.07539,0,0,0,0,
7.07961,0,0,0,0,
7.08469,0,0,0,0,
7.08953,0,0,0,0,
7.09355,0,0,0,0,
7.09767,0,0,0,0,
7.10155,0,0,0,0,
7.10633,0,0,0,0,
7.11039,0,0,0,0,
7.11823,0,0,0,0,
7.12319,0,0,0,0,
7.12746,0,0,0,0,
7.13222,0,0,0,0,
7.13641,0,0,0,0,
7.14119,0,0,0,0,
7.14573,0,0,0,0,
7.14997,0,0,0,0,
7.1545,0,0,0,0,
7.15924,0,0,0,0,
7.16408,0,0,0,0,
7.16938,0,0,0,0,
7.17431,0,0,0,0,
7.17968,0,0,0,0,
7.18464,0,0,0,0,
7.1895,0,0,0,0,
7.19441,0,0,0,0,
7.19837,0,0,0,0,
7.20246,0,0,0,0,
7.20713,0,0,0,0,
7.2116,0,0,0,0,
7.21553,0,0,0,0,
7.2201,0,0,0,0,
7.2247,0,0,0,0,
7.22959,0,0,0,0,
7.2335,0,0,0,0,
7.23811,0,0,0,0,
7.24263,0,0,0,0,
7.24698,0,0,0,0,
7.25122,0,0,0,0,
7.2565,0,0,0,0,
7.26145,0,0,0,0,
7.26564,0,0,0,0,
7.26968,0,0,0,0,
7.27419,0,0,0,0,
7.27837,0,0,0,0,
7.28248,0,0,0,0,
7.2865,0,0,0,0,
7.29122,0,0,0,0,
7.29552,0,0,0,0,
7.29956,0,0,0,0,
7.30393,0,0,0,0,
7.3087,0,0,0,0,
7.31336,0,0,0,0,
7.31745,0,0,0,0,
7.32184,0,0,0,0,
7.32604,0,0,0,0,
7.32997,0,0,0,0,
7.33394,0,0,0,0,
7.33845,0,0,0,0,
7.34262,0,0,0,0,
7.34723,0,0,0,0,
7.35178,0,0,0,0,
7.35621,0,0,0,0,
7.36023,0,0,0,0,
7.3642,0,0,0,0,
7.3683,0,0,0,0,
7.37279,0,0,0,0,
7.37741,0,0,0,0,
7.38146,0,0,0,0,
7.38573,0,0,0,0,
7.3898,0,0,0,0,
7.39396,0,0,0,0,
7.39777,0,0,0,0,
7.4019,0,0,0,0,
7.40633,0,0,0,0,
7.41046,0,0,0,0,
7.4142,0,0,0,0,
7.41818,0,0,0,0,
7.42297,0,0,0,0,
7.42741,0,0,0,0,
7.43224,0,0,0,0,
7.43724,0,0,0,0,
7.44188,0,0,0,0,
7.44592,0,0,0,0,
7.45077,0,0,0,0,
7.45577,0,0,0,0,
7.45976,0,0,0,0,
7.46356,0,0,0,0,
7.46774,0,0,0,0,
7.47239,0,0,0,0,
7.47652,0,0,0,0,
7.48122,0,0,0,0,
7.48604,0,0,0,0,
7.4907,0,0,0,0,
7.49567,0,0,0,0,
7.5001,0,0,0,0,
7.50484,0,0,0,0,
7.50895,0,0,0,0,
7.51321,0,0,0,0,
7.51763,0,0,0,0,
7.52235,0,0,0,0,
7.52624,0,0,0,0,
7.53126,0,0,0,0,
7.53625,0,0,0,0,
7.54121,0,0,0,0,
7.54553,0,0,0,0,
7.54949,0,0,0,0,
7.55385,0,0,0,0,
7.55806,0,0,0,0,
7.56259,0,0,0,0,
7.5666,0,0,0,0,
7.57133,0,0,0,0,
7.57561,0,0,0,0,
7.57994,0,0,0,0,
7.58503,0,0,0,0,
7.58923,0,0,0,0,
7.59341,0,0,0,0,
7.59721,0,0,0,0,
7.60138,0,0,0,0,
7.60595,0,0,0,0,
7.61027,0,0,0,0,
7.61517,0,0,0,0,
7.62013,0,0,0,0,
7.6244,0,0,0,0,
7.62821,0,0,0,0,
7.6322,0,0,0,0,
7.63656,0,0,0,0,
7.64184,0,0,0,0,
7.64646,0,0,0,0,
7.6506,0,0,0,0,
7.65574,0,0,0,0,
7.65994,0,0,0,0,
7.66421,0,0,0,0,
7.66852,0,0,0,0,
7.67329,0,0,0,0,
7.67743,0,0,0,0,
7.6815,0,0,0,0,
7.68571,0,0,0,0,
7.69135,0,0,0,0,
7.6958,0,0,0,0,
7.69958,0,0,0,0,
7.70449,0,0,0,0,
7.70888,0,0,0,0,
7.71341,0,0,0,0,
7.71853,0,0,0,0,
7.72327,0,0,0,0,
7.72699,0,0,0,0,
7.73094,0,0,0,0,
7.73526,0,0,0,0,
7.73982,0,0,0,0,
7.74422,0,0,0,0,
7.74824,0,0,0,0,
7.75262,0,0,0,0,
7.75713,0,0,0,0,
7.76112,0,0,0,0,
7.76524,0,0,0,0,
7.76955,0,0,0,0,
7.77421,0,0,0,0,
7.77822,0,0,0,0,
7.78221,0,0,0,0,
7.78651,0,0,0,0,
7.79044,0,0,0,0,
7.79453,0,0,0,0,
7.79832,0,0,0,0,
7.80284,0,0,0,0,
7.8069,0,0,0,0,
7.81111,0,0,0,0,
7.81526,0,0,0,0,
7.81947,0,0,0,0,
7.82362,0,0,0,0,
7.82761,0,0,0,0,
7.83157,0,0,0,0,
7.83608,0,0,0,0,
7.84057,0,0,0,0,
7.84496,0,0,0,0,
7.84973,0,0,0,0,
7.85471,0,0,0,0,
7.85894,0,0,0,0,
7.86273,0,0,0,0,
7.86695,0,0,0,0,
7.87179,0,0,0,0,
7.87647,0,0,0,0,
7.8805,0,0,0,0,
7.88461,0,0,0,0,
7.88902,0,0,0,0,
7.89304,0,0,0,0,
7.89687,0,0,0,0,
7.90107,0,0,0,0,
7.90577,0,0,0,0,
7.91025,0,0,0,0,
7.91447,0,0,0,0,
7.91875,0,0,0,0,
7.92306,0,0,0,0,
7.92698,0,0,0,0,
7.93099,0,0,0,0,
7.93545,0,0,0,0,
7.93992,0,0,0,0,
7.94477,0,0,0,0,
7.94871,0,0,0,0,
7.95306,0,0,0,0,
7.95723,0,0,0,0,
7.96102,0,0,0,0,
7.96543,0,0,0,0,
7.97059,0,0,0,0,
