time [s],current,servo1.encoder.angularVelocity,servo1.velocitySetpoint,
3e-07,7066,6.30756e+06,0,
0.01,7074,6.39302e+06,0,
0.02,6816,6.4349e+06,0,
0.03,6943,6.56095e+06,0,
0.04,6928,6.62272e+06,0,
0.0500001,7070,6.68465e+06,0,
0.06,6850,6.60946e+06,0,
0.0700001,6895,6.64649e+06,0,
0.08,7138,6.84394e+06,0,
0.0900001,6935,6.86692e+06,0,
0.1,6985,6.87814e+06,0,
0.11,7016,6.77814e+06,0,
0.12,7106,6.90846e+06,0,
0.13,7090,6.86681e+06,0,
0.14,7171,6.77259e+06,0,
0.15,7200,6.8319e+06,0,
0.16,7308,6.68165e+06,0,
0.17,7280,6.57634e+06,0,
0.18,7079,6.63026e+06,0,
0.19,7082,6.47727e+06,0,
0.2,7203,6.47624e+06,0,
0.21,7058,6.47569e+06,0,
0.22,7095,6.40159e+06,0,
0.23,7163,6.47076e+06,0,
0.24,6956,6.50465e+06,0,
0.25,7000,6.41576e+06,0,
0.26,6980,6.48518e+06,0,
0.27,6890,6.64979e+06,0,
0.28,6969,6.66621e+06,0,
0.29,7013,6.70594e+06,0,
0.3,7018,6.79924e+06,0,
0.31,6801,6.73948e+06,0,
0.32,6931,6.78403e+06,0,
0.33,6993,6.91138e+06,0,
0.34,7139,6.9738e+06,0,
0.35,7171,6.89885e+06,0,
0.36,7276,6.91359e+06,0,
0.37,7170,6.84413e+06,0,
0.38,7404,6.86702e+06,0,
0.39,7227,6.77265e+06,0,
0.4,7203,6.72645e+06,0,
0.41,7179,6.70381e+06,0,
0.42,7396,6.61885e+06,0,
0.430023,7074,6.57721e+06,0,
0.44,7138,6.55685e+06,0,
0.45,7224,6.51519e+06,0,
0.46,6988,6.52642e+06,0,
0.47,6994,6.53192e+06,0,
0.48,6976,6.42912e+06,0,
0.49,7063,6.52648e+06,0,
0.5,6862,6.63749e+06,0,
0.51,6988,6.66016e+06,0,
0.52,6977,6.67133e+06,0,
0.53,6780,6.85616e+06,0,
0.54,6931,6.76737e+06,0,
0.55,6845,6.90318e+06,0,
0.56,7046,6.86429e+06,0,
0.57,7127,6.84519e+06,0,
0.58,6952,6.94137e+06,0,
0.59,7025,6.98844e+06,0,
0.6,7073,7.01154e+06,0,
0.61,7304,6.84345e+06,0,
0.62,7102,6.72948e+06,0,
0.63,7090,6.88466e+06,0,
0.64,7126,6.60198e+06,0,
0.65,7232,6.71666e+06,0,
0.66,7094,6.62514e+06,0,
0.67,7111,6.5487e+06,0,
0.68,7148,6.5112e+06,0,
0.69,6922,6.62994e+06,0,
0.7,7055,6.47715e+06,0,
0.71,7009,6.47618e+06,0,
0.72,7110,6.58114e+06,0,
0.73,6866,6.52714e+06,0,
0.74,6994,6.67998e+06,0,
0.75,7001,6.68104e+06,0,
0.76,6908,6.78704e+06,0,
0.77,6952,6.80734e+06,0,
0.78,7025,6.81728e+06,0,
0.79,6964,6.9277e+06,0,
0.8,7142,6.98174e+06,0,
0.81,7122,6.90278e+06,0,
0.82,7021,6.96953e+06,0,
0.83,7103,6.92846e+06,0,
0.84,7263,6.98211e+06,0,
0.85,7243,6.90296e+06,0,
0.86,7128,6.79026e+06,0,
0.87,7223,6.84062e+06,0,
0.88,7263,6.68588e+06,0,
0.89,7284,6.68394e+06,0,
0.9,7073,6.60911e+06,0,
0.91,7219,6.64626e+06,0,
0.92,7025,6.59068e+06,0,
0.93,7095,6.53175e+06,0,
0.94,6988,6.50287e+06,0,
0.95,7077,6.59426e+06,0,
0.96,7041,6.53356e+06,0,
0.97,6841,6.68313e+06,0,
0.98,7070,6.68259e+06,0,
0.99,6916,6.78782e+06,0,
1,6809,6.80772e+06,0,
1.01,6916,6.92295e+06,0,
1.02,6935,6.87398e+06,0,
1.03,7005,6.95541e+06,0,
1.04,7081,6.99536e+06,0,
1.05,7042,7.01495e+06,0,
1.06,7033,7.02449e+06,0,
1.07,7171,6.95539e+06,0,
1.08,7328,6.92149e+06,0,
1.09,7352,6.87322e+06,0,
1.1,7217,6.77573e+06,0,
1.11,7109,6.72796e+06,0,
1.12,7130,6.59904e+06,0,
1.13,7194,6.60974e+06,0,
1.14,7026,6.64656e+06,0,
1.15,7206,6.55919e+06,0,
1.16,7155,6.51634e+06,0,
1.17,6923,6.60086e+06,0,
1.18,7021,6.5684e+06,0,
1.19,6989,6.62637e+06,0,
1.2,6993,6.54924e+06,0,
1.21,6940,6.79635e+06,0,
1.22,6914,6.73801e+06,0,
1.23,6923,6.81501e+06,0,
1.24,6944,6.85271e+06,0,
1.25,6911,6.94505e+06,0,
1.26,6969,6.99024e+06,0,
1.27,7016,7.01243e+06,0,
1.28,7017,7.02326e+06,0,
1.29,7122,7.0286e+06,0,
1.3,7170,7.03124e+06,0,
1.31,7050,6.927e+06,0,
1.32,7212,6.90756e+06,0,
1.33,7199,6.79256e+06,0,
1.34,7220,6.81004e+06,0,
1.35,7109,6.6393e+06,0,
1.36,7155,6.62941e+06,0,
1.37,7212,6.65626e+06,0,
1.38,7094,6.56388e+06,0,
1.39,7151,6.62416e+06,0,
1.4,7095,6.57981e+06,0,
1.41,6980,6.52648e+06,0,
1.42,6911,6.60579e+06,0,
1.43,6993,6.64469e+06,0,
1.44,7034,6.76923e+06,0,
1.45,6927,6.72478e+06,0,
1.46,6861,6.88237e+06,0,
1.47,7128,6.88569e+06,0,
1.48,7041,6.85568e+06,0,
1.49,7002,6.94649e+06,0,
1.5,6932,6.99101e+06,0,
1.51,7058,7.01276e+06,0,
1.52,7002,7.02346e+06,0,
1.53,7203,7.02872e+06,0,
1.54,7130,7.03124e+06,0,
1.55,7151,6.92704e+06,0,
1.56,7055,6.87594e+06,0,
1.57,7268,6.777e+06,0,
1.58,7191,6.69692e+06,0,
1.59,7142,6.68935e+06,0,
1.6,7139,6.65399e+06,0,
1.61,7155,6.69991e+06,0,
1.62,7248,6.61698e+06,0,
1.63,6914,6.54464e+06,0,
1.64,7260,6.61472e+06,0,
1.65,6961,6.64901e+06,0,
1.66,6809,6.69751e+06,0,
1.67,7025,6.76347e+06,0,
1.68,6939,6.82749e+06,0,
1.69,7000,6.80579e+06,0,
1.7,7008,6.87415e+06,0,
1.71,6878,6.95556e+06,0,
1.72,7009,6.99539e+06,0,
1.73,6965,7.01495e+06,0,
1.74,7170,7.09837e+06,0,
1.75,7091,7.06541e+06,0,
1.76,7159,7.04928e+06,0,
1.77,7164,6.9675e+06,0,
1.78,7223,7.00124e+06,0,
1.79,7142,6.91234e+06,0,
1.8,7219,6.90038e+06,0,
1.81,7183,6.8207e+06,0,
1.82,7252,6.7816e+06,0,
1.83,7236,6.76248e+06,0,
1.84,7094,6.54212e+06,0,
1.85,7135,6.58185e+06,0,
1.86,7081,6.6329e+06,0,
1.87,7175,6.5525e+06,0,
1.88,6891,6.61852e+06,0,
1.89,7058,6.65093e+06,0,
1.9,6964,6.77228e+06,0,
1.91,6838,6.72627e+06,0,
1.92,6928,6.77754e+06,0,
1.93,6849,6.9082e+06,0,
1.94,6972,6.86669e+06,0,
1.95,7200,6.9519e+06,0,
1.96,6956,7.09914e+06,0,
1.97,7188,7.06579e+06,0,
1.98,6928,7.04946e+06,0,
1.99,7182,7.0414e+06,0,
2,7203,6.93198e+06,0,
2.01,7147,6.98388e+06,0,
2.02,7063,7.00933e+06,0,
2.03,7284,6.84238e+06,0,
2.04,7240,6.76062e+06,0,
2.05,7336,6.79439e+06,0,
2.06,7160,6.66327e+06,0,
2.07,7268,6.6728e+06,0,
2.08,7130,6.70917e+06,0,
2.09,6935,6.51598e+06,0,
2.1,6933,6.67452e+06,0,
2.11,6994,6.60447e+06,0,
2.12,7094,6.71792e+06,0,
2.13,6866,6.69957e+06,0,
2.14,6943,6.79618e+06,0,
2.15,7038,6.81182e+06,0,
2.16,7018,6.92502e+06,0,
2.17,6904,6.90661e+06,0,
2.18,6890,6.9714e+06,0,
2.19,6944,7.0032e+06,0,
2.2,7081,7.09261e+06,0,
2.21,7110,7.06259e+06,0,
2.22,7324,7.04789e+06,0,
2.23,7021,7.04064e+06,0,
2.24,7227,6.93164e+06,0,
2.25,7336,6.98367e+06,0,
2.26,7401,6.82985e+06,0,
2.27,7099,6.82832e+06,0,
2.28,7255,6.64825e+06,0,
2.29,7115,6.73933e+06,0,
2.3,7313,6.60461e+06,0,
2.31,7079,6.61247e+06,0,
2.32,7066,6.64792e+06,0,
2.33,7033,6.66533e+06,0,
2.34,6976,6.70551e+06,0,
2.35,6969,6.69355e+06,0,
2.36,6907,6.68764e+06,0,
2.37,6977,6.86415e+06,0,
2.38,6977,6.84512e+06,0,
2.39,6961,6.94132e+06,0,
2.4,6904,6.91458e+06,0,
2.41,6988,7.04919e+06,0,
2.42,7061,7.04131e+06,0,
2.43,7146,7.11128e+06,0,
2.44,6952,7.07174e+06,0,
2.45,7067,7.05238e+06,0,
2.46,7106,7.04283e+06,0,
2.47,7243,7.0382e+06,0,
2.48,7328,7.03594e+06,0,
2.49,7388,6.8554e+06,0,
2.5,7102,6.767e+06,0,
2.51,7276,6.90306e+06,0,
2.52,7195,6.82195e+06,0,
2.53,7111,6.78226e+06,0,
2.54,7054,6.73116e+06,0,
2.55,7046,6.73778e+06,0,
2.56,7123,6.70931e+06,0,
2.57,7146,6.72706e+06,0,
2.58,6940,6.67245e+06,0,
2.59,6968,6.75119e+06,0,
2.6,7000,6.82141e+06,0,
2.61,6878,6.9297e+06,0,
2.62,6850,6.98276e+06,0,
2.63,6867,7.00872e+06,0,
2.64,6904,7.02148e+06,0,
2.65,7139,7.02775e+06,0,
2.66,7094,7.10466e+06,0,
2.67,7267,7.14233e+06,0,
2.68,7087,7.08695e+06,0,
2.69,7174,7.16531e+06,0,
2.7,7287,6.99269e+06,0,
2.71,7488,7.01364e+06,0,
2.72,7244,6.91837e+06,0,
2.73,7223,6.90334e+06,0,
2.74,7219,6.86432e+06,0,
2.75,7175,6.77137e+06,0,
2.76,7252,6.8313e+06,0,
2.77,7146,6.78684e+06,0,
2.78,7118,6.76505e+06,0,
2.79,7126,6.72273e+06,0,
2.8,7037,6.70193e+06,0,
2.81,6955,6.76568e+06,0,
2.82,6899,6.82851e+06,0,
2.83,6994,6.82766e+06,0,
2.84,7148,6.93278e+06,0,
2.85,7012,6.91041e+06,0,
2.86,7018,7.04714e+06,0,
2.87,6919,7.04033e+06,0,
2.88,7211,7.1108e+06,0,
2.89,7128,7.07146e+06,0,
2.9,7256,7.12612e+06,0,
2.91,6948,7.1845e+06,0,
2.92,7013,7.10763e+06,0,
2.93,7155,7.06991e+06,0,
2.94,7160,6.94598e+06,0,
2.95,7260,6.88516e+06,0,
2.96,7260,6.85546e+06,0,
2.97,7074,6.87251e+06,0,
2.98,7273,6.77538e+06,0,
2.99,7159,6.72773e+06,0,
3,7001,6.77832e+06,0,
3.01,7049,6.72917e+06,0,
3.02,7012,6.81068e+06,0,
3.03,7070,6.74503e+06,0,
3.04,6907,6.81846e+06,0,
3.05,6927,6.85437e+06,0,
3.06,6886,6.94587e+06,0,
3.07,7070,6.99064e+06,0,
3.08,6948,7.01262e+06,0,
3.09,6997,7.02341e+06,0,
3.1,6796,7.02864e+06,0,
3.11,7070,7.10508e+06,0,
3.12,7009,7.14259e+06,0,
3.13,7098,7.08704e+06,0,
3.14,7304,7.16533e+06,0,
3.15,7207,6.99274e+06,0,
3.16,7063,7.01361e+06,0,
3.17,7094,6.9184e+06,0,
3.18,7328,6.90337e+06,0,
3.19,7128,6.7588e+06,0,
3.2,6981,6.688e+06,0,
3.21,7082,6.75881e+06,0,
3.22,7098,6.71967e+06,0,
3.23,7142,6.70049e+06,0,
3.24,7000,6.69109e+06,0,
3.25,7102,6.68643e+06,0,
3.26,7000,6.6842e+06,0,
3.27,6960,6.78859e+06,0,
3.28,6849,6.91362e+06,0,
3.29,7008,6.901e+06,0,
3.3,6853,6.89488e+06,0,
3.31,7054,7.0712e+06,0,
3.32,6964,7.05205e+06,0,
3.33,6997,7.04273e+06,0,
3.34,6968,7.0381e+06,0,
3.35,6984,7.03588e+06,0,
3.36,7179,7.10868e+06,0,
3.37,7203,7.14432e+06,0,
3.38,7055,7.08788e+06,0,
3.39,7005,7.06027e+06,0,
3.4,7054,6.94122e+06,0,
3.41,7122,6.91459e+06,0,
3.42,7128,6.86978e+06,0,
3.43,7206,6.87958e+06,0,
3.44,7045,6.81045e+06,0,
3.45,7219,6.74497e+06,0,
3.46,7122,6.71289e+06,0,
3.47,6933,6.66553e+06,0,
3.48,7050,6.67396e+06,0,
3.49,6920,6.75193e+06,0,
3.5,7764,6.79013e+06,0,
3.51,7724,6.91439e+06,0,
3.52,7643,6.97522e+06,0,
3.53,7594,7.00506e+06,0,
3.54,7665,7.12519e+06,0,
3.55,7725,7.15238e+06,0,
3.56,7897,7.30289e+06,0,
3.57,7908,7.37666e+06,0,
3.58,7776,7.20173e+06,0,
3.59,7827,7.36926e+06,0,
3.6,7890,7.27198e+06,0,
3.61,7967,7.25602e+06,0,
3.62,7935,7.21651e+06,0,
3.63,8037,7.19715e+06,0,
3.64,8006,7.18765e+06,0,
3.65,8022,7.10917e+06,0,
3.66,7940,7.07066e+06,0,
3.67,7846,7.05183e+06,0,
3.68,7740,7.04262e+06,0,
3.69,7933,7.14359e+06,0,
3.7,7909,7.19306e+06,0,
3.71,7741,7.21731e+06,0,
3.72,7673,7.19752e+06,0,
3.73,7606,7.32501e+06,0,
3.74,7615,7.35578e+06,0,
3.75,7594,7.47645e+06,0,
3.76,7662,7.53554e+06,0,
3.77,7629,7.53283e+06,0,
3.78,7779,7.60534e+06,0,
3.79,7792,7.56701e+06,0,
3.8,7651,7.62213e+06,0,
3.81,7822,7.64914e+06,0,
3.82,7893,7.69397e+06,0,
3.83,7854,7.716e+06,0,
3.84,7862,7.65292e+06,0,
3.85,7822,7.65652e+06,0,
3.86,7975,7.46972e+06,0,
3.87,7893,7.50058e+06,0,
3.88,7873,7.54736e+06,0,
3.89,7858,7.46475e+06,0,
3.9,7877,7.52978e+06,0,
3.91,7800,7.45618e+06,0,
3.92,7776,7.49394e+06,0,
3.93,7678,7.61793e+06,0,
3.94,7811,7.67872e+06,0,
3.95,7701,7.70853e+06,0,
3.96,7756,7.79697e+06,0,
3.97,7685,7.94578e+06,0,
3.98,7752,7.94486e+06,0,
3.99,7753,8.01829e+06,0,
4,7714,8.08587e+06,0,
4.01,7948,8.08732e+06,0,
4.02,7769,8.01426e+06,0,
4.03,7867,7.94678e+06,0,
4.04,7819,8.01919e+06,0,
4.05,7870,7.8753e+06,0,
4.06,8034,7.91031e+06,0,
4.07,7753,7.82199e+06,0,
4.08,7948,7.88421e+06,0,
4.09,7714,7.80922e+06,0,
4.1,7976,7.77241e+06,0,
4.11,7708,7.75444e+06,0,
4.12,7638,7.92492e+06,0,
4.13,7752,8.04016e+06,0,
4.14,7736,7.88558e+06,0,
4.15,7720,8.06307e+06,0,
4.16,7755,8.18169e+06,0,
4.17,7828,8.13434e+06,0,
4.18,7753,8.29045e+06,0,
4.19,7775,8.36694e+06,0,
4.2,7921,8.33059e+06,0,
4.21,7882,8.31277e+06,0,
4.22,7929,8.27238e+06,0,
4.23,7820,8.28425e+06,0,
4.24,7980,8.25841e+06,0,
4.25,7959,8.17193e+06,0,
4.26,7843,8.23505e+06,0,
4.27,7867,8.16042e+06,0,
4.28,7692,8.12391e+06,0,
4.29,7877,8.07432e+06,0,
4.3,7788,8.08167e+06,0,
4.31,7831,8.1592e+06,0,
4.32,7776,8.22875e+06,0,
4.33,7741,8.23127e+06,0,
4.34,7678,8.33794e+06,0,
4.35,7811,8.39021e+06,0,
4.36,7831,8.52134e+06,0,
4.37,7858,8.58562e+06,0,
4.38,7748,8.61711e+06,0,
4.39,7842,8.527e+06,0,
4.4,7755,8.58839e+06,0,
4.41,7858,8.58681e+06,0,
4.42,7980,8.61769e+06,0,
4.43,7976,8.52729e+06,0,
4.44,8025,8.58851e+06,0,
4.45,7901,8.43916e+06,0,
4.46,7883,8.43985e+06,0,
4.47,7987,8.47181e+06,0,
4.48,7862,8.38197e+06,0,
4.49,7741,8.41179e+06,0,
4.5,7642,8.42644e+06,0,
4.51,7724,8.50745e+06,0,
4.52,7831,8.54717e+06,0,
4.53,7686,8.59827e+06,0,
4.54,7729,8.69714e+06,0,
4.55,7733,8.74559e+06,0,
4.56,7908,8.87485e+06,0,
4.57,7744,8.86431e+06,0,
4.58,7959,8.82755e+06,0,
4.59,8088,8.91501e+06,0,
4.6,7792,8.74681e+06,0,
4.61,7874,8.76997e+06,0,
4.62,8234,8.78128e+06,0,
4.63,7873,8.60751e+06,0,
4.64,7952,8.70167e+06,0,
4.65,7787,8.64233e+06,0,
4.66,7819,8.61326e+06,0,
4.67,7886,8.73613e+06,0,
4.68,7737,8.69086e+06,0,
4.69,7643,8.63702e+06,0,
4.7,7897,8.89549e+06,0,
4.71,7643,8.87442e+06,0,
4.72,7627,8.80084e+06,0,
4.73,7710,8.94412e+06,0,
4.74,7846,9.04596e+06,0,
4.75,7846,9.09593e+06,0,
4.76,7851,9.12035e+06,0,
4.77,7893,9.0585e+06,0,
4.78,7929,9.02814e+06,0,
4.79,7819,8.87618e+06,0,
4.8,8088,9.01268e+06,0,
4.81,7823,8.93191e+06,0,
4.82,7839,8.82897e+06,0,
4.83,8158,8.88406e+06,0,
4.84,7796,8.83718e+06,0,
4.85,7638,8.91973e+06,0,
4.86,7803,8.9602e+06,0,
4.87,7724,8.97997e+06,0,
4.88,7772,9.06357e+06,0,
4.89,7702,9.1045e+06,0,
4.9,7783,9.12455e+06,0,
4.91,7760,9.16602e+06,0,
4.92,7820,9.22857e+06,0,
4.93,7828,9.18535e+06,0,
4.94,8014,9.31192e+06,0,
4.95,7933,9.22619e+06,0,
4.96,7839,9.18418e+06,0,
4.97,8068,9.16364e+06,0,
4.98,7979,9.15353e+06,0,
4.99,7948,9.14858e+06,0,
5,8010,9.04065e+06,0,
5.01,7823,8.98779e+06,0,
5.02,7807,9.0357e+06,0,
5.03,7642,9.09084e+06,0,
5.04,7733,9.08626e+06,0,
5.05,7740,9.26332e+06,0,
5.06,7638,9.30792e+06,0,
5.07,7665,9.29806e+06,0,
5.08,7761,9.39881e+06,0,
5.09,7661,9.47978e+06,0,
5.1,7843,9.4878e+06,0,
5.11,7800,9.52338e+06,0,
5.12,7814,9.43534e+06,0,
5.13,7839,9.36054e+06,0,
5.14,7984,9.42939e+06,0,
5.15,7998,9.28375e+06,0,
5.16,7792,9.21242e+06,0,
5.17,7972,9.25127e+06,0,
5.18,7783,9.27035e+06,0,
5.19,7920,9.20582e+06,0,
5.2,7733,9.27972e+06,0,
5.21,7733,9.28428e+06,0,
5.22,7775,9.39202e+06,0,
5.23,7623,9.47645e+06,0,
5.24,7834,9.48622e+06,0,
5.25,7725,9.49097e+06,0,
5.26,7867,9.67265e+06,0,
5.27,7858,9.5823e+06,0,
5.28,7885,9.53803e+06,0,
5.29,8079,9.59023e+06,0,
5.3,7976,9.43644e+06,0,
5.31,7941,9.43491e+06,0,
5.32,7792,9.49747e+06,0,
5.33,7904,9.39098e+06,0,
5.34,7851,9.44428e+06,0,
5.35,7878,9.39658e+06,0,
5.36,7776,9.44703e+06,0,
5.37,7800,9.50341e+06,0,
5.38,7708,9.42556e+06,0,
5.39,7646,9.56676e+06,0,
5.4,7769,9.60425e+06,0,
5.41,7838,9.65432e+06,0,
5.42,7710,9.64722e+06,0,
5.43,7820,9.64367e+06,0,
5.44,8042,9.74752e+06,0,
5.45,7826,9.79836e+06,0,
5.46,7925,9.64392e+06,0,
5.47,7885,9.64212e+06,0,
5.48,8037,9.67284e+06,0,
5.49,7904,9.58245e+06,0,
5.5,8022,9.56976e+06,0,
5.51,7755,9.53189e+06,0,
5.52,7886,9.54499e+06,0,
5.53,7796,9.59364e+06,0,
5.54,7792,9.54359e+06,0,
5.55,7654,9.6246e+06,0,
5.56,7768,9.73813e+06,0,
5.57,7776,9.79376e+06,0,
5.58,7717,9.82102e+06,0,
5.59,7752,9.83437e+06,0,
5.6,7861,9.84098e+06,0,
5.61,7991,9.84416e+06,0,
5.62,7866,9.84571e+06,0,
5.63,8006,9.84647e+06,0,
5.64,7909,9.74137e+06,0,
5.65,7941,9.72153e+06,0,
5.66,7890,9.60627e+06,0,
5.67,7929,9.72915e+06,0,
5.68,7811,9.60998e+06,0,
5.69,7741,9.73097e+06,0,
5.7,7845,9.71642e+06,0,
5.71,7756,9.70928e+06,0,
5.72,7692,9.77962e+06,0,
5.73,7760,9.88792e+06,0,
5.74,7678,9.94104e+06,0,
5.75,7741,9.96702e+06,0,
5.76,8022,9.97979e+06,0,
5.77,7905,9.91217e+06,0,
5.78,7874,9.8791e+06,0,
5.79,7913,9.93667e+06,0,
5.8,7990,9.92268e+06,0,
5.81,7796,9.81036e+06,0,
5.82,7932,9.82915e+06,0,
5.83,8065,9.83836e+06,0,
5.84,7792,9.84287e+06,0,
5.85,7839,9.84508e+06,0,
5.86,7729,9.77233e+06,0,
5.87,7721,9.88439e+06,0,
5.88,7633,9.86543e+06,0,
5.89,7909,9.96161e+06,0,
5.9,7701,1.00827e+07,0,
5.91,7804,1.00364e+07,0,
5.92,7843,1.01193e+07,0,
5.93,8034,1.00861e+07,0,
5.94,7831,1.00381e+07,0,
5.95,7862,9.94076e+06,0,
5.96,8003,9.89305e+06,0,
5.97,8111,9.94348e+06,0,
5.98,7858,9.89442e+06,0,
5.99,7941,9.87034e+06,0,
6,7768,9.85854e+06,0,
6.01,7882,9.9583e+06,0,
6.02,7681,1.00071e+07,0,
6.03,7733,9.92556e+06,0,
6.04,7799,1.0065e+07,0,
6.05,7741,1.01333e+07,0,
6.06,7678,1.01984e+07,0,
6.07,7846,1.01987e+07,0,
6.08,7815,1.02304e+07,0,
6.09,7878,1.02144e+07,0,
6.1,8017,1.02381e+07,0,
6.11,7967,1.01443e+07,0,
6.12,7885,1.00666e+07,0,
6.13,8057,9.95472e+06,0,
6.14,7846,1.00054e+07,0,
6.15,7792,9.99861e+06,0,
6.16,7885,9.99523e+06,0,
6.17,7811,9.99361e+06,0,
6.18,7717,1.013e+07,0,
6.19,7807,1.01651e+07,0,
6.2,7768,1.0214e+07,0,
6.21,7690,1.02063e+07,0,
6.22,7772,1.02764e+07,0,
6.23,7783,1.03424e+07,0,
6.24,7924,1.02692e+07,0,
6.25,8056,1.03072e+07,0,
6.26,7980,1.01465e+07,0,
6.27,7885,1.01416e+07,0,
6.28,7865,1.01392e+07,0,
6.29,7897,1.02013e+07,0,
6.3,7890,1.01262e+07,0,
6.31,7940,1.00578e+07,0,
6.32,7784,1.01297e+07,0,
6.33,7733,1.0165e+07,0,
6.34,7755,1.02139e+07,0,
6.35,7709,1.02063e+07,0,
6.36,7665,1.03819e+07,0,
6.37,7748,1.03941e+07,0,
6.38,7733,1.04001e+07,0,
6.39,7854,1.03713e+07,0,
6.4,7776,1.03573e+07,0,
6.41,7854,1.03503e+07,0,
6.42,7976,1.02731e+07,0,
6.43,7967,1.03408e+07,0,
6.44,7838,1.01945e+07,0,
6.45,7998,1.03023e+07,0,
6.46,7717,1.01757e+07,0,
6.47,7893,1.0293e+07,0,
6.48,7783,1.01712e+07,0,
6.49,7745,1.02592e+07,0,
6.5,7736,1.04078e+07,0,
6.51,7733,1.04068e+07,0,
6.52,7657,1.04063e+07,0,
6.53,7819,1.04799e+07,0,
6.54,7807,1.0516e+07,0,
6.55,7800,-4.42758e+08,0,
6.56,7908,-2.11708e+08,0,
6.57,8076,-9.83566e+07,0,
6.58,7834,-4.28879e+07,0,
6.59,7913,-1.58137e+07,0,
6.6,7765,-2.44182e+06,0,
6.61,7851,4.00498e+06,0,
6.62,7826,7.13224e+06,0,
6.63,7792,8.8756e+06,0,
6.64,7681,9.65596e+06,0,
6.65,7740,1.00384e+07,0,
6.66,7761,1.02996e+07,0,
6.67,7768,1.04276e+07,0,
6.68,7883,1.05958e+07,0,
6.69,7838,1.06044e+07,0,
6.7,7845,1.06086e+07,0,
6.71,7983,1.06107e+07,0,
6.72,8127,1.05062e+07,0,
6.73,7854,1.04233e+07,0,
6.74,7995,1.03827e+07,0,
6.75,7795,1.03628e+07,0,
6.76,7941,1.03847e+07,0,
6.77,7845,1.02583e+07,0,
6.78,7721,1.04074e+07,0,
6.79,7710,1.04804e+07,0,
6.8,7874,1.04424e+07,0,
6.81,7729,1.04976e+07,0,
6.82,7599,1.06301e+07,0,
6.83,7877,1.05895e+07,0,
6.84,7776,1.05697e+07,0,
6.85,7921,1.06338e+07,0,
6.86,7839,1.05597e+07,0,
6.87,8003,1.05234e+07,0,
6.88,8010,1.04317e+07,0,
6.89,7862,1.04607e+07,0,
6.9,7966,1.05065e+07,0,
6.91,8010,1.03813e+07,0,
6.92,7776,1.03621e+07,0,
6.93,7764,1.03528e+07,0,
6.94,7779,1.0422e+07,0,
6.95,7820,1.04876e+07,0,
6.96,7709,1.05197e+07,0,
6.97,7709,1.06093e+07,0,
6.98,7945,1.06532e+07,0,
6.99,7811,1.06009e+07,0,
7,8022,1.07863e+07,0,
7.01,7855,1.06977e+07,0,
7.02,7776,1.06544e+07,0,
7.03,7948,1.06014e+07,0,
7.04,7908,1.04278e+07,0,
7.05,7858,1.04904e+07,0,
7.06,7873,1.03101e+07,0,
7.07,7819,1.04327e+07,0,
7.08,7783,1.04928e+07,0,
7.09,7737,1.0554e+07,0,
7.1,7858,1.05839e+07,0,
7.11,7626,1.05986e+07,0,
7.12,7642,1.05741e+07,0,
7.13,7865,1.0636e+07,0,
7.14,7682,1.06663e+07,0,
7.15,8216,1.07128e+07,0,
7.16,7921,1.06617e+07,0,
7.17,7822,1.06367e+07,0,
7.18,7971,1.05928e+07,0,
7.19,7984,1.04974e+07,0,
7.2,7803,1.05245e+07,0,
7.21,7897,1.04323e+07,0,
7.22,7842,1.03871e+07,0,
7.23,7751,1.04388e+07,0,
7.24,7850,1.04642e+07,0,
7.25,7740,1.04766e+07,0,
7.26,7654,1.05882e+07,0,
7.27,7920,1.07484e+07,0,
7.28,7796,1.0753e+07,0,
7.29,7941,1.07553e+07,0,
7.3,7874,1.07247e+07,0,
7.31,7994,1.07415e+07,0,
7.32,8061,1.06758e+07,0,
7.33,7893,1.06119e+07,0,
7.34,7986,1.06123e+07,0,
7.35,7870,1.06125e+07,0,
7.36,7885,1.0507e+07,0,
7.37,7901,1.05293e+07,0,
7.38,7725,1.05401e+07,0,
7.39,7854,1.0651e+07,0,
7.4,7819,1.06315e+07,0,
7.41,7677,1.06641e+07,0,
7.42,7583,1.07855e+07,0,
7.43,7845,1.08767e+07,0,
7.44,7800,1.07104e+07,0,
7.45,7933,1.07766e+07,0,
7.46,7714,1.07669e+07,0,
7.47,7900,1.07304e+07,0,
7.48,7883,1.06387e+07,0,
7.49,7952,1.05621e+07,0,
7.5,8053,1.06301e+07,0,
7.51,7834,1.0484e+07,0,
7.52,7796,1.05918e+07,0,
7.53,7862,1.06446e+07,0,
7.54,7705,1.05967e+07,0,
7.55,7752,1.07525e+07,0,
7.56,7792,1.07551e+07,0,
7.57,7792,1.08302e+07,0,
7.58,7913,1.07614e+07,0,
7.59,7991,1.08016e+07,0,
7.6,7851,1.08529e+07,0,
7.61,8103,1.08042e+07,0,
7.62,7987,1.07487e+07,0,
7.63,8056,1.07532e+07,0,
7.64,7861,1.06815e+07,0,
7.65,7834,1.07203e+07,0,
7.66,7944,1.06337e+07,0,
7.67,7693,1.05913e+07,0,
7.68,7839,1.06444e+07,0,
7.69,7788,1.06704e+07,0,
7.7,7744,1.08203e+07,0,
7.71,7842,1.08938e+07,0,
7.72,7740,1.09298e+07,0,
7.73,7666,1.09474e+07,0,
7.74,7935,1.0956e+07,0,
7.75,7831,1.08547e+07,0,
7.76,7972,1.0879e+07,0,
7.77,7870,1.0817e+07,0,
7.78,7929,1.06812e+07,0,
7.79,7984,1.07009e+07,0,
7.8,7908,1.06558e+07,0,
7.81,7861,1.05705e+07,0,
7.82,7769,1.06342e+07,0,
7.83,7882,1.08026e+07,0,
7.84,7787,1.06741e+07,0,
7.85,7650,1.07905e+07,0,
7.86,7796,1.08791e+07,0,
7.87,7756,1.08592e+07,0,
7.88,7936,1.08812e+07,0,
7.89,7972,6.51939e+08,0,
7.9,7820,3.25011e+08,0,
7.91,8068,1.6471e+08,0,
7.92,7834,8.61628e+07,0,
7.93,7870,4.78117e+07,0,
7.94,7866,2.88085e+07,0,
7.95,7886,1.9497e+07,0,
7.96,7729,1.50082e+07,0,
7.97,7823,1.29142e+07,0,
