time [s], current1, filt,current1_filtered,
5e-07,0.00815926,3.36312e-44,0.0083906,
0.01,0.00704014,7.00649e-45,0.00704014,
0.02,0.00725895,2.8026e-44,0.00725895,
0.03,0.0077041,4.62428e-44,0.00682383,
0.04,0.0077041,2.24208e-44,0.0077041,
0.0500001,0.0077041,4.62428e-44,0.0077041,
0.06,0.00748027,2.8026e-45,0.00748027,
0.0700001,0.00748027,3.08286e-44,0.00815926,
0.08,0.0077041,0,0.00748027,
0.0900001,0.0077041,1.4013e-44,0.00793043,
0.1,0.0077041,3.92364e-44,0.00793043,
0.11,0,3.78351e-44,0,
0.12,0,3.36312e-44,0,
0.13,0,3.92364e-44,0,
0.14,0,4.06377e-44,0,
0.15,0,4.76441e-44,0,
0.16,0,8.40779e-45,0,
0.17,0.00149891,2.10195e-44,0.0016401,
0.18,0.00207869,3.50325e-44,0.00222989,
0.19,0.00192999,0,0.00192999,
0.2,0.00222989,1.68156e-44,0.00253981,
0.21,0.0023836,3.92364e-44,0.0023836,
0.22,0.00192999,1.68156e-44,0.00253981,
0.23,0.00269852,3.78351e-44,0.00302347,
0.24,0.00207869,7.00649e-45,0.00253981,
0.25,0.00207869,4.2039e-44,0.00269852,
0.26,0.00192999,7.00649e-45,0.00192999,
0.27,0.00222989,4.06377e-44,0.00269852,
0.28,0.00253981,1.4013e-45,0.00253981,
0.29,0.00253981,1.82169e-44,0.00269852,
0.3,0.00207869,3.92364e-44,0.00222989,
0.31,0.00253981,1.4013e-45,0.00269852,
0.32,0.00222989,2.66247e-44,0.0023836,
0.33,0.00269852,4.76441e-44,0.00222989,
0.34,0.0023836,1.82169e-44,0.0023836,
0.35,0.00302347,3.64338e-44,0.00302347,
0.36,0.0023836,1.68156e-44,0.00302347,
0.37,0.00253981,3.64338e-44,0.00269852,
0.38,0.00207869,2.8026e-45,0.00269852,
0.39,0.00253981,2.94273e-44,0.00302347,
0.4,0.00285974,3.64338e-44,0.00335843,
0.41,0.00253981,8.40779e-45,0.00269852,
0.42,0.0023836,2.8026e-44,0.00253981,
0.43,0.0023836,1.4013e-45,0.0023836,
0.44,0.00253981,1.68156e-44,0.00285974,
0.45,0.0023836,4.06377e-44,0.00253981,
0.46,0.00253981,2.8026e-45,0.00253981,
0.47,0.00253981,2.8026e-44,0.0031897,
0.48,0.00269852,4.62428e-44,0.00253981,
0.49,0.00285974,1.68156e-44,0.00335843,
0.5,0.0031897,4.62428e-44,0.00285974,
0.51,0.0023836,8.40779e-45,0.00302347,
0.52,0.00302347,3.22299e-44,0.0031897,
0.53,0.00269852,5.60519e-45,0.00302347,
0.54,0.00269852,2.94273e-44,0.00335843,
0.55,0.00302347,4.62428e-44,0.00269852,
0.56,0.00302347,9.80909e-45,0.00335843,
0.57,0.00302347,3.64338e-44,0.00335843,
0.58,0.00253981,7.00649e-45,0.00285974,
0.59,0.00352967,3.22299e-44,0.00352967,
0.6,0.00269852,1.4013e-45,0.00387965,
0.61,0.00302347,1.4013e-44,0.00335843,
0.62,0.0031897,4.62428e-44,0.00285974,
0.63,0.00285974,2.24208e-44,0.00370341,
0.64,0.00335843,4.76441e-44,0.00285974,
0.65,0.00352967,2.8026e-44,0.00370341,
0.66,0.0031897,4.62428e-44,0.00285974,
0.67,0.00285974,1.82169e-44,0.00352967,
0.68,0.00335843,4.34403e-44,0.00335843,
0.69,0.00302347,7.00649e-45,0.00352967,
0.7,0.0031897,2.52234e-44,0.00370341,
0.71,0.00285974,1.4013e-45,0.0031897,
0.72,0.00302347,1.12104e-44,0.00302347,
0.73,0.0031897,3.08286e-44,0.00387965,
0.74,0.00335843,0,0.00335843,
0.75,0.0031897,1.82169e-44,0.00335843,
0.76,0.00387965,4.06377e-44,0.0040584,
0.77,0.00302347,4.2039e-45,0.00335843,
0.78,0.00352967,2.10195e-44,0.0040584,
0.79,0.00335843,3.50325e-44,0.00370341,
0.8,0.00387965,4.62428e-44,0.0031897,
0.81,0.00302347,1.54143e-44,0.00352967,
0.82,0.0031897,4.2039e-44,0.00335843,
0.83,0.00285974,7.00649e-45,0.00370341,
0.84,0.0031897,2.38221e-44,0.0040584,
0.85,0.00335843,4.48416e-44,0.00302347,
0.86,0.00335843,8.40779e-45,0.00335843,
0.87,0.0031897,1.68156e-44,0.00335843,
0.88,0.00370341,4.62428e-44,0.00335843,
0.89,0.00370341,2.38221e-44,0.00442341,
0.9,0.00352967,4.62428e-44,0.00285974,
0.91,0.00285974,2.8026e-45,0.0031897,
0.92,0.00335843,3.08286e-44,0.00442341,
0.93,0.0031897,2.8026e-45,0.0031897,
0.94,0.00335843,1.68156e-44,0.00335843,
0.95,0.00335843,3.50325e-44,0.00387965,
0.96,0.0031897,7.00649e-45,0.0031897,
0.97,0.0031897,3.64338e-44,0.00460967,
0.98,0.00335843,9.80909e-45,0.00370341,
0.99,0.00352967,4.2039e-44,0.00370341,
1,0.00335843,5.60519e-45,0.00387965,
1.01,0.00387965,2.38221e-44,0.0040584,
1.02,0.00352967,1.4013e-45,0.00370341,
1.03,0.00335843,1.54143e-44,0.00352967,
1.04,0.0040584,3.92364e-44,0.0040584,
1.05,0.00352967,8.40779e-45,0.00370341,
1.06,0.00335843,2.38221e-44,0.0040584,
1.07,0.00352967,4.2039e-44,0.00423965,
1.08,0.00370341,7.00649e-45,0.00370341,
1.09,0.00387965,3.64338e-44,0.00442341,
1.1,0.00335843,4.2039e-45,0.00370341,
1.11,0.00352967,2.66247e-44,0.00352967,
1.12,0.00423965,4.2039e-44,0.00423965,
1.13,0.0040584,4.2039e-45,0.00423965,
1.14,0.00387965,2.94273e-44,0.00460967,
1.15,0.0040584,4.48416e-44,0.00352967,
1.16,0.00423965,7.00649e-45,0.00479844,
1.17,0.00460967,3.22299e-44,0.00498971,
1.18,0.00387965,5.60519e-45,0.0040584,
1.19,0.00442341,2.94273e-44,0.00460967,
1.2,0.00460967,4.76441e-44,0.00442341,
1.21,0.00442341,1.26117e-44,0.00460967,
1.22,0.00460967,3.08286e-44,0.00460967,
1.23,0.00460967,4.62428e-44,0.00479844,
1.24,0.00442341,1.12104e-44,0.00442341,
1.25,0.00460967,3.64338e-44,0.00479844,
1.26,0.00460967,2.8026e-45,0.00460967,
1.27,0.00518348,2.24208e-44,0.00518348,
1.28,0.00442341,0,0.00442341,
1.29,0.00498971,2.24208e-44,0.00577983,
1.3,0.00518348,3.78351e-44,0.00518348,
1.31,0.00498971,1.26117e-44,0.00518348,
1.32,0.00577983,4.06377e-44,0.00598362,
1.33,0.00479844,4.2039e-45,0.00537976,
1.34,0.00577983,3.50325e-44,0.00598362,
1.35,0.00479844,2.8026e-45,0.00479844,
1.36,0.00498971,1.4013e-44,0.00557854,
1.37,0.00537976,3.92364e-44,0.00598362,
1.38,0.00498971,9.80909e-45,0.00498971,
1.39,0.00577983,4.48416e-44,0.00557854,
1.4,0.00557854,4.2039e-45,0.00557854,
1.41,0.00661002,3.50325e-44,0.00661002,
1.42,0.00557854,0,0.00557854,
1.43,0.00618992,1.82169e-44,0.00661002,
1.44,0.00661002,4.2039e-44,0.00725895,
1.45,0.00661002,9.80909e-45,0.00661002,
1.46,0.00661002,3.22299e-44,0.00682383,
1.47,0.00639872,0,0.00639872,
1.48,0.00618992,2.10195e-44,0.00682383,
1.49,0.00639872,4.2039e-44,0.00661002,
1.5,0.00661002,1.12104e-44,0.00682383,
1.51,0.00661002,4.06377e-44,0.00704014,
1.52,0.00598362,9.80909e-45,0.00618992,
1.53,0.00661002,3.64338e-44,0.00661002,
1.54,0.00661002,1.4013e-45,0.00618992,
1.55,0.00598362,9.80909e-45,0.00618992,
1.56,0.00748027,3.78351e-44,0.00748027,
1.57,0.00661002,1.68156e-44,0.00725895,
1.58,0.00704014,4.34403e-44,0.00748027,
1.59,0.00682383,1.54143e-44,0.0077041,
1.6,0.00704014,4.2039e-44,0.0077041,
1.61,0.00577983,1.26117e-44,0.00598362,
1.62,0.00387965,2.66247e-44,0.00442341,
1.63,0.00352967,4.76441e-44,0.00352967,
1.64,0.0200315,1.96182e-44,0.020368,
1.65,0.0702394,4.48416e-44,0.0696374,
1.66,0.0626093,4.2039e-45,0.0631812,
1.67,0.0603467,3.22299e-44,0.061473,
1.68,0.0491256,4.48416e-44,0.0501467,
1.69,0.0242349,2.66247e-44,0.0242349,
1.7,0.0242349,4.62428e-44,0.0227937,
1.71,0.0238708,1.12104e-44,0.0276241,
1.72,0.0908241,3.08286e-44,0.0921958,
1.73,0.110939,4.48416e-44,0.110187,
1.74,0.111694,4.62428e-44,0.106464,
1.75,0.105726,7.00649e-45,0.113211,
1.76,0.155277,2.38221e-44,0.158852,
1.77,0.155277,4.2039e-44,0.155277,
1.78,0.115505,0,0.115505,
1.79,0.12411,1.96182e-44,0.124907,
1.8,0.116275,4.34403e-44,0.10353,
1.81,0.156167,4.2039e-45,0.156167,
1.82,0.148248,1.54143e-44,0.150865,
1.83,0.128931,3.78351e-44,0.128931,
1.84,0.127314,1.4013e-45,0.128121,
1.85,0.161559,1.54143e-44,0.162466,
1.86,0.167964,2.66247e-44,0.169816,
1.87,0.171679,3.64338e-44,0.172614,
1.88,0.172614,9.80909e-45,0.174491,
1.89,0.173551,3.64338e-44,0.177326,
1.9,0.170746,1.4013e-45,0.173551,
1.91,0.14738,1.96182e-44,0.14738,
1.92,0.206917,2.38221e-44,0.214145,
1.93,0.378939,4.48416e-44,0.323104,
1.94,0.335997,0,0.300527,
1.95,0.306717,2.24208e-44,0.306717,
1.96,0.254393,3.50325e-44,0.258949,
1.97,0.260094,4.62428e-44,0.256666,
1.98,0.261242,9.80909e-45,0.263545,
1.99,0.262393,2.66247e-44,0.267019,
2,0.265859,4.76441e-44,0.263545,
2.01,0.264701,8.40779e-45,0.270515,
2.02,0.271686,3.36312e-44,0.275212,
2.03,0.271686,1.54143e-44,0.274034,
2.04,0.277575,2.10195e-44,0.279949,
2.05,0.278761,2.8026e-44,0.282332,
2.06,0.276392,2.8026e-45,0.281139,
2.07,0.287129,9.80909e-45,0.287129,
2.08,0.294399,2.52234e-44,0.298068,
2.09,0.299296,3.36312e-44,0.302995,
2.1,0.294399,5.60519e-45,0.29562,
2.11,0.285926,2.8026e-44,0.290753,
2.12,0.277575,3.64338e-44,0.281139,
2.13,0.275212,4.2039e-45,0.275212,
2.14,0.265859,2.38221e-44,0.268182,
2.15,0.261242,4.76441e-44,0.25326,
2.16,0.230049,4.06377e-44,0.231129,
2.17,0.261242,4.76441e-44,0.261242,
2.18,0.212068,1.4013e-45,0.218331,
2.19,0.213105,2.24208e-44,0.218331,
2.2,0.21,4.2039e-44,0.217281,
2.21,0.236568,1.68156e-44,0.237663,
2.22,0.231129,3.36312e-44,0.231129,
2.23,0.192827,2.8026e-45,0.193818,
2.24,0.216233,1.82169e-44,0.216233,
2.25,0.184997,3.78351e-44,0.184997,
2.26,0.183064,4.48416e-44,0.183064,
2.27,0.198806,4.48416e-44,0.199811,
2.28,0.113211,2.8026e-45,0.119379,
2.29,0.128931,1.68156e-44,0.129743,
2.3,0.102078,3.08286e-44,0.107203,
2.31,0.114738,4.2039e-45,0.117047,
2.32,0.111694,2.52234e-44,0.114738,
2.33,0.129743,4.06377e-44,0.131375,
2.34,0.0992045,4.2039e-45,0.0999191,
2.35,0.118599,1.96182e-44,0.119379,
2.36,0.117822,4.06377e-44,0.120946,
2.37,0.121733,1.12104e-44,0.125707,
2.38,0.130558,3.22299e-44,0.131375,
2.39,0.10353,2.8026e-45,0.105726,
2.4,0.12411,1.82169e-44,0.124907,
2.41,0.120161,4.48416e-44,0.120946,
2.42,0.120946,1.26117e-44,0.120946,
2.43,0.113211,3.36312e-44,0.113211,
2.44,0.116275,5.60519e-45,0.120161,
2.45,0.0720603,3.36312e-44,0.0757696,
2.46,0.0543313,1.4013e-45,0.0548656,
2.47,0.0708438,1.68156e-44,0.0732867,
2.48,0.090142,3.92364e-44,0.090142,
2.49,0.0887853,9.80909e-45,0.0942721,
2.5,0.0894624,3.22299e-44,0.0908241,
2.51,0.0881108,8.40779e-45,0.0915087,
2.52,0.0678466,3.50325e-44,0.0678466,
2.53,0.0821523,4.2039e-45,0.0834589,
2.54,0.0828043,1.4013e-44,0.0847755,
2.55,0.0847755,3.22299e-44,0.0867691,
2.56,0.0887853,4.76441e-44,0.0861021,
2.57,0.0854375,2.8026e-45,0.0861021,
2.58,0.0867691,1.68156e-44,0.0874387,
2.59,0.0881108,4.48416e-44,0.090142,
2.6,0.0881108,2.8026e-45,0.0881108,
2.61,0.0861021,1.82169e-44,0.0881108,
2.62,0.0881108,4.34403e-44,0.0834589,
2.63,0.0867691,1.12104e-44,0.0874387,
2.64,0.0867691,2.38221e-44,0.0881108,
2.65,0.0881108,4.34403e-44,0.0887853,
2.66,0.0874387,2.8026e-45,0.090142,
2.67,0.0894624,2.38221e-44,0.0921958,
2.68,0.0887853,4.2039e-45,0.0894624,
2.69,0.0915087,4.2039e-44,0.0921958,
2.7,0.0984923,1.68156e-44,0.10869,
2.71,0.111694,2.66247e-44,0.112451,
2.72,0.10426,4.2039e-44,0.104992,
2.73,0.10353,1.4013e-45,0.10353,
2.74,0.145653,1.54143e-44,0.148248,
2.75,0.153505,3.78351e-44,0.153505,
2.76,0.110187,4.2039e-45,0.110187,
2.77,0.116275,1.96182e-44,0.119379,
2.78,0.125707,4.06377e-44,0.128931,
2.79,0.111694,2.8026e-45,0.114738,
2.8,0.136332,1.4013e-44,0.148248,
2.81,0.225753,3.08286e-44,0.233297,
2.82,0.203856,0,0.203856,
2.83,0.19481,3.08286e-44,0.195805,
2.84,0.182102,4.34403e-44,0.182102,
2.85,0.180184,4.2039e-45,0.183064,
2.86,0.185967,2.38221e-44,0.187915,
2.87,0.184997,4.2039e-44,0.187915,
2.88,0.184997,4.2039e-45,0.186939,
2.89,0.186939,1.96182e-44,0.188892,
2.9,0.186939,0,0.188892,
2.91,0.186939,1.12104e-44,0.187915,
2.92,0.188892,0,0.187915,
2.93,0.185967,1.12104e-44,0.192827,
2.94,0.192827,2.94273e-44,0.193818,
2.95,0.192827,1.26117e-44,0.19481,
2.96,0.198806,3.78351e-44,0.199811,
2.97,0.192827,5.60519e-45,0.196803,
2.98,0.198806,2.10195e-44,0.203856,
2.99,0.198806,3.92364e-44,0.198806,
3,0.195805,1.68156e-44,0.196803,
3.01,0.199811,3.78351e-44,0.203856,
3.02,0.196803,1.4013e-45,0.199811,
3.03,0.19481,3.50325e-44,0.197803,
3.04,0.189872,4.76441e-44,0.189872,
3.05,0.199811,1.4013e-44,0.204874,
3.06,0.207942,3.22299e-44,0.212068,
3.07,0.20897,4.76441e-44,0.207942,
3.08,0.204874,2.10195e-44,0.205894,
3.09,0.192827,3.64338e-44,0.193818,
3.1,0.192827,4.2039e-45,0.195805,
3.11,0.184029,2.10195e-44,0.184997,
3.12,0.158852,3.92364e-44,0.158852,
3.13,0.172614,0,0.172614,
3.14,0.146515,2.24208e-44,0.14738,
3.15,0.162466,4.34403e-44,0.165204,
3.16,0.162466,7.00649e-45,0.163376,
3.17,0.158852,2.52234e-44,0.159752,
3.18,0.144793,2.8026e-45,0.158852,
3.19,0.150865,7.00649e-45,0.150865,
3.2,0.154389,2.94273e-44,0.156167,
3.21,0.0881108,4.76441e-44,0.0867691,
3.22,0.0714508,8.40779e-45,0.0726722,
3.23,0.0942721,3.08286e-44,0.0977827,
3.24,0.112451,4.48416e-44,0.112451,
3.25,0.110187,5.60519e-45,0.112451,
3.26,0.113973,3.36312e-44,0.113973,
3.27,0.0915087,1.4013e-45,0.0956688,
3.28,0.113211,1.54143e-44,0.113211,
3.29,0.109437,3.36312e-44,0.109437,
3.3,0.107203,4.76441e-44,0.104992,
3.31,0.10426,1.54143e-44,0.106464,
3.32,0.0970756,3.08286e-44,0.0977827,
3.33,0.0708438,1.4013e-45,0.0714508,
3.34,0.0821523,2.52234e-44,0.0821523,
3.35,0.0554024,3.78351e-44,0.0554024,
3.36,0.0649119,1.54143e-44,0.069038,
3.37,0.0559418,3.50325e-44,0.0559418,
3.38,0.0337235,7.00649e-45,0.0381028,
3.39,0.0413174,2.94273e-44,0.0441703,
3.4,0.0417866,7.00649e-45,0.0417866,
3.41,0.0491256,2.8026e-44,0.0501467,
3.42,0.0446546,4.2039e-45,0.0456306,
3.43,0.0367628,1.26117e-44,0.0390088,
3.44,0.0548656,3.78351e-44,0.057028,
3.45,0.0581242,8.40779e-45,0.0581242,
3.46,0.0597874,3.92364e-44,0.0597874,
3.47,0.057028,1.12104e-44,0.0597874,
3.48,0.0603467,2.66247e-44,0.061473,
3.49,0.0592305,4.62428e-44,0.057028,
3.5,0.0491256,1.82169e-44,0.0511778,
3.51,0.0491256,3.22299e-44,0.0496349,
3.52,0.0481145,1.4013e-45,0.0491256,
3.53,0.0476127,2.10195e-44,0.0481145,
3.54,0.0471134,0,0.0466166,
3.55,0.0592305,2.94273e-44,0.0597874,
3.56,0.0491256,1.12104e-44,0.0501467,
3.57,0.0532701,3.92364e-44,0.0537994,
3.58,0.0446546,8.40779e-45,0.0496349,
3.59,0.0702394,2.52234e-44,0.0739037,
3.6,0.0867691,4.48416e-44,0.0915087,
3.61,0.0708438,1.12104e-44,0.0726722,
3.62,0.0575749,2.94273e-44,0.0575749,
3.63,0.0564836,4.06377e-44,0.0564836,
3.64,0.110187,4.62428e-44,0.0921958,
3.65,0.0861021,7.00649e-45,0.0861021,
3.66,0.0696374,3.36312e-44,0.0696374,
3.67,0.12411,4.06377e-44,0.125707,
3.68,0.231129,9.80909e-45,0.235475,
3.69,0.186939,2.38221e-44,0.186939,
3.7,0.162466,1.12104e-44,0.162466,
3.71,0.156167,3.50325e-44,0.157059,
3.72,0.142228,1.68156e-44,0.142228,
3.73,0.138004,4.06377e-44,0.139686,
3.74,0.1355,1.12104e-44,0.136332,
3.75,0.140531,4.62428e-44,0.140531,
3.76,0.141379,1.4013e-44,0.142228,
3.77,0.174491,2.94273e-44,0.178276,
3.78,0.276392,8.40779e-45,0.276392,
3.79,0.299296,1.96182e-44,0.299296,
3.8,0.300527,3.50325e-44,0.305474,
3.81,0.244287,4.2039e-45,0.246515,
3.82,0.248753,2.10195e-44,0.254393,
3.83,0.252129,3.50325e-44,0.252129,
3.84,0.249876,4.34403e-44,0.254393,
3.85,0.244287,4.2039e-45,0.251002,
3.86,0.251002,2.24208e-44,0.25326,
3.87,0.249876,3.36312e-44,0.251002,
3.88,0.257806,4.76441e-44,0.252129,
3.89,0.248753,1.82169e-44,0.251002,
3.9,0.246515,4.62428e-44,0.2454,
3.91,0.230049,1.4013e-44,0.232212,
3.92,0.310461,1.96182e-44,0.311714,
3.93,0.335997,3.64338e-44,0.339914,
3.94,0.315488,7.00649e-45,0.315488,
3.95,0.318016,1.96182e-44,0.320555,
3.96,0.325662,2.8026e-44,0.325662,
3.97,0.324382,3.78351e-44,0.329519,
3.98,0.323104,4.2039e-45,0.326945,
3.99,0.328231,1.82169e-44,0.329519,
4,0.328231,3.92364e-44,0.329519,
4.01,0.324382,4.2039e-45,0.325662,
4.02,0.321828,2.38221e-44,0.325662,
4.03,0.316751,3.78351e-44,0.318016,
4.04,0.311714,4.76441e-44,0.30921,
4.05,0.298068,1.96182e-44,0.299296,
4.06,0.29562,3.92364e-44,0.299296,
4.07,0.293181,0,0.290753,
4.08,0.285926,1.96182e-44,0.287129,
4.09,0.260094,3.22299e-44,0.269347,
4.1,0.263545,7.00649e-45,0.267019,
4.11,0.174491,2.38221e-44,0.176379,
4.12,0.198806,3.92364e-44,0.200818,
4.13,0.198806,4.76441e-44,0.192827,
4.14,0.192827,1.82169e-44,0.19481,
4.15,0.187915,3.36312e-44,0.187915,
4.16,0.178276,8.40779e-45,0.184997,
4.17,0.204874,2.94273e-44,0.204874,
4.18,0.187915,1.4013e-45,0.19481,
4.19,0.179229,1.96182e-44,0.181142,
4.2,0.149117,3.64338e-44,0.152622,
4.21,0.0970756,5.60519e-45,0.109437,
4.22,0.13467,9.80909e-45,0.1355,
4.23,0.153505,2.8026e-44,0.155277,
4.24,0.146515,5.60519e-45,0.146515,
4.25,0.123315,2.38221e-44,0.124907,
4.26,0.115505,3.78351e-44,0.115505,
4.27,0.128121,1.12104e-44,0.128931,
4.28,0.128931,2.10195e-44,0.130558,
4.29,0.116275,4.2039e-44,0.116275,
4.3,0.0708438,2.8026e-45,0.0708438,
4.31,0.0928854,1.82169e-44,0.0935775,
4.32,0.0559418,3.64338e-44,0.0592305,
4.33,0.0446546,2.8026e-45,0.0486188,
4.34,0.069038,2.52234e-44,0.0770261,
4.35,0.0726722,4.2039e-45,0.0782927,
4.36,0.0802112,3.08286e-44,0.0802112,
4.37,0.0726722,8.40779e-45,0.0763966,
4.38,0.0714508,3.22299e-44,0.0720603,
4.39,0.0678466,4.62428e-44,0.061473,
4.4,0.0714508,0,0.0708438,
4.41,0.0757696,1.26117e-44,0.0789297,
4.42,0.0726722,4.48416e-44,0.0714508,
4.43,0.068441,1.96182e-44,0.068441,
4.44,0.0763966,2.38221e-44,0.0802112,
4.45,0.0815028,0,0.0815028,
4.46,0.0603467,2.24208e-44,0.0603467,
4.47,0.0543313,4.48416e-44,0.0363211,
4.48,0.0385545,1.96182e-44,0.0413174,
4.49,0.0432093,3.64338e-44,0.0441703,
4.5,0.0118922,1.26117e-44,0.0127065,
4.51,0.0345794,2.52234e-44,0.0345794,
4.52,0.0345794,4.34403e-44,0.035011,
4.53,0.0332994,1.96182e-44,0.0341502,
4.54,0.0324586,4.48416e-44,0.0272375,
4.55,0.0276241,1.54143e-44,0.0280132,
4.56,0.0287989,4.06377e-44,0.0287989,
4.57,0.0264718,5.60519e-45,0.0268534,
4.58,0.0304004,2.66247e-44,0.030807,
4.59,0.0324586,4.34403e-44,0.0312162,
4.6,0.0316278,7.00649e-45,0.0320419,
4.61,0.030807,2.38221e-44,0.0312162,
4.62,0.0276241,4.76441e-44,0.0276241,
4.63,0.0268534,1.12104e-44,0.0276241,
4.64,0.0341502,2.66247e-44,0.0345794,
4.65,0.0446546,4.34403e-44,0.0441703,
4.66,0.0554024,1.54143e-44,0.0564836,
4.67,0.0491256,2.94273e-44,0.0501467,
4.68,0.0481145,4.62428e-44,0.0471134,
4.69,0.0575749,8.40779e-45,0.0637556,
4.7,0.0745232,1.82169e-44,0.0763966,
4.71,0.0881108,3.78351e-44,0.090142,
4.72,0.0714508,4.76441e-44,0.069038,
4.73,0.0491256,5.60519e-45,0.0491256,
4.74,0.114738,3.36312e-44,0.119379,
4.75,0.128121,1.4013e-45,0.129743,
4.76,0.13467,1.12104e-44,0.146515,
4.77,0.185967,2.66247e-44,0.188892,
4.78,0.123315,4.2039e-44,0.12411,
4.79,0.127314,1.26117e-44,0.128931,
4.8,0.12411,3.36312e-44,0.124907,
4.81,0.111694,4.2039e-45,0.114738,
4.82,0.118599,2.52234e-44,0.118599,
4.83,0.122523,4.48416e-44,0.116275,
4.84,0.0992045,1.68156e-44,0.0999191,
4.85,0.165204,2.24208e-44,0.175434,
4.86,0.384487,4.62428e-44,0.306717,
4.87,0.277575,1.4013e-44,0.281139,
4.88,0.270515,1.82169e-44,0.270515,
4.89,0.252129,3.64338e-44,0.252129,
4.9,0.20897,1.4013e-45,0.20897,
4.91,0.244287,1.4013e-44,0.2454,
4.92,0.244287,3.78351e-44,0.2454,
4.93,0.246515,1.26117e-44,0.252129,
4.94,0.238761,3.50325e-44,0.238761,
4.95,0.260094,4.34403e-44,0.261242,
4.96,0.232212,5.60519e-45,0.238761,
4.97,0.212068,1.96182e-44,0.212068,
4.98,0.242069,4.06377e-44,0.243177,
4.99,0.226823,7.00649e-45,0.230049,
5,0.220439,2.38221e-44,0.220439,
5.01,0.260094,4.48416e-44,0.261242,
5.02,0.249876,1.4013e-45,0.251002,
5.03,0.25326,2.52234e-44,0.25326,
5.04,0.256666,4.06377e-44,0.260094,
5.05,0.254393,8.40779e-45,0.257806,
5.06,0.262393,1.96182e-44,0.263545,
5.07,0.262393,4.62428e-44,0.261242,
5.08,0.257806,8.40779e-45,0.260094,
5.09,0.261242,3.22299e-44,0.261242,
5.1,0.279949,1.4013e-45,0.282332,
5.11,0.296843,1.12104e-44,0.298068,
5.12,0.279949,1.96182e-44,0.279949,
5.13,0.269347,2.52234e-44,0.270515,
5.14,0.187915,3.92364e-44,0.19184,
5.15,0.196803,4.2039e-45,0.199811,
5.16,0.225753,9.80909e-45,0.228971,
5.17,0.230049,2.8026e-44,0.231129,
5.18,0.205894,4.2039e-44,0.202841,
5.19,0.172614,9.80909e-45,0.174491,
5.2,0.0984923,2.24208e-44,0.0984923,
5.21,0.149117,4.62428e-44,0.14999,
5.22,0.173551,5.60519e-45,0.178276,
5.23,0.167964,3.22299e-44,0.167964,
5.24,0.138004,3.78351e-44,0.143081,
5.25,0.156167,5.60519e-45,0.156167,
5.26,0.121733,2.38221e-44,0.122523,
5.27,0.12411,1.4013e-45,0.12411,
5.28,0.090142,1.54143e-44,0.090142,
5.29,0.109437,3.08286e-44,0.112451,
5.3,0.0881108,3.92364e-44,0.0915087,
5.31,0.0532701,1.12104e-44,0.0575749,
5.32,0.0620399,4.06377e-44,0.0626093,
5.33,0.0874387,1.54143e-44,0.0887853,
5.34,0.0841159,4.06377e-44,0.0847755,
5.35,0.0702394,0,0.0702394,
5.36,0.0763966,1.4013e-44,0.0776581,
5.37,0.0867691,2.8026e-44,0.0956688,
5.38,0.0984923,3.92364e-44,0.0992045,
5.39,0.0874387,0,0.0881108,
5.4,0.0666652,2.8026e-44,0.0666652,
5.41,0.0476127,4.48416e-44,0.0394655,
5.42,0.0196975,1.54143e-44,0.0196975,
5.43,0.0456306,3.08286e-44,0.0481145,
5.44,0.0491256,4.76441e-44,0.0461224,
5.45,0.0328777,2.24208e-44,0.0341502,
5.46,0.0399247,4.76441e-44,0.0376536,
5.47,0.0354452,1.68156e-44,0.0354452,
5.48,0.0363211,4.48416e-44,0.0358819,
5.49,0.0381028,4.2039e-45,0.0390088,
5.5,0.0403864,2.8026e-44,0.0413174,
5.51,0.0394655,0,0.0394655,
5.52,0.0390088,1.82169e-44,0.0403864,
5.53,0.0408506,4.06377e-44,0.0413174,
5.54,0.0249705,4.62428e-44,0.0220881,
5.55,0.0422583,7.00649e-45,0.0456306,
5.56,0.0358819,3.22299e-44,0.0385545,
5.57,0.0268534,4.2039e-44,0.0276241,
5.58,0.0345794,1.12104e-44,0.0385545,
5.59,0.0461224,2.38221e-44,0.0476127,
5.6,0.0227937,3.92364e-44,0.0227937,
5.61,0.0276241,1.68156e-44,0.0284048,
5.62,0.0451413,2.8026e-44,0.0466166,
5.63,0.0436886,4.48416e-44,0.0441703,
5.64,0.0381028,1.26117e-44,0.0413174,
5.65,0.0527433,3.50325e-44,0.0537994,
5.66,0.0527433,4.76441e-44,0.0527433,
5.67,0.0417866,1.68156e-44,0.0427326,
5.68,0.0708438,4.2039e-44,0.0714508,
5.69,0.0554024,5.60519e-45,0.0559418,
5.7,0.0808557,2.24208e-44,0.0861021,
5.71,0.0942721,1.4013e-45,0.0963709,
5.72,0.0999191,2.10195e-44,0.100636,
5.73,0.0828043,4.76441e-44,0.0841159,
5.74,0.0828043,1.26117e-44,0.0847755,
5.75,0.0597874,1.26117e-44,0.0603467,
5.76,0.113211,2.52234e-44,0.114738,
5.77,0.183064,2.8026e-45,0.183064,
5.78,0.206917,8.40779e-45,0.219384,
5.79,0.213105,1.82169e-44,0.213105,
5.8,0.14738,4.06377e-44,0.148248,
5.81,0.14999,0,0.150865,
5.82,0.152622,9.80909e-45,0.153505,
5.83,0.152622,1.96182e-44,0.156167,
5.84,0.146515,3.08286e-44,0.146515,
5.85,0.14738,4.48416e-44,0.149117,
5.86,0.14738,4.2039e-45,0.14738,
5.87,0.126509,1.4013e-44,0.128121,
5.88,0.159752,4.62428e-44,0.162466,
5.89,0.312969,8.40779e-45,0.326945,
5.9,0.261242,1.68156e-44,0.265859,
5.91,0.265859,3.36312e-44,0.272859,
5.92,0.248753,4.62428e-44,0.252129,
5.93,0.270515,8.40779e-45,0.272859,
5.94,0.232212,1.54143e-44,0.232212,
5.95,0.227896,4.76441e-44,0.225753,
5.96,0.226823,7.00649e-45,0.233297,
5.97,0.236568,2.66247e-44,0.236568,
5.98,0.238761,4.2039e-44,0.239861,
5.99,0.238761,9.80909e-45,0.239861,
6,0.242069,2.8026e-44,0.242069,
6.01,0.239861,4.76441e-44,0.239861,
6.02,0.240964,2.66247e-44,0.246515,
6.03,0.247633,4.76441e-44,0.244287,
6.04,0.242069,7.00649e-45,0.244287,
6.05,0.247633,3.50325e-44,0.247633,
6.06,0.2454,1.4013e-45,0.252129,
6.07,0.246515,2.38221e-44,0.249876,
6.08,0.2454,4.48416e-44,0.247633,
6.09,0.249876,1.12104e-44,0.255528,
6.1,0.276392,3.08286e-44,0.278761,
6.11,0.270515,4.2039e-44,0.274034,
6.12,0.239861,1.12104e-44,0.239861,
6.13,0.207942,2.38221e-44,0.207942,
6.14,0.206917,4.2039e-44,0.206917,
6.15,0.201829,2.8026e-45,0.201829,
6.16,0.162466,1.26117e-44,0.167041,
6.17,0.152622,0,0.0928854,
6.18,0.14999,1.4013e-44,0.154389,
6.19,0.152622,4.06377e-44,0.154389,
6.2,0.14999,5.60519e-45,0.153505,
6.21,0.159752,2.24208e-44,0.161559,
6.22,0.156167,4.34403e-44,0.148248,
6.23,0.0915087,1.54143e-44,0.0970756,
6.24,0.0861021,4.76441e-44,0.0702394,
6.25,0.0586761,1.12104e-44,0.0586761,
6.26,0.0559418,4.34403e-44,0.0603467,
6.27,0.0714508,5.60519e-45,0.0720603,
6.28,0.0745232,3.08286e-44,0.0745232,
6.29,0.0841159,1.4013e-45,0.0847755,
6.3,0.0720603,2.38221e-44,0.0726722,
6.31,0.0776581,0,0.0782927,
6.32,0.107203,1.12104e-44,0.110187,
6.33,0.100636,3.50325e-44,0.100636,
6.34,0.0491256,4.76441e-44,0.0466166,
6.35,0.0422583,1.68156e-44,0.0422583,
6.36,0.0341502,3.36312e-44,0.035011,
6.37,0.0231502,2.8026e-45,0.0235093,
6.38,0.030807,1.96182e-44,0.0316278,
6.39,0.0413174,4.06377e-44,0.0413174,
6.4,0.0345794,4.76441e-44,0.0363211,
6.41,0.0316278,1.54143e-44,0.0337235,
6.42,0.0363211,4.76441e-44,0.0367628,
6.43,0.0242349,2.38221e-44,0.0246015,
6.44,0.0284048,4.06377e-44,0.0284048,
6.45,0.0427326,9.80909e-45,0.0471134,
6.46,0.0456306,3.08286e-44,0.0461224,
6.47,0.0224397,5.60519e-45,0.0238708,
6.48,0.0280132,1.82169e-44,0.0284048,
6.49,0.0471134,3.78351e-44,0.0491256,
6.5,0.0242349,4.48416e-44,0.0227937,
6.51,0.0284048,2.10195e-44,0.0287989,
6.52,0.0403864,3.92364e-44,0.0422583,
6.53,0.0456306,4.62428e-44,0.0417866,
6.54,0.0217391,2.38221e-44,0.0224397,
6.55,0.0280132,4.34403e-44,0.0280132,
6.56,0.0451413,7.00649e-45,0.0451413,
6.57,0.0345794,2.24208e-44,0.0354452,
6.58,0.0413174,4.48416e-44,0.0399247,
6.59,0.0834589,7.00649e-45,0.0847755,
6.6,0.0770261,2.24208e-44,0.0770261,
6.61,0.050661,0,0.050661,
6.62,0.0516971,2.66247e-44,0.0522189,
6.63,0.0592305,4.76441e-44,0.0586761,
6.64,0.0881108,9.80909e-45,0.0881108,
6.65,0.0970756,2.10195e-44,0.0977827,
6.66,0.0942721,4.2039e-44,0.0949692,
6.67,0.0815028,1.82169e-44,0.0834589,
6.68,0.0564836,4.06377e-44,0.057028,
6.69,0.0732867,5.60519e-45,0.0782927,
6.7,0.193818,3.08286e-44,0.19481,
6.71,0.176379,4.06377e-44,0.176379,
6.72,0.10353,0,0.10353,
6.73,0.0915087,2.38221e-44,0.0921958,
6.74,0.0867691,4.06377e-44,0.0874387,
6.75,0.0757696,2.8026e-45,0.0808557,
6.76,0.141379,2.10195e-44,0.148248,
6.77,0.350469,4.06377e-44,0.350469,
6.78,0.262393,1.4013e-45,0.265859,
6.79,0.244287,2.94273e-44,0.247633,
6.8,0.247633,4.06377e-44,0.251002,
6.81,0.244287,7.00649e-45,0.244287,
6.82,0.248753,2.38221e-44,0.251002,
6.83,0.202841,3.78351e-44,0.203856,
6.84,0.197803,4.2039e-45,0.200818,
6.85,0.192827,2.52234e-44,0.192827,
6.86,0.192827,1.4013e-45,0.190855,
6.87,0.192827,1.12104e-44,0.192827,
6.88,0.192827,2.66247e-44,0.192827,
6.89,0.192827,4.48416e-44,0.189872,
6.9,0.187915,1.4013e-44,0.192827,
6.91,0.186939,4.06377e-44,0.188892,
6.92,0.187915,8.40779e-45,0.187915,
6.93,0.196803,3.22299e-44,0.197803,
6.94,0.197803,4.62428e-44,0.195805,
6.95,0.195805,7.00649e-45,0.199811,
6.96,0.199811,2.8026e-44,0.200818,
6.97,0.198806,0,0.198806,
6.98,0.198806,2.10195e-44,0.203856,
6.99,0.202841,3.50325e-44,0.204874,
7,0.196803,8.40779e-45,0.199811,
7.01,0.233297,3.36312e-44,0.244287,
7.02,0.228971,4.62428e-44,0.218331,
7.03,0.174491,7.00649e-45,0.178276,
7.04,0.123315,3.92364e-44,0.123315,
7.05,0.152622,4.2039e-45,0.152622,
7.06,0.140531,2.38221e-44,0.143081,
7.07,0.162466,4.34403e-44,0.166121,
7.08,0.154389,4.62428e-44,0.14738,
7.09,0.0921958,1.82169e-44,0.0942721,
7.1,0.0678466,4.2039e-44,0.0678466,
7.11,0.0782927,1.4013e-45,0.0789297,
7.12,0.0451413,2.8026e-44,0.0461224,
7.13,0.0559418,2.8026e-45,0.0559418,
7.14,0.0708438,1.96182e-44,0.0720603,
7.15,0.0770261,4.62428e-44,0.0770261,
7.16,0.0915087,7.00649e-45,0.0935775,
7.17,0.0789297,1.82169e-44,0.0802112,
7.18,0.0486188,3.78351e-44,0.0491256,
7.19,0.0422583,4.62428e-44,0.0408506,
7.2,0.0196975,2.24208e-44,0.0196975,
7.21,0.0390088,3.64338e-44,0.0471134,
7.22,0.0436886,1.4013e-45,0.0436886,
7.23,0.0417866,1.68156e-44,0.0427326,
7.24,0.0276241,3.50325e-44,0.0287989,
7.25,0.0345794,4.2039e-45,0.0358819,
7.26,0.0341502,2.24208e-44,0.0354452,
7.27,0.0345794,4.06377e-44,0.035011,
7.28,0.035011,1.4013e-44,0.035011,
7.29,0.0358819,3.36312e-44,0.0363211,
7.3,0.0210485,2.8026e-45,0.0238708,
7.31,0.0461224,1.68156e-44,0.0486188,
7.32,0.0242349,4.2039e-44,0.0242349,
7.33,0.0276241,7.00649e-45,0.0291955,
7.34,0.0413174,3.22299e-44,0.0441703,
7.35,0.0446546,4.76441e-44,0.0390088,
7.36,0.0217391,1.26117e-44,0.0260928,
7.37,0.0287989,3.08286e-44,0.0299963,
7.38,0.0451413,4.48416e-44,0.0456306,
7.39,0.0246015,4.76441e-44,0.0220881,
7.4,0.0280132,2.10195e-44,0.0284048,
7.41,0.0304004,4.34403e-44,0.030807,
7.42,0.0284048,5.60519e-45,0.0299963,
7.43,0.0291955,1.96182e-44,0.0299963,
7.44,0.0284048,4.34403e-44,0.0268534,
7.45,0.0284048,1.68156e-44,0.0287989,
7.46,0.0295946,3.22299e-44,0.0304004,
7.47,0.0291955,4.62428e-44,0.0276241,
7.48,0.0276241,1.26117e-44,0.0280132,
7.49,0.0376536,2.52234e-44,0.0394655,
7.5,0.0481145,4.62428e-44,0.0491256,
7.51,0.0471134,2.66247e-44,0.0471134,
7.52,0.0394655,4.62428e-44,0.0390088,
7.53,0.0654939,7.00649e-45,0.0654939,
7.54,0.0501467,2.52234e-44,0.0511778,
7.55,0.0496349,0,0.0496349,
7.56,0.0708438,1.4013e-44,0.0757696,
7.57,0.0834589,3.22299e-44,0.0841159,
7.58,0.0915087,2.8026e-45,0.0915087,
7.59,0.0763966,2.8026e-44,0.0770261,
7.6,0.0802112,4.2039e-44,0.0821523,
7.61,0.0575749,1.68156e-44,0.061473,
7.62,0.172614,4.34403e-44,0.170746,
7.63,0.169816,4.76441e-44,0.169816,
7.64,0.163376,2.24208e-44,0.167041,
7.65,0.12411,3.08286e-44,0.125707,
7.66,0.105726,4.34403e-44,0.106464,
7.67,0.102803,5.60519e-45,0.104992,
7.68,0.0949692,1.4013e-44,0.0956688,
7.69,0.0970756,4.48416e-44,0.0949692,
7.7,0.0963709,9.80909e-45,0.0977827,
7.71,0.0808557,2.52234e-44,0.0808557,
7.72,0.144793,3.22299e-44,0.151742,
7.73,0.395703,4.76441e-44,0.329519,
7.74,0.246515,2.24208e-44,0.260094,
7.75,0.224685,3.92364e-44,0.224685,
7.76,0.222557,7.00649e-45,0.225753,
7.77,0.2454,1.4013e-45,0.247633,
7.78,0.244287,1.12104e-44,0.244287,
7.79,0.22362,2.38221e-44,0.226823,
7.8,0.225753,2.8026e-45,0.225753,
7.81,0.226823,1.68156e-44,0.232212,
7.82,0.231129,3.92364e-44,0.234385,
7.83,0.228971,7.00649e-45,0.234385,
7.84,0.227896,1.26117e-44,0.231129,
7.85,0.234385,3.64338e-44,0.235475,
7.86,0.228971,8.40779e-45,0.228971,
7.87,0.227896,3.50325e-44,0.233297,
7.88,0.227896,7.00649e-45,0.233297,
7.89,0.230049,2.10195e-44,0.231129,
7.9,0.231129,1.4013e-45,0.238761,
7.91,0.230049,7.00649e-45,0.233297,
7.92,0.225753,3.50325e-44,0.227896,
7.93,0.22362,2.8026e-45,0.227896,
7.94,0.166121,3.08286e-44,0.166121,
7.95,0.174491,3.36312e-44,0.174491,
7.96,0.141379,4.06377e-44,0.141379,
7.97,0.0757696,0,0.0757696,
7.98,0.0516971,3.22299e-44,0.0516971,
7.99,0.0332994,1.4013e-45,0.0358819,
8,0.0399247,7.00649e-45,0.0436886,
8.01,0.0413174,2.38221e-44,0.0413174,
8.02,0.0597874,4.06377e-44,0.061473,
8.03,0.0481145,1.68156e-44,0.0481145,
8.04,0.030807,2.94273e-44,0.0316278,
8.05,0.0132618,4.76441e-44,0.0138271,
8.06,0.0268534,1.54143e-44,0.0284048,
8.07,0.0217391,2.8026e-44,0.0220881,
8.08,0.0441703,2.8026e-45,0.0446546,
8.09,0.0268534,3.78351e-44,0.0268534,
8.1,0.0284048,4.34403e-44,0.0304004,
8.11,0.0284048,8.40779e-45,0.0284048,
8.12,0.0291955,2.38221e-44,0.0291955,
8.13,0.0312162,0,0.0312162,
8.14,0.0316278,9.80909e-45,0.0324586,
8.15,0.0312162,2.94273e-44,0.0332994,
8.16,0.030807,7.00649e-45,0.0328777,
8.17,0.030807,1.96182e-44,0.0320419,
8.18,0.0324586,4.34403e-44,0.030807,
8.19,0.030807,2.66247e-44,0.030807,
8.2,0.0299963,4.2039e-44,0.0304004,
8.21,0.0118922,9.80909e-45,0.0118922,
8.22,0.00815926,2.52234e-44,0.00815926,
8.23,0.00793043,4.34403e-44,0.00793043,
8.24,0.00518348,1.12104e-44,0.00537976,
8.25,0.00518348,3.08286e-44,0.00748027,
8.26,0.00682383,4.2039e-45,0.00704014,
8.27,0.0105853,2.38221e-44,0.0108417,
8.28,0.0077041,1.4013e-45,0.00793043,
8.29,0.00815926,2.38221e-44,0.00815926,
8.3,0.0077041,0,0.00815926,
8.31,0.00725895,2.8026e-45,0.00793043,
8.32,0.00793043,2.66247e-44,0.0083906,
8.33,0.00793043,0,0.00793043,
8.34,0.0116259,9.80909e-45,0.0118922,
8.35,0.0127065,1.82169e-44,0.0132618,
8.36,0.0077041,3.22299e-44,0.0077041,
8.37,0.0174295,1.4013e-45,0.0174295,
8.38,0.0260928,1.96182e-44,0.0268534,
8.39,0.0224397,2.8026e-44,0.0224397,
8.4,0.0135432,4.06377e-44,0.0141136,
8.41,0.0224397,7.00649e-45,0.0238708,
8.42,0.0372069,2.94273e-44,0.0376536,
8.43,0.110187,4.62428e-44,0.112451,
8.44,0.0908241,0,0.0908241,
8.45,0.0999191,1.54143e-44,0.0999191,
8.46,0.0522189,2.66247e-44,0.0559418,
8.47,0.0678466,5.60519e-45,0.0708438,
8.48,0.119379,3.22299e-44,0.119379,
8.49,0.102803,1.4013e-45,0.102803,
8.5,0.0956688,1.82169e-44,0.0963709,
8.51,0.0915087,4.2039e-44,0.0915087,
8.52,0.0789297,5.60519e-45,0.0867691,
8.53,0.0828043,1.26117e-44,0.0847755,
8.54,0.0984923,2.24208e-44,0.102803,
8.55,0.0815028,4.06377e-44,0.0847755,
8.56,0.0808557,1.12104e-44,0.0841159,
8.57,0.112451,2.8026e-44,0.113211,
8.58,0.117047,4.06377e-44,0.117047,
8.59,0.0921958,9.80909e-45,0.0921958,
8.6,0.0867691,3.22299e-44,0.0867691,
8.61,0.0776581,2.8026e-45,0.0894624,
8.62,0.199811,1.26117e-44,0.200818,
8.63,0.345172,3.50325e-44,0.345172,
8.64,0.225753,0,0.22362,
8.65,0.218331,2.24208e-44,0.218331,
8.66,0.186939,3.64338e-44,0.187915,
8.67,0.184997,4.2039e-44,0.188892,
8.68,0.185967,1.82169e-44,0.188892,
8.69,0.187915,4.06377e-44,0.189872,
8.7,0.186939,1.4013e-44,0.189872,
8.71,0.190855,4.06377e-44,0.192827,
8.72,0.186939,4.2039e-45,0.188892,
8.73,0.188892,3.92364e-44,0.192827,
8.74,0.186939,8.40779e-45,0.187915,
8.75,0.207942,2.94273e-44,0.213105,
8.76,0.184029,4.06377e-44,0.184997,
8.77,0.113973,5.60519e-45,0.116275,
8.78,0.102078,1.54143e-44,0.104992,
8.79,0.107945,4.48416e-44,0.110187,
8.8,0.10869,8.40779e-45,0.109437,
8.81,0.0942721,1.82169e-44,0.0942721,
8.82,0.0970756,3.92364e-44,0.0984923,
8.83,0.0537994,9.80909e-45,0.0559418,
8.84,0.0385545,3.36312e-44,0.0390088,
8.85,0.0456306,0,0.0471134,
8.86,0.068441,1.4013e-44,0.0696374,
8.87,0.0678466,2.94273e-44,0.0678466,
8.88,0.0592305,2.8026e-45,0.0592305,
8.89,0.0726722,1.4013e-44,0.0763966,
8.9,0.0516971,2.66247e-44,0.0522189,
8.91,0.0631812,4.2039e-44,0.0631812,
8.92,0.0516971,1.68156e-44,0.0532701,
8.93,0.0461224,4.48416e-44,0.0466166,
8.94,0.0276241,9.80909e-45,0.0276241,
8.95,0.0158847,2.24208e-44,0.017746,
8.96,0.0253421,5.60519e-45,0.0253421,
8.97,0.0231502,2.66247e-44,0.0235093,
8.98,0.0304004,4.34403e-44,0.0280132,
8.99,0.0257162,1.26117e-44,0.0257162,
9,0.0246015,3.22299e-44,0.0249705,
9.01,0.0287989,4.48416e-44,0.0299963,
9.02,0.0291955,1.12104e-44,0.0291955,
9.03,0.0295946,2.94273e-44,0.0299963,
9.04,0.0295946,4.76441e-44,0.0284048,
9.05,0.0291955,1.54143e-44,0.0304004,
9.06,0.0304004,4.06377e-44,0.030807,
9.07,0.0284048,1.4013e-45,0.0284048,
9.08,0.0276241,1.12104e-44,0.0284048,
9.09,0.0272375,3.08286e-44,0.0276241,
9.1,0.0276241,5.60519e-45,0.0291955,
9.11,0.0284048,3.92364e-44,0.0287989,
9.12,0.0287989,1.12104e-44,0.0287989,
9.13,0.0284048,3.92364e-44,0.0284048,
9.14,0.0272375,2.8026e-45,0.0280132,
9.15,0.0276241,3.08286e-44,0.0276241,
9.16,0.0280132,0,0.0280132,
9.17,0.0337235,1.26117e-44,0.0341502,
9.18,0.0672546,3.22299e-44,0.0678466,
9.19,0.0564836,4.34403e-44,0.057028,
9.2,0.0554024,9.80909e-45,0.0586761,
9.21,0.057028,2.52234e-44,0.0581242,
9.22,0.0537994,3.92364e-44,0.061473,
9.23,0.0795692,4.2039e-45,0.0802112,
9.24,0.0666652,2.52234e-44,0.0666652,
9.25,0.0491256,4.34403e-44,0.0501467,
9.26,0.0815028,1.12104e-44,0.0834589,
9.27,0.162466,3.36312e-44,0.172614,
9.28,0.173551,0,0.173551,
9.29,0.160654,1.68156e-44,0.162466,
9.3,0.0984923,3.78351e-44,0.101356,
9.31,0.0942721,0,0.0887853,
9.32,0.0702394,7.00649e-45,0.0708438,
9.33,0.104992,1.68156e-44,0.106464,
9.34,0.307962,4.62428e-44,0.305474,
9.35,0.221497,1.68156e-44,0.222557,
9.36,0.202841,2.94273e-44,0.205894,
9.37,0.192827,0,0.192827,
9.38,0.171679,1.12104e-44,0.177326,
9.39,0.176379,3.36312e-44,0.182102,
9.4,0.173551,0,0.173551,
9.41,0.172614,1.26117e-44,0.173551,
9.42,0.178276,3.36312e-44,0.180184,
9.43,0.178276,4.62428e-44,0.178276,
9.44,0.177326,4.2039e-45,0.178276,
9.45,0.177326,3.08286e-44,0.181142,
9.46,0.180184,4.62428e-44,0.177326,
9.47,0.180184,1.68156e-44,0.180184,
9.48,0.179229,2.8026e-44,0.179229,
9.49,0.178276,3.64338e-44,0.181142,
9.5,0.182102,5.60519e-45,0.183064,
9.51,0.185967,2.38221e-44,0.185967,
9.52,0.183064,4.06377e-44,0.184997,
9.53,0.182102,1.96182e-44,0.186939,
9.54,0.184997,4.06377e-44,0.185967,
9.55,0.182102,2.8026e-45,0.19184,
9.56,0.185967,2.10195e-44,0.188892,
9.57,0.188892,4.62428e-44,0.182102,
9.58,0.180184,1.4013e-44,0.183064,
9.59,0.221497,3.64338e-44,0.222557,
9.6,0.169816,2.8026e-45,0.169816,
9.61,0.136332,1.96182e-44,0.137167,
9.62,0.115505,2.52234e-44,0.116275,
9.63,0.115505,7.00649e-45,0.115505,
9.64,0.0867691,2.52234e-44,0.0867691,
9.65,0.110187,1.4013e-45,0.0992045,
9.66,0.0537994,2.38221e-44,0.0537994,
9.67,0.0496349,3.92364e-44,0.0496349,
9.68,0.0399247,1.68156e-44,0.0399247,
9.69,0.0543313,4.2039e-44,0.0564836,
9.7,0.0592305,1.12104e-44,0.0603467,
9.71,0.0660783,3.92364e-44,0.0666652,
9.72,0.0795692,4.06377e-44,0.0808557,
9.73,0.0828043,8.40779e-45,0.0841159,
9.74,0.0451413,2.66247e-44,0.0451413,
9.75,0.0358819,4.48416e-44,0.0363211,
9.76,0.0295946,4.76441e-44,0.0276241,
9.77,0.0124325,1.54143e-44,0.0127065,
9.78,0.0227937,3.22299e-44,0.0231502,
9.79,0.0304004,2.8026e-45,0.0304004,
9.8,0.0284048,1.54143e-44,0.030807,
9.81,0.0284048,3.64338e-44,0.0287989,
9.82,0.0257162,4.76441e-44,0.0253421,
9.83,0.0260928,1.96182e-44,0.0268534,
9.84,0.0257162,0,0.0291955,
9.85,0.0291955,1.54143e-44,0.0295946,
9.86,0.0295946,3.78351e-44,0.0299963,
9.87,0.0291955,4.76441e-44,0.0284048,
9.88,0.0287989,8.40779e-45,0.0304004,
9.89,0.0291955,2.8026e-44,0.0295946,
9.9,0.0291955,4.62428e-44,0.0276241,
9.91,0.0284048,1.12104e-44,0.0287989,
9.92,0.0284048,3.78351e-44,0.0295946,
9.93,0.0264718,0,0.0264718,
9.94,0.0264718,3.36312e-44,0.0268534,
9.95,0.0408506,0,0.0399247,
9.96,0.0417866,8.40779e-45,0.0436886,
9.97,0.0501467,3.08286e-44,0.0501467,
9.98,0.0441703,4.62428e-44,0.0436886,
9.99,0.0441703,1.68156e-44,0.0441703,
10,0.0678466,3.78351e-44,0.0702394,
10.01,0.0795692,1.54143e-44,0.0795692,
10.02,0.0745232,3.92364e-44,0.0751452,
10.03,0.0637556,7.00649e-45,0.0643325,
10.04,0.0672546,2.8026e-44,0.0672546,
10.05,0.0543313,3.50325e-44,0.0581242,
10.06,0.0928854,4.2039e-45,0.0928854,
10.07,0.165204,1.68156e-44,0.167041,
10.08,0.117047,3.22299e-44,0.122523,
10.09,0.0921958,1.4013e-45,0.0921958,
10.1,0.0874387,2.8026e-44,0.090142,
10.11,0.0867691,4.06377e-44,0.0887853,
10.12,0.0795692,7.00649e-45,0.0795692,
10.13,0.0802112,3.50325e-44,0.0847755,
10.14,0.0854375,4.48416e-44,0.0841159,
10.15,0.0977827,8.40779e-45,0.0984923,
10.16,0.0928854,3.50325e-44,0.0928854,
10.17,0.0732867,1.12104e-44,0.0751452,
10.18,0.145653,2.10195e-44,0.192827,
10.19,0.262393,3.64338e-44,0.269347,
10.2,0.257806,4.76441e-44,0.25326,
10.21,0.214145,8.40779e-45,0.215188,
10.22,0.246515,3.08286e-44,0.248753,
10.23,0.261242,4.76441e-44,0.261242,
10.24,0.258949,1.4013e-44,0.258949,
10.25,0.22362,1.68156e-44,0.224685,
10.26,0.225753,3.64338e-44,0.231129,
10.27,0.224685,1.4013e-45,0.227896,
10.28,0.228971,1.68156e-44,0.230049,
10.29,0.230049,4.48416e-44,0.231129,
10.3,0.225753,2.8026e-45,0.230049,
10.31,0.226823,1.26117e-44,0.233297,
10.32,0.231129,4.62428e-44,0.225753,
10.33,0.230049,1.12104e-44,0.230049,
10.34,0.234385,3.64338e-44,0.235475,
10.35,0.237663,4.2039e-44,0.238761,
10.36,0.234385,1.4013e-44,0.235475,
10.37,0.237663,4.06377e-44,0.238761,
10.38,0.235475,1.4013e-45,0.235475,
10.39,0.237663,1.54143e-44,0.2454,
10.4,0.235475,3.64338e-44,0.238761,
10.41,0.235475,0,0.235475,
10.42,0.255528,9.80909e-45,0.257806,
10.43,0.222557,2.8026e-44,0.226823,
10.44,0.193818,4.06377e-44,0.197803,
10.45,0.180184,4.2039e-45,0.181142,
10.46,0.177326,2.38221e-44,0.181142,
10.47,0.158852,3.78351e-44,0.159752,
10.48,0.0841159,2.8026e-45,0.0841159,
10.49,0.0949692,2.8026e-44,0.0949692,
10.5,0.0867691,4.34403e-44,0.0874387,
10.51,0.0854375,4.76441e-44,0.0757696,
10.52,0.0581242,1.4013e-45,0.0581242,
10.53,0.0501467,2.10195e-44,0.0516971,
10.54,0.0403864,4.48416e-44,0.0413174,
10.55,0.0776581,7.00649e-45,0.0776581,
10.56,0.061473,1.82169e-44,0.0660783,
10.57,0.0714508,4.48416e-44,0.0631812,
10.58,0.0854375,9.80909e-45,0.0867691,
10.59,0.0935775,3.22299e-44,0.0963709,
10.6,0.0486188,2.8026e-45,0.0516971,
10.61,0.0516971,2.10195e-44,0.0522189,
10.62,0.0345794,3.64338e-44,0.0345794,
10.63,0.0161887,2.8026e-45,0.0171156,
10.64,0.0158847,1.54143e-44,0.0158847,
10.65,0.0253421,2.8026e-44,0.0284048,
10.66,0.030807,2.8026e-45,0.030807,
10.67,0.0280132,1.26117e-44,0.0291955,
10.68,0.0320419,2.66247e-44,0.0332994,
10.69,0.0337235,2.8026e-45,0.0337235,
10.7,0.0341502,1.54143e-44,0.0341502,
10.71,0.0354452,4.2039e-44,0.0358819,
10.72,0.0345794,1.12104e-44,0.035011,
10.73,0.0341502,1.96182e-44,0.035011,
10.74,0.0341502,3.50325e-44,0.0341502,
10.75,0.0332994,4.34403e-44,0.0341502,
10.76,0.0341502,1.68156e-44,0.0345794,
10.77,0.0345794,3.64338e-44,0.0345794,
10.78,0.0332994,9.80909e-45,0.0337235,
10.79,0.0332994,3.22299e-44,0.0341502,
10.8,0.0332994,1.12104e-44,0.0332994,
10.81,0.0332994,3.50325e-44,0.0337235,
10.82,0.0284048,4.2039e-45,0.0291955,
10.83,0.0284048,2.38221e-44,0.030807,
10.84,0.0451413,4.2039e-44,0.0451413,
10.85,0.035011,2.8026e-45,0.0363211,
10.86,0.0543313,2.24208e-44,0.0581242,
10.87,0.0564836,4.06377e-44,0.0575749,
10.88,0.0461224,8.40779e-45,0.0466166,
10.89,0.0702394,3.22299e-44,0.0726722,
10.9,0.0609086,4.62428e-44,0.0581242,
10.91,0.0874387,2.24208e-44,0.0908241,
10.92,0.0867691,3.92364e-44,0.0867691,
10.93,0.0620399,4.76441e-44,0.0532701,
10.94,0.0609086,1.82169e-44,0.0757696,
10.95,0.149117,3.92364e-44,0.14999,
10.96,0.161559,0,0.164289,
10.97,0.117822,1.82169e-44,0.117822,
10.98,0.107945,3.64338e-44,0.107945,
10.99,0.0977827,4.76441e-44,0.0928854,
11,0.0915087,3.22299e-44,0.0956688,
11.01,0.0763966,1.4013e-45,0.0770261,
11.02,0.131375,1.68156e-44,0.136332,
11.03,0.383096,3.78351e-44,0.384487,
11.04,0.234385,4.48416e-44,0.235475,
11.05,0.185967,4.2039e-45,0.185967,
11.06,0.168889,2.52234e-44,0.169816,
11.07,0.195805,5.60519e-45,0.199811,
11.08,0.217281,1.4013e-44,0.228971,
11.09,0.255528,2.8026e-44,0.256666,
11.1,0.251002,3.64338e-44,0.251002,
11.11,0.231129,4.2039e-45,0.232212,
11.12,0.233297,2.8026e-44,0.234385,
11.13,0.230049,4.48416e-44,0.231129,
11.14,0.227896,1.26117e-44,0.232212,
11.15,0.228971,3.22299e-44,0.233297,
11.16,0.2454,4.2039e-45,0.2454,
11.17,0.264701,1.82169e-44,0.267019,
11.18,0.270515,3.78351e-44,0.270515,
11.19,0.258949,4.62428e-44,0.260094,
11.2,0.226823,2.24208e-44,0.227896,
11.21,0.185967,2.94273e-44,0.189872,
11.22,0.156167,0,0.157059,
11.23,0.137167,5.60519e-45,0.138844,
11.24,0.0763966,2.94273e-44,0.0770261,
11.25,0.0666652,4.48416e-44,0.0672546,
11.26,0.0491256,1.26117e-44,0.0501467,
11.27,0.0471134,2.66247e-44,0.0486188,
11.28,0.0496349,2.8026e-45,0.0543313,
11.29,0.0620399,1.12104e-44,0.0631812,
11.3,0.061473,3.36312e-44,0.0637556,
11.31,0.0739037,9.80909e-45,0.0739037,
11.32,0.0564836,2.10195e-44,0.0581242,
11.33,0.0603467,4.34403e-44,0.0603467,
11.34,0.0511778,4.76441e-44,0.0511778,
11.35,0.0337235,3.22299e-44,0.0341502,
11.36,0.0257162,0,0.0242349,
11.37,0.00909963,7.00649e-45,0.00958484,
11.38,0.0316278,2.38221e-44,0.0320419,
11.39,0.0295946,1.4013e-45,0.0320419,
11.4,0.0328777,1.68156e-44,0.0337235,
11.41,0.0345794,3.64338e-44,0.0358819,
11.42,0.035011,5.60519e-45,0.035011,
11.43,0.0341502,2.52234e-44,0.0341502,
11.44,0.0345794,3.92364e-44,0.035011,
11.45,0.0337235,2.8026e-45,0.0337235,
11.46,0.0341502,2.8026e-44,0.0345794,
11.47,0.0345794,4.62428e-44,0.0345794,
11.48,0.0332994,1.54143e-44,0.0358819,
11.49,0.0332994,4.06377e-44,0.0341502,
11.5,0.0328777,7.00649e-45,0.0341502,
11.51,0.0341502,2.8026e-44,0.0354452,
11.52,0.0324586,0,0.0324586,
11.53,0.0328777,2.38221e-44,0.0328777,
11.54,0.0291955,4.48416e-44,0.0295946,
11.55,0.0324586,1.26117e-44,0.0332994,
11.56,0.0337235,2.94273e-44,0.0354452,
11.57,0.0696374,2.8026e-45,0.0702394,
11.58,0.0451413,2.24208e-44,0.0461224,
11.59,0.0481145,4.06377e-44,0.0486188,
11.6,0.0714508,9.80909e-45,0.0732867,
11.61,0.0841159,2.8026e-44,0.0861021,
11.62,0.0894624,4.34403e-44,0.090142,
11.63,0.0678466,1.96182e-44,0.068441,
11.64,0.0696374,4.34403e-44,0.0696374,
11.65,0.0586761,1.54143e-44,0.0603467,
11.66,0.183064,4.06377e-44,0.188892,
11.67,0.193818,4.62428e-44,0.186939,
11.68,0.154389,1.68156e-44,0.155277,
11.69,0.102803,4.62428e-44,0.101356,
11.7,0.0970756,2.66247e-44,0.0970756,
11.71,0.0802112,2.8026e-45,0.0782927,
11.72,0.12411,4.2039e-45,0.127314,
11.73,0.328231,1.54143e-44,0.345172,
11.74,0.247633,2.52234e-44,0.248753,
11.75,0.235475,4.2039e-44,0.238761,
11.76,0.172614,7.00649e-45,0.172614,
11.77,0.192827,1.68156e-44,0.193818,
11.78,0.195805,4.06377e-44,0.196803,
11.79,0.192827,2.24208e-44,0.193818,
11.8,0.193818,3.92364e-44,0.19481,
11.81,0.196803,4.2039e-45,0.197803,
11.82,0.205894,2.66247e-44,0.205894,
11.83,0.203856,0,0.203856,
11.84,0.183064,2.24208e-44,0.185967,
11.85,0.170746,4.48416e-44,0.167041,
11.86,0.170746,1.54143e-44,0.171679,
11.87,0.172614,4.2039e-44,0.173551,
11.88,0.176379,5.60519e-45,0.176379,
11.89,0.175434,1.26117e-44,0.180184,
11.9,0.177326,2.66247e-44,0.178276,
11.91,0.176379,4.2039e-45,0.178276,
11.92,0.178276,2.24208e-44,0.181142,
11.93,0.180184,4.76441e-44,0.178276,
11.94,0.179229,7.00649e-45,0.182102,
11.95,0.178276,3.36312e-44,0.182102,
11.96,0.179229,3.78351e-44,0.179229,
11.97,0.216233,5.60519e-45,0.218331,
11.98,0.233297,1.96182e-44,0.236568,
11.99,0.214145,3.92364e-44,0.217281,
12,0.156167,2.8026e-45,0.159752,
12.01,0.124907,1.68156e-44,0.126509,
12.02,0.124907,3.36312e-44,0.124907,
12.03,0.0867691,4.34403e-44,0.0867691,
12.04,0.0476127,1.4013e-44,0.0481145,
12.05,0.0436886,3.78351e-44,0.0436886,
12.06,0.0284048,0,0.0284048,
12.07,0.0491256,1.12104e-44,0.0491256,
12.08,0.0390088,3.36312e-44,0.0403864,
12.09,0.0242349,4.76441e-44,0.0210485,
12.1,0.0235093,1.82169e-44,0.0238708,
12.11,0.0291955,3.64338e-44,0.0295946,
12.12,0.0260928,4.62428e-44,0.0272375,
12.13,0.0312162,8.40779e-45,0.0320419,
12.14,0.0280132,3.92364e-44,0.0280132,
12.15,0.0268534,1.4013e-44,0.0276241,
12.16,0.0291955,2.94273e-44,0.0291955,
12.17,0.0284048,4.2039e-45,0.0332994,
12.18,0.0390088,1.26117e-44,0.0390088,
12.19,0.0332994,3.08286e-44,0.0341502,
12.2,0.0196975,4.62428e-44,0.0183865,
12.21,0.0363211,9.80909e-45,0.0376536,
12.22,0.0332994,2.66247e-44,0.0337235,
12.23,0.0231502,3.92364e-44,0.0246015,
12.24,0.0253421,1.4013e-45,0.0253421,
12.25,0.0246015,9.80909e-45,0.0253421,
12.26,0.0253421,3.08286e-44,0.0253421,
12.27,0.0253421,1.12104e-44,0.0253421,
12.28,0.0246015,4.34403e-44,0.0253421,
12.29,0.0249705,8.40779e-45,0.0249705,
12.3,0.0249705,2.94273e-44,0.0260928,
12.31,0.0249705,4.62428e-44,0.0246015,
12.32,0.0235093,1.68156e-44,0.0246015,
12.33,0.0235093,4.06377e-44,0.0235093,
12.34,0.0345794,7.00649e-45,0.035011,
12.35,0.0332994,3.92364e-44,0.0332994,
12.36,0.0332994,7.00649e-45,0.0341502,
12.37,0.0678466,2.38221e-44,0.0714508,
12.38,0.0696374,3.92364e-44,0.0708438,
12.39,0.0408506,1.96182e-44,0.0441703,
12.4,0.0481145,4.34403e-44,0.0486188,
12.41,0.0745232,5.60519e-45,0.0757696,
12.42,0.0867691,2.8026e-44,0.0867691,
12.43,0.0841159,3.92364e-44,0.0847755,
12.44,0.068441,2.38221e-44,0.068441,
12.45,0.0643325,3.92364e-44,0.0915087,
12.46,0.148248,5.60519e-45,0.148248,
12.47,0.143081,1.54143e-44,0.144793,
12.48,0.114738,3.50325e-44,0.115505,
12.49,0.0847755,2.8026e-45,0.0854375,
12.5,0.0834589,2.24208e-44,0.0847755,
12.51,0.0808557,1.4013e-45,0.0847755,
12.52,0.0854375,1.54143e-44,0.0867691,
12.53,0.0874387,4.48416e-44,0.0887853,
12.54,0.109437,1.26117e-44,0.109437,
12.55,0.0894624,3.64338e-44,0.0908241,
12.56,0.0808557,4.76441e-44,0.0874387,
12.57,0.0867691,1.12104e-44,0.0874387,
12.58,0.0881108,4.34403e-44,0.0881108,
12.59,0.0874387,2.24208e-44,0.0874387,
12.6,0.0867691,3.92364e-44,0.0881108,
12.61,0.0942721,1.4013e-44,0.0977827,
12.62,0.238761,4.2039e-44,0.238761,
12.63,0.33081,2.8026e-45,0.333398,
12.64,0.2454,1.96182e-44,0.248753,
12.65,0.234385,3.64338e-44,0.234385,
12.66,0.206917,4.2039e-45,0.207942,
12.67,0.20897,2.52234e-44,0.211032,
12.68,0.212068,4.48416e-44,0.21,
12.69,0.214145,1.26117e-44,0.217281,
12.7,0.231129,3.92364e-44,0.235475,
12.71,0.238761,8.40779e-45,0.239861,
12.72,0.239861,2.24208e-44,0.242069,
12.73,0.246515,3.64338e-44,0.246515,
12.74,0.242069,4.2039e-45,0.248753,
12.75,0.244287,2.52234e-44,0.2454,
12.76,0.248753,3.50325e-44,0.251002,
12.77,0.247633,0,0.2454,
12.78,0.2454,1.4013e-44,0.251002,
12.79,0.252129,2.24208e-44,0.252129,
12.8,0.251002,4.62428e-44,0.251002,
12.81,0.249876,4.2039e-45,0.252129,
12.82,0.255528,2.8026e-44,0.257806,
12.83,0.252129,4.34403e-44,0.252129,
12.84,0.255528,8.40779e-45,0.255528,
12.85,0.255528,2.8026e-44,0.258949,
12.86,0.251002,0,0.252129,
12.87,0.249876,1.96182e-44,0.251002,
12.88,0.240964,3.64338e-44,0.2454,
12.89,0.235475,4.76441e-44,0.232212,
12.9,0.235475,1.4013e-44,0.246515,
12.91,0.228971,2.8026e-44,0.231129,
12.92,0.173551,3.22299e-44,0.178276,
12.93,0.158852,4.48416e-44,0.162466,
12.94,0.107203,8.40779e-45,0.10869,
12.95,0.120946,3.08286e-44,0.122523,
12.96,0.0815028,4.34403e-44,0.0854375,
12.97,0.0666652,4.62428e-44,0.0376536,
12.98,0.0312162,2.10195e-44,0.0316278,
12.99,0.0441703,4.06377e-44,0.0451413,
13,0.0516971,4.62428e-44,0.0496349,
13.01,0.0268534,2.24208e-44,0.0272375,
13.02,0.0284048,3.50325e-44,0.0291955,
13.03,0.0174295,8.40779e-45,0.019037,
13.04,0.0238708,1.68156e-44,0.0253421,
13.05,0.0320419,4.06377e-44,0.0332994,
13.06,0.0316278,4.76441e-44,0.030807,
13.07,0.0272375,1.96182e-44,0.0284048,
13.08,0.0268534,4.06377e-44,0.0280132,
13.09,0.0280132,2.8026e-45,0.0284048,
13.1,0.0299963,1.68156e-44,0.0304004,
13.11,0.0295946,4.2039e-44,0.0299963,
13.12,0.0295946,1.4013e-45,0.0287989,
13.13,0.0280132,4.2039e-45,0.0295946,
13.14,0.0291955,2.8026e-44,0.0295946,
13.15,0.0299963,3.50325e-44,0.0299963,
13.16,0.0295946,8.40779e-45,0.0295946,
13.17,0.0291955,3.36312e-44,0.0312162,
13.18,0.0276241,5.60519e-45,0.0291955,
13.19,0.0280132,1.4013e-44,0.0284048,
13.2,0.0287989,4.34403e-44,0.0272375,
13.21,0.0280132,1.12104e-44,0.0280132,
13.22,0.0280132,4.34403e-44,0.0295946,
13.23,0.0272375,5.60519e-45,0.0299963,
13.24,0.0280132,2.24208e-44,0.0280132,
13.25,0.0312162,4.06377e-44,0.0316278,
13.26,0.0461224,5.60519e-45,0.0466166,
13.27,0.0432093,1.4013e-44,0.0436886,
13.28,0.0522189,2.94273e-44,0.0537994,
13.29,0.0461224,4.62428e-44,0.0446546,
13.3,0.0476127,4.2039e-45,0.0491256,
13.31,0.0739037,2.10195e-44,0.0757696,
13.32,0.0874387,0,0.0867691,
13.33,0.0828043,8.40779e-45,0.0828043,
13.34,0.0720603,4.2039e-44,0.0732867,
13.35,0.050661,5.60519e-45,0.050661,
13.36,0.107203,1.96182e-44,0.109437,
13.37,0.180184,3.92364e-44,0.181142,
13.38,0.155277,1.4013e-45,0.158852,
13.39,0.126509,2.66247e-44,0.126509,
13.4,0.0928854,4.2039e-45,0.0928854,
13.41,0.0867691,2.66247e-44,0.0908241,
13.42,0.0894624,4.62428e-44,0.0720603,
13.43,0.0956688,1.4013e-44,0.101356,
13.44,0.234385,3.50325e-44,0.234385,
13.45,0.342538,4.48416e-44,0.339914,
13.46,0.242069,2.8026e-45,0.243177,
13.47,0.232212,2.10195e-44,0.233297,
13.48,0.186939,3.64338e-44,0.187915,
13.49,0.172614,4.34403e-44,0.172614,
13.5,0.168889,4.2039e-45,0.170746,
13.51,0.173551,1.4013e-44,0.174491,
13.52,0.175434,3.08286e-44,0.176379,
13.53,0.175434,4.2039e-45,0.177326,
13.54,0.178276,2.24208e-44,0.180184,
13.55,0.175434,3.08286e-44,0.180184,
13.56,0.179229,1.4013e-45,0.177326,
13.57,0.180184,1.26117e-44,0.180184,
13.58,0.180184,3.22299e-44,0.183064,
13.59,0.203856,0,0.20897,
13.6,0.215188,1.96182e-44,0.218331,
13.61,0.211032,2.24208e-44,0.216233,
13.62,0.19481,0,0.198806,
13.63,0.175434,5.60519e-45,0.175434,
13.64,0.10869,2.38221e-44,0.109437,
13.65,0.0949692,3.92364e-44,0.0963709,
13.66,0.0720603,7.00649e-45,0.0726722,
13.67,0.0678466,2.52234e-44,0.069038,
13.68,0.0408506,3.92364e-44,0.0417866,
13.69,0.0238708,9.80909e-45,0.0284048,
13.7,0.057028,2.38221e-44,0.0609086,
13.71,0.0287989,0,0.0287989,
13.72,0.0316278,2.38221e-44,0.0320419,
13.73,0.0235093,4.48416e-44,0.0235093,
13.74,0.0135432,1.26117e-44,0.0138271,
13.75,0.0231502,0,0.0264718,
13.76,0.0287989,4.2039e-45,0.0291955,
13.77,0.0287989,3.08286e-44,0.0299963,
13.78,0.0295946,4.76441e-44,0.0280132,
13.79,0.0295946,2.10195e-44,0.0299963,
13.8,0.0287989,4.48416e-44,0.0291955,
13.81,0.0284048,2.24208e-44,0.0284048,
13.82,0.0284048,3.36312e-44,0.0291955,
13.83,0.030807,1.4013e-45,0.030807,
13.84,0.0291955,3.36312e-44,0.0299963,
13.85,0.0284048,9.80909e-45,0.0291955,
13.86,0.0299963,3.50325e-44,0.030807,
13.87,0.0299963,1.26117e-44,0.030807,
13.88,0.0304004,2.10195e-44,0.0304004,
13.89,0.030807,4.06377e-44,0.0316278,
13.9,0.0299963,1.54143e-44,0.030807,
13.91,0.0304004,3.64338e-44,0.0304004,
13.92,0.0299963,4.62428e-44,0.0280132,
13.93,0.0280132,7.00649e-45,0.0295946,
13.94,0.0295946,3.78351e-44,0.0295946,
13.95,0.0287989,4.2039e-45,0.0299963,
13.96,0.0287989,2.52234e-44,0.030807,
13.97,0.0284048,2.8026e-45,0.0284048,
13.98,0.0295946,2.8026e-44,0.030807,
13.99,0.0249705,1.4013e-45,0.0272375,
14,0.0272375,1.12104e-44,0.0284048,
14.01,0.0501467,1.96182e-44,0.0511778,
14.02,0.0516971,4.06377e-44,0.0522189,
14.03,0.0501467,4.2039e-45,0.0501467,
14.04,0.0408506,2.38221e-44,0.0422583,
14.05,0.0660783,4.2039e-44,0.0666652,
14.06,0.0548656,1.26117e-44,0.0564836,
14.07,0.0867691,3.08286e-44,0.0867691,
14.08,0.0782927,4.76441e-44,0.0660783,
14.09,0.0481145,1.82169e-44,0.0481145,
14.1,0.0908241,2.94273e-44,0.111694,
14.11,0.148248,7.00649e-45,0.148248,
14.12,0.133018,1.96182e-44,0.13467,
14.13,0.126509,3.22299e-44,0.128121,
14.14,0.0861021,0,0.0861021,
14.15,0.0828043,3.08286e-44,0.0841159,
14.16,0.0867691,2.8026e-45,0.0908241,
14.17,0.0732867,2.52234e-44,0.0732867,
14.18,0.128121,3.36312e-44,0.136332,
14.19,0.367963,4.76441e-44,0.350469,
14.2,0.211032,2.38221e-44,0.213105,
14.21,0.21,4.48416e-44,0.212068,
14.22,0.182102,2.8026e-45,0.192827,
14.23,0.188892,2.8026e-44,0.189872,
14.24,0.180184,0,0.183064,
14.25,0.183064,8.40779e-45,0.184029,
14.26,0.184029,1.96182e-44,0.185967,
14.27,0.187915,0,0.192827,
14.28,0.186939,1.26117e-44,0.186939,
14.29,0.188892,4.62428e-44,0.187915,
14.3,0.19184,2.94273e-44,0.193818,
14.31,0.192827,4.2039e-45,0.192827,
14.32,0.190855,1.26117e-44,0.192827,
14.33,0.192827,2.94273e-44,0.195805,
14.34,0.192827,7.00649e-45,0.193818,
14.35,0.198806,3.22299e-44,0.200818,
14.36,0.213105,4.62428e-44,0.204874,
14.37,0.19481,2.8026e-45,0.175434,
14.38,0.112451,2.38221e-44,0.113211,
14.39,0.120946,3.64338e-44,0.121733,
14.4,0.0841159,1.4013e-45,0.0782927,
14.41,0.0427326,1.54143e-44,0.0427326,
14.42,0.0491256,2.10195e-44,0.0491256,
14.43,0.0403864,4.2039e-44,0.0403864,
14.44,0.0367628,9.80909e-45,0.0394655,
14.45,0.0491256,3.92364e-44,0.0537994,
14.46,0.0696374,1.4013e-45,0.0714508,
14.47,0.0456306,2.24208e-44,0.0461224,
14.48,0.0341502,3.50325e-44,0.0341502,
14.49,0.0394655,9.80909e-45,0.0394655,
14.5,0.0341502,3.78351e-44,0.0341502,
14.51,0.0132618,7.00649e-45,0.0161887,
14.52,0.0196975,1.96182e-44,0.0196975,
14.53,0.0268534,3.78351e-44,0.0272375,
14.54,0.0249705,2.8026e-45,0.0249705,
14.55,0.0268534,2.66247e-44,0.0276241,
14.56,0.0272375,4.34403e-44,0.0280132,
14.57,0.0287989,1.68156e-44,0.0295946,
14.58,0.0287989,4.62428e-44,0.0284048,
14.59,0.0287989,1.82169e-44,0.0291955,
14.6,0.0291955,4.48416e-44,0.0295946,
14.61,0.0280132,8.40779e-45,0.0284048,
14.62,0.0276241,2.8026e-44,0.0280132,
14.63,0.0268534,1.4013e-45,0.0272375,
14.64,0.0272375,2.38221e-44,0.0272375,
14.65,0.0276241,3.92364e-44,0.0280132,
14.66,0.0276241,8.40779e-45,0.0276241,
14.67,0.0280132,2.24208e-44,0.0284048,
14.68,0.0264718,4.48416e-44,0.0264718,
14.69,0.0260928,1.4013e-44,0.0272375,
14.7,0.0276241,4.76441e-44,0.0268534,
14.71,0.0260928,1.54143e-44,0.0264718,
14.72,0.0257162,3.36312e-44,0.0257162,
14.73,0.0249705,7.00649e-45,0.0264718,
14.74,0.0264718,3.50325e-44,0.0264718,
14.75,0.0246015,0,0.0257162,
14.76,0.0246015,1.82169e-44,0.0249705,
14.77,0.0249705,3.64338e-44,0.0257162,
14.78,0.0246015,0,0.0246015,
14.79,0.0242349,1.26117e-44,0.0260928,
14.8,0.0246015,3.50325e-44,0.0257162,
14.81,0.0238708,2.8026e-45,0.0238708,
14.82,0.0246015,2.8026e-44,0.0246015,
14.83,0.0246015,4.62428e-44,0.0238708,
14.84,0.0231502,1.26117e-44,0.0246015,
14.85,0.0235093,3.92364e-44,0.0246015,
14.86,0.0231502,1.4013e-45,0.0235093,
14.87,0.0242349,3.50325e-44,0.0246015,
14.88,0.0231502,1.12104e-44,0.0238708,
14.89,0.0242349,3.50325e-44,0.0253421,
14.9,0.0227937,2.8026e-45,0.0231502,
14.91,0.0227937,3.92364e-44,0.0235093,
14.92,0.0220881,1.26117e-44,0.0235093,
14.93,0.0227937,4.48416e-44,0.0224397,
14.94,0.0224397,3.08286e-44,0.0238708,
14.95,0.0227937,4.76441e-44,0.0220881,
14.96,0.0224397,2.10195e-44,0.0227937,
14.97,0.0217391,0,0.0217391,
14.98,0.0217391,1.12104e-44,0.0217391,
14.99,0.0217391,3.92364e-44,0.0231502,
15,0.0217391,1.12104e-44,0.0220881,
15.01,0.0217391,2.8026e-44,0.0224397,
15.02,0.0217391,4.48416e-44,0.019037,
15.03,0.020707,7.00649e-45,0.0220881,
15.04,0.0213926,3.36312e-44,0.0213926,
15.05,0.0210485,2.8026e-45,0.0213926,
15.06,0.0210485,2.52234e-44,0.0220881,
15.07,0.0213926,3.78351e-44,0.0217391,
15.08,0.0217391,4.76441e-44,0.020368,
15.09,0.0210485,8.40779e-45,0.0220881,
15.1,0.020368,2.66247e-44,0.0213926,
15.11,0.0210485,4.34403e-44,0.0213926,
15.12,0.0196975,1.4013e-44,0.0210485,
15.13,0.020368,0,0.0200315,
15.14,0.0200315,1.54143e-44,0.020368,
15.15,0.0196975,4.06377e-44,0.0196975,
15.16,0.019037,5.60519e-45,0.0196975,
15.17,0.020368,2.38221e-44,0.020368,
15.18,0.0196975,4.48416e-44,0.019037,
15.19,0.019366,1.26117e-44,0.0196975,
15.2,0.0187105,2.8026e-44,0.0196975,
15.21,0.019366,4.62428e-44,0.018065,
15.22,0.017746,1.26117e-44,0.019037,
15.23,0.019037,4.2039e-44,0.019037,
15.24,0.0187105,4.76441e-44,0.019037,
15.25,0.018065,1.82169e-44,0.0187105,
15.26,0.0174295,3.78351e-44,0.0183865,
15.27,0.0171156,9.80909e-45,0.0183865,
15.28,0.018065,3.64338e-44,0.0183865,
15.29,0.0168041,4.2039e-45,0.0174295,
15.3,0.0164951,2.10195e-44,0.0164951,
15.31,0.0164951,4.2039e-44,0.017746,
15.32,0.0164951,2.8026e-45,0.0164951,
15.33,0.0164951,2.52234e-44,0.017746,
15.34,0.0168041,4.62428e-44,0.0155833,
15.35,0.0155833,9.80909e-45,0.0164951,
15.36,0.0158847,3.22299e-44,0.017746,
15.37,0.0158847,1.4013e-45,0.0158847,
15.38,0.0161887,3.64338e-44,0.0171156,
15.39,0.0155833,5.60519e-45,0.0155833,
15.4,0.0158847,2.10195e-44,0.0161887,
15.41,0.0149879,4.2039e-45,0.0149879,
15.42,0.0152843,2.66247e-44,0.0161887,
15.43,0.0144025,7.00649e-45,0.0149879,
15.44,0.0152843,3.64338e-44,0.0161887,
15.45,0.0141136,8.40779e-45,0.0141136,
15.46,0.0155833,4.06377e-44,0.0158847,
15.47,0.0146939,4.2039e-45,0.0158847,
15.48,0.0146939,3.22299e-44,0.0152843,
15.49,0.0146939,4.76441e-44,0.0141136,
15.5,0.0144025,8.40779e-45,0.0144025,
15.51,0.0149879,3.64338e-44,0.0155833,
15.52,0.0127065,2.8026e-45,0.0138271,
15.53,0.0135432,2.10195e-44,0.0141136,
15.54,0.0141136,4.2039e-44,0.0144025,
