4e-07,0,0
0.008039,0,0
0.0116753,0,0
0.0154886,0,0
0.0195542,0,0
0.0242059,0,0
0.028606,0,0
0.032735,0,0
0.0374793,0,0
0.042255,0,0
0.0466929,0,0
0.0514607,0,0
0.0566086,0,0
0.0612095,0,0
0.0653613,0,0
0.0693045,0,0
0.073592,0,0
0.0776006,0,0
0.0817195,0,0
0.0856505,0,0
0.0897621,0,0
0.0938531,0,0
0.0977912,0,0
0.10161,0,0
0.10576,0,0
0.109677,0,0
0.115977,0,0
0.120413,0,0
0.125415,0,0
0.130299,0,0
0.13483,0,0
0.139562,0,0
0.144808,0,0
0.149578,0,0
0.153329,0,0
0.158489,0,0
0.162639,0,0
0.166323,0,0
0.17031,0,0
0.174729,0,0
0.178979,0,0
0.182794,0,0
0.188399,0,0
0.193297,0,0
0.197394,0,0
0.202114,0,0
0.207892,0,0
0.214459,0,0
0.219369,0,0
0.224003,0,0
0.228251,0,0
0.232146,0,0
0.236331,0,0
0.240627,0,0
0.244631,0,0
0.248566,0,0
0.252456,0,0
0.257021,0,0
0.261499,0,0
0.265896,0,0
0.270551,0,0
0.275215,0,0
0.279258,0,0
0.283167,0,0
0.286981,0,0
0.291772,0,0
0.296167,0,0
0.301096,0,0
0.30603,0,0
0.31026,0,0
0.314597,0,0
0.318987,0,0
0.32372,0,0
0.328572,0,0
0.33267,0,0
0.336607,0,0
0.341352,0,0
0.345417,0,0
0.349694,0,0
0.353554,0,0
0.358647,0,0
0.362985,0,0
0.367795,0,0
0.372379,0,0
0.377206,0,0
0.381637,0,0
0.385511,0,0
0.390107,0,0
0.396497,0,0
0.401154,0,0
0.405506,0,0
0.410726,0,0
0.414655,0,0
0.418699,0,0
0.423508,0,0
0.428233,0,0
0.432895,0,0
0.437733,0,0
0.442174,0,0
0.446152,0,0
0.450153,0,0
0.454821,0,0
0.460642,0,0
0.464699,0,0
0.468551,0,0
0.473147,0,0
0.477221,0,0
0.48097,0,0
0.484971,0,0
0.489446,0,0
0.494015,0,0
0.498275,0,0
0.502156,0,0
0.506863,0,0
0.511715,0,0
0.516124,0,0
0.521024,0,0
0.525787,0,0
0.529755,0,0
0.533976,0,0
0.538133,0,0
0.542519,0,0
0.546811,0,0
0.550746,0,0
0.555482,0,0
0.560183,0,0
0.564628,0,0
0.569162,0,0
0.573659,0,0
0.577562,0,0
0.581525,0,0
0.585448,0,0
0.589998,0,0
0.594521,0,0
0.598993,0,0
0.603026,0,0
0.607753,0,0
0.612422,0,0
0.616193,0,0
0.620517,0,0
0.625265,0,0
0.629723,0,0
0.634227,0,0
0.639208,0,0
0.643733,0,0
0.648125,0,0
0.652045,0,0
0.657016,0,0
0.661527,0,0
0.665466,0,0
0.669363,0,0
0.674417,0,0
0.679015,0,0
0.682977,0,0
0.687259,0,0
0.691798,0,0
0.69616,0,0
0.700346,0,0
0.704799,0,0
0.70882,0,0
0.712895,0,0
0.716819,0,0
0.721477,0,0
0.726397,0,0
0.731031,0,0
0.734981,0,0
0.739472,0,0
0.743415,0,0
0.747354,0,0
0.751684,0,0
0.756436,0,0
0.760988,0,0
0.76519,0,0
0.769193,0,0
0.774361,0,0
0.778272,0,0
0.782276,0,0
0.78637,0,0
0.790802,0,0
0.79476,0,0
0.799489,0,0
0.804115,0,0
0.808247,0,0
0.812283,0,0
0.816164,0,0
0.820284,0,0
0.825063,0,0
0.829776,0,0
0.833703,0,0
0.837829,0,0
0.842105,0,0
0.847571,0,0
0.852936,0,0
0.857759,0,0
0.862127,0,0
0.866446,0,0
0.870806,0,0
0.875515,0,0
0.879644,0,0
0.883705,0,0
0.888133,0,0
0.892171,0,0
0.896167,0,0
0.900117,0,0
0.9044,0,0
0.909186,0,0
0.913368,0,0
0.917353,0,0
0.921836,0,0
0.926173,0,0
0.929986,0,0
0.933835,0,0
0.938263,0,0
0.942199,0,0
0.946094,0,0
0.949858,0,0
0.954355,0,0
0.958867,0,0
0.96304,0,0
0.967182,0,0
0.97172,0,0
0.97578,0,0
0.979586,0,0
0.98367,0,0
0.988529,0,0
0.992674,0,0
0.996535,0,0
1.001,0,0
1.00543,0,0
1.01035,0,0
1.01483,0,0
1.01958,0,0
1.02443,0,0
1.02998,0,0
1.03391,0,0
1.03828,0,0
1.0424,0,0
1.04639,0,0
1.05028,0,0
1.05493,0,0
1.05984,0,0
1.06417,0,0
1.06818,0,0
1.07264,0,0
1.07691,0,0
1.08077,0,0
1.08468,0,0
1.0894,0,0
1.09379,0,0
1.0985,0,0
1.10361,0,0
1.10835,0,0
1.1123,0,0
1.11679,0,0
1.12166,0,0
1.12606,0,0
1.13011,0,0
1.134,0,0
1.13856,0,0
1.14335,0,0
1.1472,0,0
1.15105,0,0
1.15584,0,0
1.16021,0,0
1.16442,0,0
1.16872,0,0
1.17299,0,0
1.17699,0,0
1.18099,0,0
1.18521,0,0
1.18971,0,0
1.19361,0,0
1.19735,0,0
1.2018,0,0
1.20603,0,0
1.21036,0,0
1.21461,0,0
1.21937,0,0
1.22428,0,0
1.22851,0,0
1.23281,0,0
1.23753,0,0
1.24168,0,0
1.24584,0,0
1.25018,0,0
1.25485,0,0
1.25954,0,0
1.26362,0,0
1.26747,0,0
1.27189,0,0
1.27614,0,0
1.28071,0,0
1.2856,0,0
1.29,0,0
1.29465,0,0
1.29862,0,0
1.30302,0,0
1.30736,0,0
1.31138,0,0
1.31543,0,0
1.32015,0,0
1.32519,0,0
1.32937,0,0
1.3334,0,0
1.33831,0,0
1.3424,0,0
1.34639,0,0
1.3504,0,0
1.35559,0,0
1.36022,0,0
1.3642,0,0
1.36872,0,0
1.37335,0,0
1.3774,0,0
1.38159,0,0
1.38621,0,0
1.39087,0,0
1.39492,0,0
1.3987,0,0
1.40323,0,0
1.40745,0,0
1.41155,0,0
1.41559,0,0
1.42116,0,0
1.42583,0,0
1.43027,0,0
1.43486,0,0
1.43938,0,0
1.44329,0,0
1.44719,0,0
1.45116,0,0
1.45544,0,0
1.46003,0,0
1.46503,0,0
1.46921,0,0
1.47389,0,0
1.47803,0,0
1.48202,0,0
1.48639,0,0
1.49083,0,0
1.49513,0,0
1.49902,0,0
1.50324,0,0
1.5073,0,0
1.51111,0,0
1.51521,0,0
1.51975,0,0
1.52401,0,0
1.52792,0,0
1.53173,0,0
1.53591,0,0
1.54014,0,0
1.54411,0,0
1.54792,0,0
1.5521,0,0
1.55643,0,0
1.56019,0,0
1.56403,0,0
1.56801,0,0
1.57211,0,0
1.57602,0,0
1.57986,0,0
1.5836,0,0
1.58839,0,0
1.59253,0,0
1.59749,0,0
1.60284,0,0
1.60753,0,0
1.61242,0,0
1.61751,0,0
1.62239,0,0
1.62648,0,0
1.63027,0,0
1.63432,0,0
1.6384,0,0
1.64237,0,0
1.64612,0,0
1.65012,0,0
1.65471,0,0
1.6594,0,0
1.66425,0,0
1.66832,0,0
1.67264,0,0
1.67733,0,0
1.68208,0,0
1.68678,0,0
1.69085,0,0
1.69477,0,0
1.69857,0,0
1.70266,0,0
1.70668,0,0
1.71176,0,0
1.7165,0,0
1.72146,0,0
1.7255,0,0
1.73016,0,0
1.73424,0,0
1.7382,0,0
1.74227,0,0
1.74613,0,0
1.74992,0,0
1.75443,0,0
1.75845,0,0
1.76339,0,0
1.76806,0,0
1.77266,0,0
1.77649,0,0
1.78023,0,0
1.78506,0,0
1.78949,0,0
1.7933,0,0
1.79705,0,0
1.80113,0,0
1.80546,0,0
1.8093,0,0
1.8132,0,0
1.81722,0,0
1.8217,0,0
1.8259,0,0
1.83002,0,0
1.83417,0,0
1.83858,0,0
1.8433,0,0
1.8478,0,0
1.85239,0,0
1.85705,0,0
1.86143,0,0
1.86525,0,0
1.86944,0,0
1.8734,0,0
1.87723,0,0
1.8812,0,0
1.88549,0,0
1.88957,0,0
1.89338,0,0
1.89733,0,0
1.90147,0,0
1.9056,0,0
1.9094,0,0
1.91355,0,0
1.91769,0,0
1.92214,0,0
1.92636,0,0
1.93102,0,0
1.93528,0,0
1.9392,0,0
1.94313,0,0
1.94693,0,0
1.95116,0,0
1.9554,0,0
1.96029,0,0
1.9652,0,0
1.97027,0,0
1.97462,0,0
1.97839,0,0
1.98294,0,0
1.98742,0,0
1.99152,0,0
1.99531,0,0
1.99907,0,0
2.00359,0,0
2.00758,0,0
2.01149,0,0
2.01522,0,0
2.01967,0,0
2.02391,0,0
2.02805,0,0
2.03193,0,0
2.03639,0,0
2.04048,0,0
2.04422,0,0
2.04805,0,0
2.05384,0,0
2.05878,0,0
2.06361,0,0
2.06833,0,0
2.07291,0,0
2.07687,0,0
2.08058,0,0
2.08549,0,0
2.08983,0,0
2.09432,0,0
2.09894,0,0
2.1034,0,0
2.10721,0,0
2.11102,0,0
2.11494,0,0
2.11953,0,0
2.12406,0,0
2.12832,0,0
2.13221,0,0
2.13664,0,0
2.1406,0,0
2.14458,0,0
2.14843,0,0
2.15296,0,0
2.15751,0,0
2.16218,0,0
2.16691,0,0
2.17102,0,0
2.17508,0,0
2.17904,0,0
2.18395,0,0
2.1883,0,0
2.19287,0,0
2.19671,0,0
2.20104,0,0
2.20559,0,0
2.21127,0,0
2.21591,0,0
2.22034,0,0
2.22505,0,0
2.22924,0,0
2.23362,0,0
2.23804,0,0
2.24271,0,0
2.24676,0,0
2.25143,0,0
2.25608,0,0
2.26037,0,0
2.26432,0,0
2.26873,0,0
2.27264,0,0
2.27639,0,0
2.2804,0,0
2.28568,0,0
2.29027,0,0
2.29486,0,0
2.29975,0,0
2.30379,0,0
2.3084,0,0
2.31254,0,0
2.31661,0,0
2.32128,0,0
2.32544,0,0
2.33025,0,0
2.33558,0,0
2.34004,0,0
2.34428,0,0
2.34822,0,0
2.35404,0,0
2.35877,0,0
2.36349,0,0
2.36812,0,0
2.37308,0,0
2.3774,0,0
2.38141,0,0
2.3861,0,0
2.39005,0,0
2.39407,0,0
2.39844,0,0
2.40296,0,0
2.40704,0,0
2.4108,0,0
2.41475,0,0
2.41975,0,0
2.42427,0,0
2.42907,0,0
2.43377,0,0
2.43834,0,0
2.4428,0,0
2.44753,0,0
2.45267,0,0
2.45729,0,0
2.46133,0,0
2.46532,0,0
2.46971,0,0
2.47404,0,0
2.47776,0,0
2.48183,0,0
2.48644,0,0
2.49054,0,0
2.49516,0,0
2.49997,0,0
2.50455,0,0
2.5093,0,0
2.51363,0,0
2.51852,0,0
2.52254,0,0
2.52624,0,0
2.53022,0,0
2.5344,0,0
2.53848,0,0
2.54233,0,0
2.54657,0,0
2.55121,0,0
2.55588,0,0
2.56368,0,0
2.56906,0,0
2.57359,0,0
2.57777,0,0
2.58186,0,0
2.58648,0,0
2.59065,0,0
2.5947,0,0
2.59882,0,0
2.60285,0,0
2.60671,0,0
2.61052,0,0
2.61423,0,0
2.61891,0,0
2.62355,0,0
2.62822,0,0
2.63216,0,0
2.63662,0,0
2.64077,0,0
2.64469,0,0
2.64878,0,0
2.6531,0,0
2.65688,0,0
2.66075,0,0
2.66478,0,0
2.66885,0,0
2.67281,0,0
2.67659,0,0
2.68033,0,0
2.6849,0,0
2.68905,0,0
2.69356,0,0
2.69874,0,0
2.70376,0,0
2.70872,0,0
2.71304,0,0
2.71806,0,0
2.72195,0,0
2.72577,0,0
2.72951,0,0
2.73393,0,0
2.73805,0,0
2.74206,0,0
2.74606,0,0
2.75122,0,0
2.75516,0,0
2.75895,0,0
2.76306,0,0
2.76749,0,0
2.77229,0,0
2.77698,0,0
2.78142,0,0
2.7858,0,0
2.78994,0,0
2.79479,0,0
2.79931,0,0
2.80357,0,0
2.80743,0,0
2.81235,0,0
2.81727,0,0
2.8216,0,0
2.82548,0,0
2.82916,0,0
2.83405,0,0
2.83823,0,0
2.84259,0,0
2.84664,0,0
2.85149,6,0
2.85617,6,0.67746014028
2.86117,6,0.88501739928
2.86672,6,0.99132564916
2.8717,6,1.05017566428
2.8767,6,1.054772705
2.88184,6,1.0455886402
2.8864,6,1.09659682028
2.89004,6,1.12018302228
2.89441,6,1.09659682028
2.89871,6,1.12018302228
2.90332,6,1.10600125116
2.90741,6,1.1392322834
2.91115,6,1.14401964028
2.91551,6,1.11071849156
2.92108,6,1.10600125116
2.92497,6,1.1036463872
2.92924,6,1.10600125116
2.9336,6,1.09425197296
2.93764,6,1.09659682028
2.94142,6,1.02734071028
2.94852,6,1.13445494316
2.95333,6,1.13445494316
2.95763,6,1.113080868
2.96152,6,1.07326103428
2.96579,6,1.11071849156
2.97005,6,1.08256529876
2.97369,6,1.113080868
2.97733,6,1.0779081582
2.98207,6,1.10835861928
2.98634,6,1.10835861928
2.98993,6,1.0779081582
2.99438,6,1.127307714
2.9984,6,1.1036463872
3.0024,6,1.08256529876
3.00656,6,1.1036463872
3.0104,6,1.11781313336
3.01448,6,1.12968761956
3.01875,6,1.1368423612
3.0224,6,1.1012940274
3.02707,6,1.09894417176
3.03143,6,1.09894417176
3.0354,6,1.10600125116
3.03904,6,1.06399683636
3.04326,6,1.10835861928
3.04783,6,1.07326103428
3.05291,6,1.07326103428
3.05676,6,1.068623927
3.06082,6,1.09659682028
3.06551,6,1.1036463872
3.0694,6,1.08256529876
3.0738,6,1.08723245596
3.07769,6,1.127307714
3.0821,6,1.1392322834
3.0867,6,1.07326103428
3.0915,6,1.09425197296
3.09616,6,1.1012940274
3.10068,6,1.0802354764
3.10496,6,1.11071849156
3.10951,6,1.14401964028
3.11353,6,1.09894417176
3.11869,6,1.0663091296
3.12282,6,1.10600125116
3.12728,6,1.0455886402
3.13156,6,1.054772705
3.13561,6,1.09894417176
3.13923,6,1.113080868
3.14336,6,1.1012940274
3.14814,6,1.0779081582
3.15257,6,1.10835861928
3.15676,6,1.09894417176
3.16078,6,1.0779081582
3.1649,6,1.12018302228
3.16857,6,1.0455886402
3.17268,6,1.0919096298
3.17694,6,1.11071849156
3.18139,6,1.06399683636
3.18634,6,1.09894417176
3.19083,6,1.0455886402
3.19536,6,1.0919096298
3.19969,6,1.09425197296
3.20328,6,1.07094122856
3.20843,6,1.0895697908
3.21523,6,1.11781313336
3.22153,6,1.1249303126
3.22677,6,1.12018302228
3.23555,6,1.09425197296
3.23999,6,1.09659682028
3.24577,6,1.1012940274
3.25112,6,1.08256529876
3.25553,6,1.0228037694
3.26011,6,1.07094122856
3.2645,6,1.07094122856
3.26872,6,1.09659682028
3.27262,6,1.0318876678
3.27663,6,0.9868688414
3.28166,6,1.09659682028
3.28646,6,1.05017566428
3.29124,6,1.01601713928
3.29593,6,1.08256529876
3.30035,6,0.99355780928
3.30534,6,1.07558334416
3.31038,6,1.054772705
3.315,6,1.01827684516
3.31996,6,1.05247293256
3.32473,6,1.054772705
3.32869,6,1.0779081582
3.33348,6,1.06399683636
3.3381,6,1.0432988844
3.34246,6,1.00700335736
3.34621,6,1.0432988844
3.35092,6,1.0455886402
3.35474,6,1.0228037694
3.35911,6,1.0570749816
3.36384,6,1.05937976236
3.36836,6,1.02734071028
3.37227,6,1.0455886402
3.37627,6,0.98020241096
3.38075,6,1.00700335736
3.38576,6,1.0228037694
3.3902,6,1.02734071028
3.39471,6,1.02734071028
3.40014,6,1.0228037694
3.40525,6,1.054772705
3.40962,6,1.0432988844
3.41518,6,1.0455886402
3.41994,6,1.0341649028
3.4247,6,0.9868688414
3.4289,6,0.98242205028
3.43388,6,1.01827684516
3.4384,6,1.04101163276
3.44244,6,1.0092530466
3.44758,6,1.054772705
3.45246,6,1.01827684516
3.45675,6,1.02734071028
3.46119,6,1.06399683636
3.46596,6,1.02734071028
3.47099,6,1.0002693146
3.47574,6,0.99579247356
3.48056,6,1.01375993756
3.48593,6,0.96914177676
3.48983,6,0.98020241096
3.49499,6,0.9537620636
3.49983,6,0.9779852758
3.50443,6,0.96033834428
3.5089,6,0.94939039728
3.51416,6,0.92552527996
3.51862,6,0.96253544616
3.52332,6,0.91906919896
3.52807,6,0.97355851796
3.53275,6,0.96914177676
3.53663,6,1.02961293696
3.54066,6,1.02734071028
3.54559,6,1.054772705
3.55044,6,1.0002693146
3.55471,6,1.05017566428
3.55907,6,1.0341649028
3.56329,6,1.0455886402
3.56739,6,1.0228037694
3.57127,6,1.0663091296
3.57507,6,0.97134889528
3.57908,6,1.03644464196
3.58359,6,1.06399683636
3.5883,6,1.05937976236
3.59251,6,1.0663091296
3.5967,6,1.0455886402
3.60153,6,1.06399683636
3.60581,6,1.02734071028
3.61031,6,1.02734071028
3.61538,6,1.01827684516
3.62012,6,1.02961293696
3.62452,6,1.0318876678
3.62868,6,1.05017566428
3.63287,6,1.00700335736
3.63674,6,1.0092530466
3.64049,6,1.0663091296
3.64437,6,1.04788090016
3.6496,6,1.0779081582
3.65514,6,1.0002693146
3.65984,6,0.97134889528
3.6653,6,1.03872688528
3.6701,6,1.05937976236
3.67493,6,1.0092530466
3.67981,6,1.06168704728
3.68443,6,1.0341649028
3.68934,6,1.07326103428
3.69409,6,1.0802354764
3.69837,6,1.02961293696
3.70227,6,1.07094122856
3.70608,6,1.01601713928
3.71014,6,1.05247293256
3.71454,6,1.0779081582
3.71874,6,1.04101163276
3.72313,6,1.01375993756
3.72708,6,1.0432988844
3.73132,6,1.05017566428
3.73526,6,1.07094122856
3.73908,6,1.0455886402
3.74294,6,1.05937976236
3.74711,6,1.03872688528
3.75126,6,1.0228037694
3.75527,6,1.0432988844
3.75909,6,1.05247293256
3.76333,6,1.05937976236
3.76733,6,1.08256529876
3.77263,6,1.0455886402
3.7768,6,1.07094122856
3.78133,6,1.01827684516
3.78641,6,1.06399683636
3.79018,6,1.0779081582
3.79391,6,1.07094122856
3.79827,6,1.02734071028
3.80227,6,1.0455886402
3.80609,6,1.02734071028
3.80999,6,1.06399683636
3.81449,6,0.98242205028
3.81898,6,1.0455886402
3.82369,6,1.0802354764
3.82762,6,1.0318876678
3.83209,6,1.01601713928
3.836,6,1.03872688528
3.83974,6,1.05017566428
3.84367,6,1.0341649028
3.84843,6,1.0432988844
3.85246,6,1.01601713928
3.85626,6,1.0205390552
3.86008,6,1.0455886402
3.86423,6,1.0455886402
3.86828,6,1.07094122856
3.87219,6,1.0802354764
3.87583,6,1.02507098776
3.88033,6,1.07094122856
3.8847,6,1.0432988844
3.88895,6,1.07094122856
3.89264,6,1.0570749816
3.89699,6,1.03644464196
3.9013,6,1.0228037694
3.90547,6,1.0455886402
3.90931,6,1.05247293256
3.91383,6,1.0455886402
3.91777,6,1.07326103428
3.9215,6,1.05017566428
3.92569,6,1.0432988844
3.92969,6,1.0455886402
3.93366,6,1.03644464196
3.9373,6,1.07558334416
3.94153,6,1.0455886402
3.94562,6,1.04788090016
3.94994,6,1.02507098776
3.9536,6,1.05017566428
3.95731,6,1.06399683636
3.96114,6,1.054772705
3.96527,6,1.0570749816
3.96898,6,1.0570749816
3.97291,6,1.01150524
3.97759,6,1.04788090016
3.98197,6,1.0802354764
3.98612,6,1.00700335736
3.99037,6,1.0092530466
3.99449,6,1.06399683636
3.99841,6,1.05937976236
4.00228,6,1.02961293696
4.00598,6,1.06168704728
4.00986,6,1.08723245596
4.01468,6,1.0432988844
4.0197,6,1.00475617228
4.02528,6,1.0432988844
4.03053,6,1.054772705
4.03494,6,1.01601713928
4.03934,6,0.9647350522
4.04329,6,1.0228037694
4.0482,6,1.07558334416
4.05273,6,1.0455886402
4.05645,6,0.99579247356
4.06052,6,1.07558334416
4.06482,6,1.00475617228
4.06985,6,1.0663091296
4.07385,6,1.0318876678
4.07799,6,1.04101163276
4.08295,6,1.0228037694
4.08731,6,1.0919096298
4.09129,6,1.05017566428
4.09793,6,1.05247293256
4.10409,6,1.07558334416
4.10828,6,1.01375993756
4.11287,6,1.05017566428
4.11743,6,1.0092530466
4.12184,6,1.0228037694
4.12593,6,1.05247293256
4.13071,6,1.02734071028
4.13469,6,1.00700335736
4.13878,6,1.0455886402
4.14264,6,1.07094122856
4.14765,6,1.05247293256
4.15224,6,1.0570749816
4.1563,6,1.06168704728
4.16088,6,1.02734071028
4.16509,6,1.06399683636
4.1692,6,1.07326103428
4.17403,6,1.05247293256
4.17956,6,0.97134889528
4.18417,6,1.00475617228
4.18835,6,1.01375993756
4.19246,6,1.054772705
4.19733,6,1.0455886402
4.20128,6,1.0432988844
4.20771,6,1.07558334416
4.21363,6,1.00475617228
4.21838,6,1.0432988844
4.22246,6,1.03644464196
4.22672,6,1.00700335736
4.23109,6,1.0432988844
4.23487,6,1.0570749816
4.23909,6,1.0432988844
4.243,6,1.05247293256
4.24741,6,1.0432988844
4.25192,6,1.0092530466
4.25628,6,1.03644464196
4.26046,6,1.07326103428
4.26413,6,1.06168704728
4.2682,6,1.01601713928
4.27209,6,1.03644464196
4.27599,6,1.0205390552
4.28093,6,1.06399683636
4.28645,6,1.02734071028
4.29216,6,1.0318876678
4.29807,6,1.02734071028
4.30382,6,1.0318876678
4.30756,6,0.99355780928
4.31187,6,0.998029642
4.3165,6,1.02734071028
4.32229,6,1.04101163276
4.32828,6,1.00251149136
4.33323,6,1.054772705
4.33766,6,0.97355851796
4.34231,6,1.01375993756
4.34734,6,1.0002693146
4.35159,6,1.03872688528
4.35603,6,1.0663091296
4.3605,6,1.02507098776
4.3644,6,1.0663091296
4.36827,6,1.05247293256
4.372,6,1.03644464196
4.37653,6,1.0092530466
4.38097,6,1.0205390552
4.38583,6,1.02507098776
4.39022,6,1.054772705
4.39489,6,1.054772705
4.39932,6,1.03644464196
4.40338,6,1.0432988844
4.4072,6,1.06168704728
4.41202,6,1.0455886402
4.41676,6,1.02507098776
4.42133,6,1.0341649028
4.42588,6,1.02507098776
4.43072,6,1.06168704728
4.43593,6,1.05247293256
4.4401,6,0.99132564916
4.44423,6,1.0205390552
4.44903,6,1.02734071028
4.45452,6,1.01827684516
4.45925,6,1.0570749816
4.46412,6,1.05247293256
4.46832,6,1.0318876678
4.4723,6,1.02961293696
4.47612,6,1.0455886402
4.4808,6,1.0228037694
4.48498,6,1.05017566428
4.48976,6,1.03644464196
4.49411,6,1.0663091296
4.49802,6,0.99355780928
4.50262,6,0.99579247356
4.50768,6,0.99355780928
4.51226,6,1.05017566428
4.51736,6,1.0205390552
4.52244,6,1.0341649028
4.52668,6,0.9868688414
4.53148,6,0.98464419376
4.53565,6,1.05017566428
4.54029,6,1.02961293696
4.54492,6,1.02734071028
4.54922,6,1.0318876678
4.55331,6,1.03872688528
4.55802,6,1.02961293696
4.56281,6,1.01601713928
4.56729,6,1.02507098776
4.57133,6,1.01601713928
4.57655,6,1.01375993756
4.58152,6,1.02507098776
4.58717,6,1.0002693146
4.59199,6,1.05017566428
4.59647,6,1.0002693146
4.6006,6,1.05247293256
4.60448,6,1.05937976236
4.60958,6,1.0455886402
4.61454,6,1.0318876678
4.61919,6,1.05017566428
4.62448,6,1.00475617228
4.62955,6,1.02507098776
4.63471,6,1.02507098776
4.6397,6,1.01827684516
4.64473,6,1.0318876678
4.64899,6,1.05017566428
4.65324,6,0.99579247356
4.65782,6,1.0455886402
4.66275,6,1.02961293696
4.66734,6,1.0455886402
4.67176,6,1.01375993756
4.67594,6,1.0092530466
4.68078,6,0.97134889528
4.68484,6,1.02734071028
4.6891,6,1.0432988844
4.69365,6,1.0455886402
4.69738,6,0.98020241096
4.70184,6,1.04101163276
4.70601,6,0.9868688414
4.71087,6,1.02734071028
4.71581,6,0.97355851796
4.72011,6,1.01601713928
4.724,6,1.0318876678
4.72915,6,1.02734071028
4.73321,6,1.0092530466
4.73728,6,1.03644464196
4.74098,6,1.0228037694
4.74718,6,1.0228037694
4.75163,6,0.99132564916
4.75631,6,1.0092530466
4.76172,6,1.0228037694
4.76584,6,1.0228037694
4.7699,6,1.01601713928
4.77402,6,1.01601713928
4.77859,6,1.0228037694
4.78391,6,1.01827684516
4.78858,6,0.97355851796
4.79342,6,1.00475617228
4.79784,6,1.0432988844
4.80216,6,1.0205390552
4.80623,6,1.0318876678
4.81123,6,1.02507098776
4.8155,6,1.0570749816
4.8198,6,1.02734071028
4.82381,6,0.98464419376
4.82862,6,1.02507098776
4.8328,6,1.02961293696
4.8371,6,1.03872688528
4.84125,6,0.9779852758
4.84593,6,1.02734071028
4.85088,6,1.0341649028
4.8554,6,0.98020241096
4.86014,6,1.01375993756
4.86447,6,1.0318876678
4.86844,6,0.93850505428
4.87244,6,1.02507098776
4.87706,6,1.02734071028
4.88149,6,0.97355851796
4.8865,6,0.97134889528
4.89085,6,1.00700335736
4.89563,6,0.99355780928
4.90014,6,1.01375993756
4.90392,6,0.9890959932
4.90841,6,1.03644464196
4.91326,6,1.01601713928
4.9178,6,1.0002693146
4.92255,6,1.03644464196
4.92776,6,1.0432988844
4.93179,6,1.00475617228
4.93587,6,1.0228037694
4.93989,6,1.00475617228
4.94468,6,1.03644464196
4.94915,6,1.0432988844
4.9529,6,1.03644464196
4.95669,6,1.00475617228
4.96115,6,0.9450287476
4.96536,6,1.01601713928
4.96955,6,1.0228037694
4.97366,6,0.998029642
4.97878,6,1.01601713928
4.98313,6,0.94720832036
4.9874,6,0.9890959932
4.9919,6,1.0092530466
4.99681,6,0.99132564916
5.00153,6,0.97134889528
5.00637,6,1.01375993756
5.01104,6,1.02734071028
5.01546,6,1.02734071028
5.01949,6,1.02734071028
5.02422,6,1.00251149136
5.02828,6,1.00700335736
5.03238,6,0.998029642
5.03629,6,0.998029642
5.04029,6,1.00700335736
5.04495,6,1.01601713928
5.04914,6,0.98464419376
5.05304,6,1.0318876678
5.05764,6,0.99579247356
5.06155,6,0.955951653
5.06575,6,1.00475617228
5.07027,6,1.0228037694
5.07447,6,1.03644464196
5.07912,6,1.00475617228
5.08343,6,1.02734071028
5.08828,6,1.0341649028
5.09295,6,1.0228037694
5.09777,6,1.0092530466
5.10272,6,0.97355851796
5.11068,6,0.99579247356
5.11556,6,1.00251149136
5.12028,6,1.02734071028
5.12475,6,0.97355851796
5.13023,6,1.0455886402
5.13494,6,1.0341649028
5.13857,6,0.998029642
5.14373,6,0.97355851796
5.14798,6,1.01150524
5.15243,6,1.03872688528
5.15722,6,0.98020241096
5.16258,6,1.0092530466
5.16664,6,0.998029642
5.17103,6,1.02961293696
5.17489,6,0.97134889528
5.18141,6,1.0432988844
5.1865,6,1.00700335736
5.19143,6,1.03644464196
5.19568,6,1.0432988844
5.20015,6,0.96253544616
5.20412,6,0.998029642
5.20964,6,0.99355780928
5.21435,6,1.00251149136
5.21911,6,1.03644464196
5.22518,6,1.0205390552
5.22948,6,0.96914177676
5.23353,6,1.0092530466
5.2377,6,1.02734071028
5.24277,6,0.98242205028
5.24748,6,1.0092530466
5.2523,6,1.00700335736
5.25678,6,1.0205390552
5.26134,6,1.0341649028
5.26522,6,1.0228037694
5.26912,6,0.93850505428
5.27284,6,0.98020241096
5.27803,6,0.98464419376
5.28212,6,1.00475617228
5.28605,6,1.04101163276
5.29037,6,1.0228037694
5.29512,6,0.98020241096
5.29894,6,1.05017566428
5.30276,6,0.98242205028
5.30783,6,1.0092530466
5.31256,6,1.04101163276
5.31673,6,1.0455886402
5.32059,6,1.0455886402
5.32529,6,0.9890959932
5.32941,6,1.0092530466
5.33385,6,1.0092530466
5.33816,6,0.98242205028
5.34321,6,1.02507098776
5.34757,6,0.99355780928
5.35141,6,1.00700335736
5.3559,6,1.0228037694
5.36057,6,1.02961293696
5.36519,6,0.97355851796
5.37013,6,1.00475617228
5.3749,6,0.97355851796
5.37993,6,1.0341649028
5.38447,6,1.02734071028
5.38906,6,0.99579247356
5.39365,6,1.01150524
5.39803,6,1.0228037694
5.40202,6,1.0455886402
5.40658,6,1.0002693146
5.41156,6,0.9868688414
5.41693,6,1.0432988844
5.42136,6,1.03644464196
5.42595,6,1.04101163276
5.42996,6,1.04101163276
5.43416,6,1.03872688528
5.43791,6,1.0092530466
5.44303,6,1.0318876678
5.44754,6,1.0092530466
5.45158,6,1.02734071028
5.4558,6,1.03644464196
5.46019,6,1.04101163276
5.464,6,0.942851679
5.46778,6,1.00475617228
5.47177,6,0.98464419376
5.47638,6,0.9779852758
5.48078,6,0.98464419376
5.48497,6,0.97355851796
5.48897,6,0.98242205028
5.49321,6,0.96033834428
5.49745,6,1.00251149136
5.5014,6,0.97134889528
5.50595,6,1.04101163276
5.51144,6,0.9868688414
5.51574,6,1.02734071028
5.52014,6,1.01827684516
5.5245,6,0.955951653
5.52855,6,0.9868688414
5.53282,6,1.01601713928
5.53664,6,1.01601713928
5.54065,6,0.93633549816
5.54534,6,0.98464419376
5.54934,6,1.05017566428
5.55325,6,1.03644464196
5.55725,6,1.01827684516
5.56158,6,0.9890959932
5.56581,6,1.0432988844
5.56968,6,1.0318876678
5.57377,6,1.00475617228
5.57867,6,0.9450287476
5.58283,6,1.01150524
5.58747,6,1.01150524
5.59268,6,0.98020241096
5.59767,6,0.98464419376
5.60152,6,0.97355851796
5.60533,6,0.98020241096
5.60982,6,1.00700335736
5.61494,6,1.00700335736
5.61963,6,1.03644464196
5.62481,6,1.0092530466
5.62952,6,0.9890959932
5.63419,6,1.00251149136
5.63897,6,1.054772705
5.64434,6,1.03644464196
5.64825,6,1.04788090016
5.65215,6,1.0432988844
5.65628,6,1.05247293256
5.66047,6,1.02507098776
5.66544,6,0.955951653
5.66952,6,1.0205390552
5.67382,6,1.0341649028
5.67817,6,0.9890959932
5.68236,6,1.01827684516
5.68726,6,1.02734071028
5.69218,6,1.0432988844
5.69633,6,1.05247293256
5.70027,6,1.02507098776
5.70425,6,1.02507098776
5.70854,6,1.0318876678
5.71306,6,1.02734071028
5.71793,6,1.0205390552
5.72263,6,0.98242205028
5.72769,6,1.0341649028
5.73162,6,1.0455886402
5.73562,6,0.9757706448
5.7396,6,1.01375993756
5.74402,6,1.02507098776
5.74897,6,1.05017566428
5.75314,6,1.0432988844
5.75727,6,0.97355851796
5.76134,6,1.02734071028
5.76535,6,0.99355780928
5.76914,6,0.98020241096
5.77352,6,1.01601713928
5.77816,6,1.04101163276
5.78236,6,1.0205390552
5.78634,6,1.0432988844
5.79066,6,1.0455886402
5.79473,6,1.00475617228
5.79869,6,1.0432988844
5.80264,6,1.0341649028
5.80688,6,1.0432988844
5.81127,6,1.01601713928
5.81529,6,1.03644464196
5.81925,6,1.00700335736
5.82326,6,1.00475617228
5.8277,6,1.01601713928
5.83169,6,1.01601713928
5.83554,6,1.01601713928
5.83967,6,1.01827684516
5.84416,6,1.02734071028
5.84805,6,0.98464419376
5.85188,6,1.0205390552
5.85568,6,0.998029642
5.86026,6,1.02507098776
5.86406,6,1.04101163276
5.86794,6,1.0002693146
5.87169,6,1.0092530466
5.87643,6,1.03644464196
5.88059,6,0.98242205028
5.88541,6,1.00475617228
5.89066,6,1.0092530466
5.89493,6,1.0205390552
5.8987,6,1.0002693146
5.90264,6,1.01601713928
5.90706,6,1.04101163276
5.91143,6,1.02734071028
5.91601,6,1.05247293256
5.92151,6,0.99355780928
5.92614,6,0.998029642
5.93006,6,0.99579247356
5.93415,6,1.04101163276
5.93927,6,0.97355851796
5.94427,6,0.97355851796
5.94826,6,1.01601713928
5.95235,6,1.02734071028
5.95655,6,1.0318876678
5.96085,6,1.0455886402
5.96693,6,0.97355851796
5.97208,6,1.05247293256
5.97743,6,0.9868688414
5.98193,6,1.0341649028
5.98652,6,0.98242205028
5.99155,6,1.0455886402
5.99585,6,1.0092530466
5.99967,6,1.0663091296
6.00352,6,1.04101163276
6.00787,6,1.05247293256
6.01227,6,0.9890959932
6.01605,6,1.0318876678
6.01981,6,1.02734071028
6.02396,6,1.0455886402
6.02807,6,1.054772705
6.03284,6,1.01601713928
6.03773,6,1.02734071028
6.04271,6,1.054772705
6.04689,6,1.0228037694
6.05118,6,1.01601713928
6.05521,6,1.01827684516
6.05954,6,0.9779852758
6.06449,6,1.0432988844
6.06939,6,1.01150524
6.07431,0,0.70353929156
6.07886,0,0
6.08262,0,0
6.08652,0,0
6.09107,0,0
6.09536,0,0
6.09944,0,0
6.10334,0,0
6.10793,0,0
6.11216,0,0
6.11627,0,0
6.12041,0,0
6.12503,0,0
6.12963,0,0
6.13352,0,0
6.13959,0,0
6.14417,0,0
6.14872,0,0
6.15298,0,0
6.15776,0,0
6.16161,0,0
6.16543,0,0
6.17079,0,0
6.17604,0,0
6.18017,0,0
6.18506,0,0
6.18886,0,0
6.19265,0,0
6.19634,0,0
6.20026,0,0
6.20398,0,0
6.20885,0,0
6.2131,0,0
6.21716,0,0
6.22075,0,0
6.22549,0,0
6.22933,0,0
6.23295,0,0
6.23678,0,0
6.24128,0,0
6.2455,0,0
6.24915,0,0
6.25315,0,0
6.25705,0,0
6.26103,0,0
6.26469,0,0
6.26834,0,0
6.27215,0,0
6.27719,0,0
6.28162,0,0
6.2855,0,0
6.29019,0,0
6.29398,0,0
6.29798,0,0
6.30161,0,0
6.30602,0,0
6.31037,0,0
6.31433,0,0
6.31815,0,0
6.32254,0,0
6.32697,0,0
6.33245,0,0
6.33654,0,0
6.34167,0,0
6.34634,0,0
6.34997,0,0
6.35483,0,0
6.35907,0,0
6.36299,0,0
6.36669,0,0
6.37066,0,0
6.37541,0,0
6.37961,0,0
6.38377,0,0
6.38739,0,0
6.39178,0,0
6.39556,0,0
6.39933,0,0
6.40304,0,0
6.40763,0,0
6.41151,0,0
6.41548,0,0
6.42001,0,0
6.42442,0,0
6.4282,0,0
6.43352,0,0
6.43726,0,0
6.4418,0,0
6.44641,0,0
6.45081,0,0
6.45497,0,0
6.45901,0,0
6.46326,0,0
6.46687,0,0
6.47083,0,0
6.47531,0,0
6.47945,0,0
6.48327,0,0
6.48729,0,0
6.49169,0,0
6.49557,0,0
6.49954,0,0
6.50346,0,0
6.50804,0,0
6.51209,0,0
6.51618,0,0
6.52157,0,0
6.52579,0,0
6.52972,0,0
6.53361,0,0
6.53847,0,0
6.54292,0,0
6.5472,0,0
6.55221,0,0
6.55693,0,0
6.56094,0,0
6.56495,0,0
6.56876,0,0
6.57323,0,0
6.57799,0,0
6.58261,0,0
6.58653,0,0
6.59094,0,0
6.59493,0,0
6.59895,0,0
6.60272,0,0
6.60745,0,0
6.61206,0,0
6.61655,0,0
6.62078,0,0
6.62483,0,0
6.62882,0,0
6.633,0,0
6.63777,0,0
6.64253,0,0
6.64672,0,0
6.65097,0,0
6.65529,0,0
6.6594,0,0
6.66365,0,0
6.66751,0,0
6.672,0,0
6.67646,0,0
6.68054,0,0
6.68447,0,0
6.68858,0,0
6.69299,0,0
6.69692,0,0
6.70083,0,0
6.70512,0,0
6.70946,0,0
6.71418,0,0
6.71795,0,0
6.72222,0,0
6.72647,0,0
6.73039,0,0
6.73436,0,0
6.73866,0,0
6.7434,0,0
6.7476,0,0
6.7522,0,0
6.75703,0,0
6.76085,0,0
6.76473,0,0
6.76855,0,0
6.77298,0,0
6.77692,0,0
6.78086,0,0
6.78455,0,0
6.78887,0,0
6.79295,0,0
6.79672,0,0
6.80046,0,0
6.80454,0,0
6.80879,0,0
6.81266,0,0
6.8164,0,0
6.8203,0,0
6.82436,0,0
6.82836,0,0
6.83223,0,0
6.83593,0,0
6.84045,0,0
6.84482,0,0
6.84903,0,0
6.85306,0,0
6.85735,0,0
6.86136,0,0
6.86547,0,0
6.8692,0,0
6.87388,0,0
6.87783,0,0
6.88184,0,0
6.88574,0,0
6.89033,0,0
6.89523,0,0
6.8992,0,0
6.90324,0,0
6.90768,0,0
6.91185,0,0
6.91565,0,0
6.91978,0,0
6.92393,0,0
6.92799,0,0
6.93174,0,0
6.93566,0,0
6.94031,0,0
6.94493,0,0
6.94955,0,0
6.95393,0,0
6.95876,0,0
6.9632,0,0
6.96718,0,0
6.97174,0,0
6.97625,0,0
6.98074,0,0
6.98473,0,0
6.98907,0,0
6.99383,0,0
6.99837,0,0
7.00236,0,0
7.00735,0,0
7.01185,0,0
7.01618,0,0
7.02071,0,0
7.02503,0,0
7.02884,0,0
7.03294,0,0
7.0387,0,0
7.04349,0,0
7.04848,0,0
7.05322,0,0
7.05769,0,0
7.0623,0,0
7.0665,0,0
7.07089,0,0
7.07539,0,0
7.07961,0,0
7.08469,0,0
7.08953,0,0
7.09355,0,0
7.09767,0,0
7.10155,0,0
7.10633,0,0
7.11039,0,0
7.11823,0,0
7.12319,0,0
7.12746,0,0
7.13222,0,0
7.13641,0,0
7.14119,0,0
7.14573,0,0
7.14997,0,0
7.1545,0,0
7.15924,0,0
7.16408,0,0
7.16938,0,0
7.17431,0,0
7.17968,0,0
7.18464,0,0
7.1895,0,0
7.19441,0,0
7.19837,0,0
7.20246,0,0
7.20713,0,0
7.2116,0,0
7.21553,0,0
7.2201,0,0
7.2247,0,0
7.22959,0,0
7.2335,0,0
7.23811,0,0
7.24263,0,0
7.24698,0,0
7.25122,0,0
7.2565,0,0
7.26145,0,0
7.26564,0,0
7.26968,0,0
7.27419,0,0
7.27837,0,0
7.28248,0,0
7.2865,0,0
7.29122,0,0
7.29552,0,0
7.29956,0,0
7.30393,0,0
7.3087,0,0
7.31336,0,0
7.31745,0,0
7.32184,0,0
7.32604,0,0
7.32997,0,0
7.33394,0,0
7.33845,0,0
7.34262,0,0
7.34723,0,0
7.35178,0,0
7.35621,0,0
7.36023,0,0
7.3642,0,0
7.3683,0,0
7.37279,0,0
7.37741,0,0
7.38146,0,0
7.38573,0,0
7.3898,0,0
7.39396,0,0
7.39777,0,0
7.4019,0,0
7.40633,0,0
7.41046,0,0
7.4142,0,0
7.41818,0,0
7.42297,0,0
7.42741,0,0
7.43224,0,0
7.43724,0,0
7.44188,0,0
7.44592,0,0
7.45077,0,0
7.45577,0,0
7.45976,0,0
7.46356,0,0
7.46774,0,0
7.47239,0,0
7.47652,0,0
7.48122,0,0
7.48604,0,0
7.4907,0,0
7.49567,0,0
7.5001,0,0
7.50484,0,0
7.50895,0,0
7.51321,0,0
7.51763,0,0
7.52235,0,0
7.52624,0,0
7.53126,0,0
7.53625,0,0
7.54121,0,0
7.54553,0,0
7.54949,0,0
7.55385,0,0
7.55806,0,0
7.56259,0,0
7.5666,0,0
7.57133,0,0
7.57561,0,0
7.57994,0,0
7.58503,0,0
7.58923,0,0
7.59341,0,0
7.59721,0,0
7.60138,0,0
7.60595,0,0
7.61027,0,0
7.61517,0,0
7.62013,0,0
7.6244,0,0
7.62821,0,0
7.6322,0,0
7.63656,0,0
7.64184,0,0
7.64646,0,0
7.6506,0,0
7.65574,0,0
7.65994,0,0
7.66421,0,0
7.66852,0,0
7.67329,0,0
7.67743,0,0
7.6815,0,0
7.68571,0,0
7.69135,0,0
7.6958,0,0
7.69958,0,0
7.70449,0,0
7.70888,0,0
7.71341,0,0
7.71853,0,0
7.72327,0,0
7.72699,0,0
7.73094,0,0
7.73526,0,0
7.73982,0,0
7.74422,0,0
7.74824,0,0
7.75262,0,0
7.75713,0,0
7.76112,0,0
7.76524,0,0
7.76955,0,0
7.77421,0,0
7.77822,0,0
7.78221,0,0
7.78651,0,0
7.79044,0,0
7.79453,0,0
7.79832,0,0
7.80284,0,0
7.8069,0,0
7.81111,0,0
7.81526,0,0
7.81947,0,0
7.82362,0,0
7.82761,0,0
7.83157,0,0
7.83608,0,0
7.84057,0,0
7.84496,0,0
7.84973,0,0
7.85471,0,0
7.85894,0,0
7.86273,0,0
7.86695,0,0
7.87179,0,0
7.87647,0,0
7.8805,0,0
7.88461,0,0
7.88902,0,0
7.89304,0,0
7.89687,0,0
7.90107,0,0
7.90577,0,0
7.91025,0,0
7.91447,0,0
7.91875,0,0
7.92306,0,0
7.92698,0,0
7.93099,0,0
7.93545,0,0
7.93992,0,0
7.94477,0,0
7.94871,0,0
7.95306,0,0
7.95723,0,0
7.96102,0,0
7.96543,0,0
7.97059,0,0
