time [s],current,servo1.currentSetpoint,setpwm,
5e-07,0,0,0,
0.0031529,0,0,0,
0.00614,0,0,0,
0.0088632,0,0,0,
0.0118948,0,0,0,
0.0149654,0,0,0,
0.0180269,0,0,0,
0.0209571,0,0,0,
0.0237054,0,0,0,
0.0267405,0,0,0,
0.0299203,0,0,0,
0.0331298,0,0,0,
0.0363011,0,0,0,
0.0391379,0,0,0,
0.0421486,0,0,0,
0.0451367,0,0,0,
0.0482911,0,0,0,
0.0512341,0,0,0,
0.0542294,0,0,0,
0.0575765,0,0,0,
0.0605579,0,0,0,
0.0635009,0,0,0,
0.0663071,0,0,0,
0.0694515,0,0,0,
0.0723926,0,0,0,
0.0757162,0,0,0,
0.078749,0,0,0,
0.0817895,0,0,0,
0.0851403,0,0,0,
0.0879378,0,0,0,
0.0907172,0,0,0,
0.0938651,0,0,0,
0.0971529,0,0,0,
0.100162,0,0,0,
0.102994,0,0,0,
0.105795,0,0,0,
0.109131,0,0,0,
0.112125,0,0,0,
0.11513,0,0,0,
0.118163,0,0,0,
0.121041,0,0,0,
0.124672,0,0,0,
0.127479,0,0,0,
0.130638,0,0,0,
0.133333,0,0,0,
0.137194,0,0,0,
0.140184,0,0,0,
0.14293,0,0,0,
0.14584,0,0,0,
0.149138,0,0,0,
0.152132,0,0,0,
0.154978,0,0,0,
0.157929,0,0,0,
0.160799,0,0,0,
0.163657,0,0,0,
0.166791,0,0,0,
0.169805,0,0,0,
0.172766,0,0,0,
0.175507,0,0,0,
0.178166,0,0,0,
0.181415,0,0,0,
0.184349,0,0,0,
0.187673,0,0,0,
0.190656,0,0,0,
0.193572,0,0,0,
0.196474,0,0,0,
0.199153,0,0,0,
0.203323,0,0,0,
0.206361,0,0,0,
0.209146,0,0,0,
0.212174,0,0,0,
0.215279,0,0,0,
0.218274,0,0,0,
0.221507,0,0,0,
0.22479,0,0,0,
0.227478,0,0,0,
0.23118,0,0,0,
0.234037,0,0,0,
0.236827,0,0,0,
0.239699,0,0,0,
0.242639,0,0,0,
0.245626,0,0,0,
0.248592,0,0,0,
0.251321,0,0,0,
0.254323,0,0,0,
0.258037,0,0,0,
0.261028,0,0,0,
0.264239,0,0,0,
0.266979,0,0,0,
0.270027,0,0,0,
0.272818,0,0,0,
0.276137,0,0,0,
0.279146,0,0,0,
0.282173,0,0,0,
0.285181,0,0,0,
0.287986,0,0,0,
0.291031,0,0,0,
0.294017,0,0,0,
0.297676,0,0,0,
0.300694,0,0,0,
0.303657,0,0,0,
0.306587,0,0,0,
0.311083,0,0,0,
0.314165,0,0,0,
0.317157,0,0,0,
0.319901,0,0,0,
0.32354,0,0,0,
0.327261,0,0,0,
0.330019,0,0,0,
0.33285,0,0,0,
0.336033,0,0,0,
0.339318,0,0,0,
0.342296,0,0,0,
0.344938,0,0,0,
0.348378,0,0,0,
0.351262,0,0,0,
0.354482,0,0,0,
0.357501,0,0,0,
0.360462,0,0,0,
0.363429,0,0,0,
0.366495,0,0,0,
0.369418,0,0,0,
0.372356,0,0,0,
0.375337,0,0,0,
0.378588,0,0,0,
0.381553,0,0,0,
0.384531,0,0,0,
0.387502,0,0,0,
0.390804,0,0,0,
0.393842,0,0,0,
0.396517,0,0,0,
0.399697,0,0,0,
0.403142,0,0,0,
0.406031,0,0,0,
0.409359,0,0,0,
0.412185,0,0,0,
0.415766,0,0,0,
0.418938,0,0,0,
0.421902,0,0,0,
0.424662,0,0,0,
0.427475,0,0,0,
0.43058,0,0,0,
0.433794,0,0,0,
0.436759,0,0,0,
0.439666,0,0,0,
0.44294,0,0,0,
0.44616,0,0,0,
0.449425,0,0,0,
0.452811,0,0,0,
0.456509,0,0,0,
0.459725,0,0,0,
0.46269,0,0,0,
0.465807,0,0,0,
0.469004,0,0,0,
0.471699,0,0,0,
0.474838,0,0,0,
0.477646,0,0,0,
0.480932,0,0,0,
0.484156,0,0,0,
0.487152,0,0,0,
0.49,0,0,0,
0.492758,0,0,0,
0.496168,0,0,0,
0.499256,0,0,0,
0.502175,0,0,0,
0.505162,0,0,0,
0.508225,0,0,0,
0.511875,0,0,0,
0.514787,0,0,0,
0.517661,0,0,0,
0.520599,0,0,0,
0.52439,0,0,0,
0.528161,0,0,0,
0.531145,0,0,0,
0.534004,0,0,0,
0.537018,0,0,0,
0.540036,0,0,0,
0.543178,0,0,0,
0.546034,0,0,0,
0.549143,0,0,0,
0.552495,0,0,0,
0.555435,0,0,0,
0.558678,0,0,0,
0.56198,0,0,0,
0.565145,0,0,0,
0.567999,0,0,0,
0.571031,0,0,0,
0.57403,0,0,0,
0.577018,0,0,0,
0.580331,0,0,0,
0.583369,0,0,0,
0.586272,0,0,0,
0.589591,0,0,0,
0.592592,0,0,0,
0.595655,0,0,0,
0.598334,0,0,0,
0.601553,0,0,0,
0.604758,0,0,0,
0.60766,0,0,0,
0.610806,0,0,0,
0.613644,0,0,0,
0.616671,0,0,0,
0.619866,0,0,0,
0.622981,0,0,0,
0.625681,0,0,0,
0.629185,0,0,0,
0.632363,0,0,0,
0.635841,0,0,0,
0.638766,0,0,0,
0.641893,0,0,0,
0.645343,0,0,0,
0.648261,0,0,0,
0.651014,0,0,0,
0.653766,0,0,0,
0.657309,0,0,0,
0.660354,0,0,0,
0.663037,0,0,0,
0.666511,0,0,0,
0.670148,0,0,0,
0.673046,0,0,0,
0.67583,0,0,0,
0.678709,0,0,0,
0.681931,0,0,0,
0.684744,0,0,0,
0.68837,0,0,0,
0.691442,0,0,0,
0.694419,0,0,0,
0.697567,0,0,0,
0.700428,0,0,0,
0.704331,0,0,0,
0.707032,0,0,0,
0.710183,0,0,0,
0.713771,0,0,0,
0.716608,0,0,0,
0.719607,0,0,0,
0.722666,0,0,0,
0.725486,0,0,0,
0.728822,0,0,0,
0.731493,0,0,0,
0.734754,0,0,0,
0.73815,0,0,0,
0.741006,0,0,0,
0.744854,0,0,0,
0.748368,0,0,0,
0.751649,0,0,0,
0.754599,0,0,0,
0.757562,0,0,0,
0.760435,0,0,0,
0.763923,0,0,0,
0.767146,0,0,0,
0.769886,0,0,0,
0.77297,0,0,0,
0.776153,0,0,0,
0.77931,0,0,0,
0.78226,0,0,0,
0.78502,0,0,0,
0.788432,0,0,0,
0.791452,0,0,0,
0.794591,0,0,0,
0.797502,0,0,0,
0.80022,0,0,0,
0.804368,0,0,0,
0.807842,0,0,0,
0.810662,0,0,0,
0.813318,0,0,0,
0.816432,0,0,0,
0.81981,0,0,0,
0.822676,0,0,0,
0.825437,0,0,0,
0.828776,0,0,0,
0.831522,0,0,0,
0.835298,0,0,0,
0.838175,0,0,0,
0.841646,0,0,0,
0.844918,0,0,0,
0.84806,0,0,0,
0.851153,0,0,0,
0.853913,0,0,0,
0.857698,0,0,0,
0.860655,0,0,0,
0.863338,0,0,0,
0.866544,0,0,0,
0.869599,0,0,0,
0.872492,0,0,0,
0.875498,0,0,0,
0.878702,0,0,0,
0.881901,0,0,0,
0.88515,0,0,0,
0.887865,0,0,0,
0.890995,0,0,0,
0.893792,0,0,0,
0.897625,0,0,0,
0.900614,0,0,0,
0.903682,0,0,0,
0.90644,0,0,0,
0.910311,0,0,0,
0.913616,0,0,0,
0.916357,0,0,0,
0.919188,0,0,0,
0.92217,0,0,0,
0.925641,0,0,0,
0.9287,0,0,0,
0.931822,0,0,0,
0.93486,0,0,0,
0.937757,0,0,0,
0.940849,0,0,0,
0.943694,0,0,0,
0.946363,0,0,0,
0.95002,0,0,0,
0.953543,0,0,0,
0.956519,0,0,0,
0.959353,0,0,0,
0.962586,0,0,0,
0.965669,0,0,0,
0.968375,0,0,0,
0.971348,0,0,0,
0.97439,0,0,0,
0.977758,0,0,0,
0.980745,0,0,0,
0.983527,0,0,0,
0.986519,0,0,0,
0.989959,0,0,0,
0.992888,0,0,0,
0.995886,0,0,0,
0.998716,0,0,0,
1.00194,0,0,0,
1.00486,0,0,0,
1.00806,0,0,0,
1.01118,0,0,0,
1.01388,0,0,0,
1.01692,0,0,0,
1.02033,0,0,0,
1.02302,0,0,0,
1.02579,0,0,0,
1.02899,0,0,0,
1.03233,0,0,0,
1.03517,0,0,0,
1.03786,0,0,0,
1.04069,0,0,0,
1.04488,0,0,0,
1.04785,0,0,0,
1.05075,0,0,0,
1.05418,0,0,0,
1.05782,0,0,0,
1.06118,0,0,0,
1.06404,0,0,0,
1.06701,0,0,0,
1.07072,0,0,0,
1.07386,0,0,0,
1.07705,0,0,0,
1.07988,0,0,0,
1.08362,0,0,0,
1.08695,0,0,0,
1.09029,0,0,0,
1.09322,0,0,0,
1.09647,0,0,0,
1.09961,0,0,0,
1.10252,0,0,0,
1.10549,0,0,0,
1.10861,0,0,0,
1.11219,0,0,0,
1.11518,0,0,0,
1.11818,0,0,0,
1.12107,0,0,0,
1.12437,0,0,0,
1.12751,0,0,0,
1.13054,0,0,0,
1.13351,0,0,0,
1.13671,0,0,0,
1.13969,0,0,0,
1.14253,0,0,0,
1.14544,0,0,0,
1.14861,0,0,0,
1.15148,0,0,0,
1.15467,0,0,0,
1.15772,0,0,0,
1.16082,0,0,0,
1.16388,0,0,0,
1.16672,0,0,0,
1.16962,0,0,0,
1.17238,0,0,0,
1.17627,0,0,0,
1.1792,0,0,0,
1.18222,0,0,0,
1.18535,0,0,0,
1.1887,0,0,0,
1.19218,0,0,0,
1.19521,0,0,0,
1.19786,0,0,0,
1.20062,0,0,0,
1.20475,0,0,0,
1.20785,0,0,0,
1.21084,0,0,0,
1.21355,0,0,0,
1.21739,0,0,0,
1.22148,0,0,0,
1.22445,0,0,0,
1.22719,0,0,0,
1.23071,0,0,0,
1.23356,0,0,0,
1.23656,0,0,0,
1.23936,0,0,0,
1.24266,0,0,0,
1.2457,0,0,0,
1.2487,0,0,0,
1.25169,0,0,0,
1.25479,0,0,0,
1.25753,0,0,0,
1.26076,0,0,0,
1.26369,0,0,0,
1.26692,0,0,0,
1.26999,0,0,0,
1.27299,0,0,0,
1.27585,0,0,0,
1.27918,0,0,0,
1.28208,0,0,0,
1.28486,0,0,0,
1.28777,0,0,0,
1.29068,0,0,0,
1.29446,0,0,0,
1.29796,0,0,0,
1.30093,0,0,0,
1.30398,0,0,0,
1.3067,0,0,0,
1.31049,0,0,0,
1.31372,0,0,0,
1.31655,0,0,0,
1.31938,0,0,0,
1.32282,0,0,0,
1.32581,0,0,0,
1.32878,0,0,0,
1.33153,0,0,0,
1.33421,0,0,0,
1.33806,0,0,0,
1.34091,0,0,0,
1.34397,0,0,0,
1.3467,0,0,0,
1.34979,0,0,0,
1.35282,0,0,0,
1.35588,0,0,0,
1.35945,0,0,0,
1.36249,0,0,0,
1.36533,0,0,0,
1.36833,0,0,0,
1.37112,0,0,0,
1.37394,0,0,0,
1.37707,0,0,0,
1.38029,0,0,0,
1.38352,0,0,0,
1.38634,0,0,0,
1.39039,0,0,0,
1.39349,0,0,0,
1.39633,0,0,0,
1.39927,0,0,0,
1.40233,0,0,0,
1.40556,0,0,0,
1.40833,0,0,0,
1.41128,0,0,0,
1.41418,0,0,0,
1.41704,0,0,0,
1.42025,0,0,0,
1.42307,0,0,0,
1.4259,0,0,0,
1.42943,0,0,0,
1.43248,0,0,0,
1.43548,0,0,0,
1.43836,0,0,0,
1.4413,0,0,0,
1.44451,0,0,0,
1.44768,0,0,0,
1.45092,0,0,0,
1.45384,0,0,0,
1.45717,0,0,0,
1.46007,0,0,0,
1.46286,0,0,0,
1.46585,0,0,0,
1.46938,0,0,0,
1.47256,0,0,0,
1.47536,0,0,0,
1.47819,0,0,0,
1.4814,0,0,0,
1.48479,0,0,0,
1.48785,0,0,0,
1.49053,0,0,0,
1.49319,0,0,0,
1.4972,0,0,0,
1.50033,0,0,0,
1.50317,0,0,0,
1.50601,0,0,0,
1.5092,0,0,0,
1.51242,0,0,0,
1.5156,0,0,0,
1.51853,0,0,0,
1.52181,0,0,0,
1.52475,0,0,0,
1.52781,0,0,0,
1.53072,0,0,0,
1.53337,0,0,0,
1.53738,0,0,0,
1.54057,0,0,0,
1.54374,0,0,0,
1.54656,0,0,0,
1.54995,0,0,0,
1.55288,0,0,0,
1.55571,0,0,0,
1.5594,0,0,0,
1.56259,0,0,0,
1.56573,0,0,0,
1.56868,0,0,0,
1.57192,0,0,0,
1.57555,0,0,0,
1.57918,0,0,0,
1.58217,0,0,0,
1.58518,0,0,0,
1.58826,0,0,0,
1.59119,0,0,0,
1.59428,0,0,0,
1.59718,0,0,0,
1.60008,0,0,0,
1.60353,0,0,0,
1.60623,0,0,0,
1.60934,0,0,0,
1.61228,0,0,0,
1.61537,0,0,0,
1.61855,0,0,0,
1.62169,0,0,0,
1.62438,0,0,0,
1.62729,0,0,0,
1.63037,0,0,0,
1.63339,0,0,0,
1.63653,0,0,0,
1.63922,0,0,0,
1.64239,0,0,0,
1.64544,0,0,0,
1.64859,0,0,0,
1.65145,0,0,0,
1.65434,0,0,0,
1.65729,0,0,0,
1.66029,0,0,0,
1.66322,0,0,0,
1.66673,0,0,0,
1.67032,0,0,0,
1.67364,0,0,0,
1.67655,0,0,0,
1.67935,0,0,0,
1.68319,0,0,0,
1.68585,0,0,0,
1.68899,0,0,0,
1.69188,0,0,0,
1.69493,0,0,0,
1.69876,0,0,0,
1.70187,0,0,0,
1.7047,0,0,0,
1.70769,0,0,0,
1.71074,0,0,0,
1.71385,0,0,0,
1.71668,0,0,0,
1.71978,0,0,0,
1.72327,0,0,0,
1.72618,0,0,0,
1.72919,0,0,0,
1.73218,0,0,0,
1.73534,0,0,0,
1.73808,0,0,0,
1.74094,0,0,0,
1.744,0,0,0,
1.74703,0,0,0,
1.75065,0,0,0,
1.75402,0,0,0,
1.75686,0,0,0,
1.76035,0,0,0,
1.76377,0,0,0,
1.76673,0,0,0,
1.76952,0,0,0,
1.77299,0,0,0,
1.77637,0,0,0,
1.7793,0,0,0,
1.78218,0,0,0,
1.78504,0,0,0,
1.78773,0,0,0,
1.79182,0,0,0,
1.79492,0,0,0,
1.7979,0,0,0,
1.80104,0,0,0,
1.8042,0,0,0,
1.80718,0,0,0,
1.81035,0,0,0,
1.81306,0,0,0,
1.8163,0,0,0,
1.81929,0,0,0,
1.82224,0,0,0,
1.82529,0,0,0,
1.82877,0,0,0,
1.83206,0,0,0,
1.83486,0,0,0,
1.83818,0,0,0,
1.84143,0,0,0,
1.84473,0,0,0,
1.84794,0,0,0,
1.85107,0,0,0,
1.85421,0,0,0,
1.85729,0,0,0,
1.86048,0,0,0,
1.86337,0,0,0,
1.86618,0,0,0,
1.86967,0,0,0,
1.87272,0,0,0,
1.87553,0,0,0,
1.87847,0,0,0,
1.88159,0,0,0,
1.88523,0,0,0,
1.88806,0,0,0,
1.8909,0,0,0,
1.89382,0,0,0,
1.89731,0,0,0,
1.9002,0,0,0,
1.90335,0,0,0,
1.90619,0,0,0,
1.90936,0,0,0,
1.91238,0,0,0,
1.91564,0,0,0,
1.91875,0,0,0,
1.92187,0,0,0,
1.92505,0,0,0,
1.92774,0,0,0,
1.93073,0,0,0,
1.93372,0,0,0,
1.93689,0,0,0,
1.9402,0,0,0,
1.9433,0,0,0,
1.94609,0,0,0,
1.94909,0,0,0,
1.95222,0,0,0,
1.95492,0,0,0,
1.95835,0,0,0,
1.96196,0,0,0,
1.96525,0,0,0,
1.96871,0,0,0,
1.97155,0,0,0,
1.97441,0,0,0,
1.97824,0,0,0,
1.98121,0,0,0,
1.98419,0,0,0,
1.98694,0,0,0,
1.9904,0,0,0,
1.99357,0,0,0,
1.99692,0,0,0,
1.99984,0,0,0,
2.00303,0,0,0,
2.0062,0,0,0,
2.00903,0,0,0,
2.01203,0,0,0,
2.01519,0,0,0,
2.01804,0,0,0,
2.02094,0,0,0,
2.02419,0,0,0,
2.02719,0,0,0,
2.03037,0,0,0,
2.03321,0,0,0,
2.03623,0,0,0,
2.0391,0,0,0,
2.0422,0,0,0,
2.04493,0,0,0,
2.04869,0,0,0,
2.05184,0,0,0,
2.05532,0,0,0,
2.05835,0,0,0,
2.06138,0,0,0,
2.06435,0,0,0,
2.06741,0,0,0,
2.07106,0,0,0,
2.0746,0,0,0,
2.07785,0,0,0,
2.08104,0,0,0,
2.08419,0,0,0,
2.08704,0,0,0,
2.09007,0,0,0,
2.09289,0,0,0,
2.09708,0,0,0,
2.10055,0,0,0,
2.10398,0,0,0,
2.107,0,0,0,
2.10988,0,0,0,
2.11273,0,0,0,
2.11598,0,0,0,
2.11903,0,0,0,
2.12274,0,0,0,
2.12571,0,0,0,
2.12847,0,0,0,
2.13165,0,0,0,
2.13465,0,0,0,
2.13819,0,0,0,
2.14109,0,0,0,
2.14428,0,0,0,
2.14758,0,0,0,
2.15087,0,0,0,
2.15385,0,0,0,
2.15659,0,0,0,
2.15947,0,0,0,
2.16293,0,0,0,
2.16605,0,0,0,
2.1692,0,0,0,
2.1719,0,0,0,
2.17516,0,0,0,
2.17863,0,0,0,
2.18172,0,0,0,
2.18453,0,0,0,
2.18721,0,0,0,
2.19023,0,0,0,
2.19313,0,0,0,
2.19619,0,0,0,
2.19892,0,0,0,
2.20196,0,0,0,
2.20537,0,0,0,
2.20863,0,0,0,
2.21165,0,0,0,
2.21492,0,0,0,
2.21787,0,0,0,
2.2207,0,0,0,
2.22421,0,0,0,
2.22688,0,0,0,
2.23009,0,0,0,
2.23323,0,0,0,
2.23632,0,0,0,
2.23936,0,0,0,
2.24236,0,0,0,
2.24532,0,0,0,
2.24807,0,0,0,
2.25108,0,0,0,
2.25422,0,0,0,
2.25768,0,0,0,
2.26056,0,0,0,
2.26334,0,0,0,
2.26606,0,0,0,
2.26921,0,0,0,
2.27209,0,0,0,
2.27487,0,0,0,
2.27808,0,0,0,
2.28094,0,0,0,
2.28432,0,0,0,
2.28743,0,0,0,
2.29037,0,0,0,
2.29337,0,0,0,
2.29681,0,0,0,
2.29996,0,0,0,
2.30292,0,0,0,
2.30573,0,0,0,
2.30938,0,0,0,
2.31245,0,0,0,
2.3152,0,0,0,
2.31841,0,0,0,
2.32163,0,0,0,
2.32451,0,0,0,
2.32743,0,0,0,
2.33022,0,0,0,
2.33322,0,0,0,
2.33694,0,0,0,
2.33971,0,0,0,
2.34263,0,0,0,
2.34548,0,0,0,
2.34837,0,0,0,
2.35139,0,0,0,
2.35437,0,0,0,
2.35748,0,0,0,
2.36021,0,0,0,
2.3637,0,0,0,
2.36674,0,0,0,
2.36953,0,0,0,
2.37296,0,0,0,
2.37598,0,0,0,
2.37907,0,0,0,
2.38183,0,0,0,
2.3849,0,0,0,
2.38832,0,0,0,
2.39154,0,0,0,
2.39455,0,0,0,
2.39731,0,0,0,
2.40006,0,0,0,
2.4036,0,0,0,
2.4067,0,0,0,
2.40953,0,0,0,
2.41292,0,0,0,
2.41657,0,0,0,
2.41942,0,0,0,
2.42222,0,0,0,
2.42528,0,0,0,
2.42851,0,0,0,
2.43205,0,0,0,
2.43493,0,0,0,
2.43795,0,0,0,
2.44148,0,0,0,
2.44468,0,0,0,
2.44782,0,0,0,
2.45094,0,0,0,
2.45383,0,0,0,
2.45722,0,0,0,
2.46021,0,0,0,
2.46333,0,0,0,
2.4662,0,0,0,
2.46961,0,0,0,
2.47292,0,0,0,
2.47621,0,0,0,
2.47928,0,0,0,
2.48257,0,0,0,
2.48551,0,0,0,
2.48846,0,0,0,
2.49143,0,0,0,
2.49439,0,0,0,
2.49794,0,0,0,
2.50143,0,0,0,
2.5044,0,0,0,
2.50708,0,0,0,
2.5099,0,0,0,
2.51287,0,0,0,
2.51561,0,0,0,
2.51925,0,0,0,
2.52235,0,0,0,
2.52524,0,0,0,
2.52802,0,0,0,
2.53146,0,0,0,
2.53499,0,0,0,
2.53787,0,0,0,
2.54087,0,0,0,
2.54382,0,0,0,
2.54707,0,0,0,
2.55134,0,0,0,
2.55425,0,0,0,
2.55721,0,0,0,
2.56065,0,0,0,
2.56377,0,0,0,
2.567,0,0,0,
2.5699,0,0,0,
2.57271,0,0,0,
2.57623,0,0,0,
2.57921,0,0,0,
2.5821,0,0,0,
2.5851,0,0,0,
2.58831,0,0,0,
2.59174,0,0,0,
2.59523,0,0,0,
2.59854,0,0,0,
2.60147,0,0,0,
2.60432,0,0,0,
2.60713,0,0,0,
2.61021,0,0,0,
2.61321,0,0,0,
2.61702,0,0,0,
2.62032,0,0,0,
2.62353,0,0,0,
2.62624,0,0,0,
2.6295,0,0,0,
2.63238,0,0,0,
2.6354,0,0,0,
2.63853,0,0,0,
2.64159,0,0,0,
2.64441,0,0,0,
2.64722,0,0,0,
2.65003,0,0,0,
2.6539,0,0,0,
2.65714,0,0,0,
2.66029,0,0,0,
2.66339,0,0,0,
2.66623,0,0,0,
2.66966,0,0,0,
2.67257,0,0,0,
2.67549,0,0,0,
2.67823,0,0,0,
2.68144,0,0,0,
2.68473,0,0,0,
2.68777,0,0,0,
2.6909,0,0,0,
2.69365,0,0,0,
2.69674,0,0,0,
2.69955,0,0,0,
2.70303,0,0,0,
2.70588,0,0,0,
2.70891,0,0,0,
2.71223,0,0,0,
2.71539,0,0,0,
2.71854,0,0,0,
2.72174,0,0,0,
2.72455,0,0,0,
2.72723,0,0,0,
2.73008,0,0,0,
2.73325,0,0,0,
2.73734,0,0,0,
2.74064,0,0,0,
2.74392,0,0,0,
2.74756,0,0,0,
2.75059,0,0,0,
2.75338,0,0,0,
2.75638,0,0,0,
2.75941,0,0,0,
2.76243,0,0,0,
2.76538,0,0,0,
2.76822,0,0,0,
2.77107,0,0,0,
2.77406,0,0,0,
2.77759,0,0,0,
2.78057,0,0,0,
2.78355,0,0,0,
2.78695,0,0,0,
2.78991,0,0,0,
2.79273,0,0,0,
2.79558,0,0,0,
2.79855,0,0,0,
2.80166,0,0,0,
2.80439,0,0,0,
2.80754,0,0,0,
2.81088,0,0,0,
2.81388,0,0,0,
2.81694,0,0,0,
2.81985,0,0,0,
2.82274,0,0,0,
2.82573,0,0,0,
2.82927,0,0,0,
2.83277,0,0,0,
2.83574,0,0,0,
2.83862,0,0,0,
2.8418,0,0,0,
2.84524,0,0,0,
2.84806,0,0,0,
2.85075,0,0,0,
2.85368,0,0,0,
2.85699,0,0,0,
2.8601,0,0,0,
2.86326,0,0,0,
2.866,0,0,0,
2.86922,0,0,0,
2.87207,0,0,0,
2.87511,0,0,0,
2.87809,0,0,0,
2.88088,0,0,0,
2.88411,0,0,0,
2.8871,0,0,0,
2.89025,0,0,0,
2.89325,0,0,0,
2.89684,0,0,0,
2.89981,0,0,0,
2.9026,0,0,0,
2.90601,0,0,0,
2.90912,0,0,0,
2.91193,0,0,0,
2.91494,0,0,0,
2.9183,0,0,0,
2.9216,0,0,0,
2.92463,0,0,0,
2.92743,0,0,0,
2.93024,0,0,0,
2.93361,0,0,0,
2.93683,0,0,0,
2.9398,0,0,0,
2.94273,0,0,0,
2.94541,0,0,0,
2.94833,0,0,0,
2.95132,0,0,0,
2.95443,0,0,0,
2.9571,0,0,0,
2.96009,0,0,0,
2.96325,0,0,0,
2.96643,0,0,0,
2.96969,0,0,0,
2.97272,0,0,0,
2.97598,0,0,0,
2.97896,0,0,0,
2.98196,0,0,0,
2.98475,0,0,0,
2.98767,0,0,0,
2.99204,0,0,0,
2.99523,0,0,0,
2.99831,0,0,0,
3.00182,0.0358337,0,400,
3.00506,0.198217,0,400,
3.00813,0.307295,0,400,
3.01093,0.388142,0,400,
3.01443,0.386187,0,400,
3.01749,0.41124,0,400,
3.0205,0.434459,0,400,
3.02358,0.477423,0,400,
3.02626,0.534469,0,400,
3.02948,0.596805,0,400,
3.03242,0.627997,0,400,
3.03535,0.659051,0,400,
3.03843,0.6843,0,400,
3.04165,0.702921,0,400,
3.04467,0.719045,0,400,
3.04764,0.737318,0,400,
3.05042,0.764509,0,400,
3.0534,0.791743,0,400,
3.0564,0.813663,0,400,
3.05975,0.826927,0,400,
3.06292,0.832193,0,400,
3.06562,0.837906,0,400,
3.06884,0.84084,0,400,
3.07213,0.842277,0,400,
3.07513,0.843159,0,400,
3.07788,0.843908,0,400,
3.08068,0.844523,0,400,
3.08358,0.84546,0,400,
3.08647,0.845884,0,400,
3.08962,0.847651,0,400,
3.09277,0.847533,0,400,
3.09631,0.848482,0,400,
3.09951,0.849332,0,400,
3.10228,0.849436,0,400,
3.10526,0.851327,0,400,
3.10844,0.851162,0,400,
3.11137,0.851969,0,400,
3.11438,0.850727,0,400,
3.11723,0.850925,0,400,
3.12003,0.85033,0,400,
3.12355,0.850124,0,400,
3.12648,0.849433,0,400,
3.12938,0.848681,0,400,
3.13205,0.848003,0,400,
3.1351,0.847292,0,400,
3.13856,0.846395,0,400,
3.14165,0.84572,0,400,
3.14454,0.845573,0,400,
3.14726,0.845367,0,400,
3.15087,0.846059,0,400,
3.154,0.845203,0,400,
3.15673,0.845195,0,400,
3.15939,0.845545,0,400,
3.1628,0.84591,0,400,
3.16602,0.846291,0,400,
3.16941,0.846508,0,400,
3.17222,0.847487,0,400,
3.17508,0.848016,0,400,
3.17771,0.84923,0,400,
3.18093,0.848944,0,400,
3.18405,0.849891,0,400,
3.18674,0.84897,0,400,
3.19022,0.850059,0,400,
3.19323,0.850184,0,400,
3.19618,0.850772,0,400,
3.19923,0.850447,0,400,
3.20222,0.850151,0,400,
3.20523,0.849509,0,400,
3.20804,0.849199,0,400,
3.21087,0.848859,0,400,
3.21438,0.848881,0,400,
3.21743,0.848626,0,400,
3.22072,0.848866,0,400,
3.22371,0.849487,0,400,
3.22661,0.847973,0,400,
3.23,0.846777,0,400,
3.2329,0.846152,0,400,
3.23566,0.845143,0,400,
3.23855,0.844256,0,400,
3.24227,0.845982,0,400,
3.24598,0.847169,0,400,
3.24904,0.848549,0,400,
3.25169,0.849156,0,400,
3.2548,0.850124,0,400,
3.25811,0.850036,0,400,
3.26105,0.850326,0,400,
3.26372,0.850237,0,400,
3.26654,0.851191,0,400,
3.26983,0.851337,0,400,
3.27273,0.852034,0,400,
3.27566,0.852269,0,400,
3.27839,0.852721,0,400,
3.28189,0.852878,0,400,
3.28455,0.852619,0,400,
3.28782,0.85327,0,400,
3.29102,0.854038,0,400,
3.29371,0.853047,0,400,
3.2974,0.853267,0,400,
3.30028,0.853038,0,400,
3.30337,0.852285,0,400,
3.30655,0.852196,0,400,
3.30996,0.852445,0,400,
3.31296,0.853502,0,400,
3.31583,0.852651,0,400,
3.31858,0.852797,0,400,
3.32177,0.853085,0,400,
3.32461,0.852358,0,400,
3.3276,0.852454,0,400,
3.3306,0.852484,0,400,
3.33372,0.852608,0,400,
3.33755,0.852804,0,400,
3.34058,0.853408,0,400,
3.3435,0.853028,0,400,
3.34633,0.853896,0,400,
3.34927,0.853382,0,400,
3.35234,0.854045,0,400,
3.35541,0.853355,0,400,
3.35804,0.854193,0,400,
3.3608,0.853487,0,400,
3.36357,0.853391,0,400,
3.36659,0.853352,0,400,
3.36955,0.853355,0,400,
3.3726,0.852758,0,400,
3.37584,0.853334,0,400,
3.37888,0.852698,0,400,
3.38206,0.852707,0,400,
3.38478,0.85244,0,400,
3.38758,0.853538,0,400,
3.39076,0.852809,0,400,
3.39374,0.852738,0,400,
3.3965,0.85246,0,400,
3.39939,0.852348,0,400,
3.40336,0.852893,0,400,
3.40668,0.851207,0,400,
3.40962,0.851646,0,400,
3.41232,0.850941,0,400,
3.41567,0.851055,0,400,
3.41868,0.850632,0,400,
3.4214,0.848848,0,400,
3.42439,0.848603,0,400,
3.42741,0.848196,0,400,
3.43103,0.847982,0,400,
3.4343,0.848598,0,400,
3.43723,0.847771,0,400,
3.44005,0.848228,0,400,
3.44347,0.847491,0,400,
3.44703,0.847195,0,400,
3.45005,0.84735,0,400,
3.4529,0.847348,0,400,
3.45624,0.847176,0,400,
3.45981,0.846828,0,400,
3.46287,0.847581,0,400,
3.46556,0.846561,0,400,
3.4687,0.846407,0,400,
3.47157,0.84528,0,400,
3.47475,0.844386,0,400,
3.47762,0.844819,0,400,
3.48057,0.843994,0,400,
3.48371,0.843971,0,400,
3.48656,0.842591,0,400,
3.48957,0.842658,0,400,
3.49263,0.842138,0,400,
3.49578,0.842643,0,400,
3.4986,0.841734,0,400,
3.50158,0.842229,0,400,
3.50456,0.841507,0,400,
3.5076,0.841598,0,400,
3.51066,0.840783,0,400,
3.51389,0.840959,0,400,
3.51673,0.83976,0,400,
3.51941,0.839423,0,400,
3.52257,0.839736,0,400,
3.52559,0.839802,0,400,
3.52836,0.840052,0,400,
3.53107,0.840474,0,400,
3.53412,0.839981,0,400,
3.53746,0.84001,0,400,
3.54071,0.840298,0,400,
3.54375,0.840041,0,400,
3.54645,0.839824,0,400,
3.54926,0.84031,0,400,
3.55237,0.839818,0,400,
3.55522,0.840642,0,400,
3.55861,0.840204,0,400,
3.56171,0.840247,0,400,
3.56493,0.839265,0,400,
3.568,0.839067,0,400,
3.57088,0.838152,0,400,
3.57369,0.838443,0,400,
3.57715,0.839327,0,400,
3.58006,0.838758,0,400,
3.58312,0.838758,0,400,
3.58641,0.838468,0,400,
3.58946,0.839115,0,400,
3.59253,0.838437,0,400,
3.59545,0.839616,0,400,
3.59828,0.839831,0,400,
3.60196,0.84033,0,400,
3.60459,0.840776,0,400,
3.60767,0.84037,0,400,
3.61074,0.840485,0,400,
3.61416,0.840836,0,400,
3.61723,0.840807,0,400,
3.62035,0.841082,0,400,
3.6231,0.841641,0,400,
3.62594,0.840634,0,400,
3.62921,0.840918,0,400,
3.63225,0.840786,0,400,
3.63542,0.841054,0,400,
3.63823,0.841063,0,400,
3.64107,0.84188,0,400,
3.6441,0.84137,0,400,
3.64706,0.841485,0,400,
3.64975,0.841483,0,400,
3.65257,0.841911,0,400,
3.65575,0.842268,0,400,
3.65845,0.841922,0,400,
3.66135,0.841773,0,400,
3.66413,0.841442,0,400,
3.66689,0.84253,0,400,
3.67007,0.842005,0,400,
3.67323,0.842461,0,400,
3.67616,0.842026,0,400,
3.6789,0.842869,0,400,
3.68198,0.842351,0,400,
3.68523,0.84345,0,400,
3.68825,0.842613,0,400,
3.69116,0.843363,0,400,
3.69389,0.843279,0,400,
3.69736,0.843764,0,400,
3.70034,0.843691,0,400,
3.7033,0.844094,0,400,
3.70605,0.843061,0,400,
3.70943,0.84182,0,400,
3.7124,0.840546,0,400,
3.71534,0.839703,0,400,
3.71805,0.838912,0,400,
3.72108,0.839187,0,400,
3.72408,0.839388,0,400,
3.72723,0.839472,0,400,
3.73012,0.839692,0,400,
3.73286,0.840543,0,400,
3.73586,0.839547,0,400,
3.73905,0.841248,0,400,
3.74174,0.841115,0,400,
3.74456,0.841776,0,400,
3.74723,0.842068,0,400,
3.75089,0.842492,0,400,
3.75394,0.842452,0,400,
3.75704,0.843224,0,400,
3.75997,0.84293,0,400,
3.76275,0.843265,0,400,
3.7656,0.843656,0,400,
3.76841,0.843765,0,400,
3.77143,0.842637,0,400,
3.77424,0.843328,0,400,
3.7776,0.843016,0,400,
3.78078,0.844901,0,400,
3.7836,0.843885,0,400,
3.78635,0.844882,0,400,
3.78962,0.844554,0,400,
3.79263,0.845042,0,400,
3.79542,0.844152,0,400,
3.79807,0.844541,0,400,
3.80077,0.843935,0,400,
3.80467,0.844038,0,400,
3.80812,0.844965,0,400,
3.81164,0.844537,0,400,
3.81475,0.844355,0,400,
3.81856,0.845153,0,400,
3.82143,0.844033,0,400,
3.82413,0.843814,0,400,
3.82729,0.843933,0,400,
3.83125,0.843664,0,400,
3.83504,0.842249,0,400,
3.83781,0.843066,0,400,
3.84087,0.842701,0,400,
3.84395,0.843207,0,400,
3.84705,0.842498,0,400,
3.85042,0.841462,0,400,
3.85315,0.841038,0,400,
3.85698,0.842079,0,400,
3.86016,0.842336,0,400,
3.86344,0.842669,0,400,
3.86642,0.842483,0,400,
3.86993,0.842536,0,400,
3.87294,0.842459,0,400,
3.87588,0.843027,0,400,
3.87926,0.842804,0,400,
3.88246,0.842366,0,400,
3.88571,0.843519,0,400,
3.88849,0.842758,0,400,
3.89159,0.844426,0,400,
3.89442,0.84308,0,400,
3.89777,0.844057,0,400,
3.9008,0.843173,0,400,
3.90377,0.843253,0,400,
3.90663,0.842639,0,400,
3.91004,0.842735,0,400,
3.91343,0.844087,0,400,
3.91636,0.843152,0,400,
3.91913,0.843182,0,400,
3.92225,0.843007,0,400,
3.92536,0.843488,0,400,
3.92813,0.844122,0,400,
3.93088,0.843774,0,400,
3.93371,0.843302,0,400,
3.93745,0.843785,0,400,
3.94077,0.843093,0,400,
3.94347,0.843132,0,400,
3.94637,0.842827,0,400,
3.95002,0.843429,0,400,
3.95316,0.844046,0,400,
3.95625,0.843831,0,400,
3.95929,0.843624,0,400,
3.96226,0.843223,0,400,
3.96547,0.842961,0,400,
3.96861,0.842829,0,400,
3.97162,0.842878,0,400,
3.97426,0.842547,0,400,
3.97759,0.842649,0,400,
3.98064,0.842372,0,400,
3.98357,0.842435,0,400,
3.98675,0.842341,0,400,
3.98994,0.841467,0,400,
3.9929,0.841223,0,400,
3.9958,0.841161,0,400,
3.99892,0.841524,0,400,
4.00201,0.841356,0,400,
4.00503,0.841818,0,400,
4.00788,0.841475,0,400,
4.01095,0.841858,0,400,
4.0137,0.841168,0,400,
4.01705,0.841612,0,400,
4.02008,0.841259,0,400,
4.02298,0.841348,0,400,
4.02581,0.842484,0,400,
4.02914,0.843121,0,400,
4.03262,0.84283,0,400,
4.03595,0.842797,0,400,
4.03905,0.84298,0,400,
4.04226,0.843067,0,400,
4.04507,0.84375,0,400,
4.04788,0.843921,0,400,
4.05086,0.84308,0,400,
4.05406,0.842162,0,400,
4.05838,0.842244,0,400,
4.06145,0.842634,0,400,
4.06426,0.84228,0,400,
4.06705,0.843212,0,400,
4.07027,0.842709,0,400,
4.07314,0.842733,0,400,
4.07598,0.842071,0,400,
4.07913,0.842021,0,400,
4.0823,0.842637,0,400,
4.08529,0.842583,0,400,
4.08826,0.843431,0,400,
4.09136,0.843331,0,400,
4.09426,0.844884,0,400,
4.09765,0.844528,0,400,
4.10066,0.845692,0,400,
4.1035,0.845087,0,400,
4.10629,0.845137,0,400,
4.10965,0.845177,0,400,
4.11286,0.845453,0,400,
4.11595,0.845325,0,400,
4.11893,0.846382,0,400,
4.12202,0.846038,0,400,
4.12512,0.84608,0,400,
4.12826,0.846479,0,400,
4.1311,0.846618,0,400,
4.13393,0.846578,0,400,
4.13748,0.845983,0,400,
4.14082,0.846856,0,400,
4.14379,0.84642,0,400,
4.14663,0.846904,0,400,
4.14975,0.845872,0,400,
4.15264,0.8481,0,400,
4.15562,0.847733,0,400,
4.15843,0.848139,0,400,
4.16142,0.848111,0,400,
4.16445,0.848564,0,400,
4.16783,0.847728,0,400,
4.17083,0.848134,0,400,
4.17378,0.849028,0,400,
4.1771,0.849,0,400,
4.18027,0.848311,0,400,
4.183,0.848005,0,400,
4.18626,0.848416,0,400,
4.18929,0.847308,0,400,
4.19226,0.847762,0,400,
4.19511,0.847316,0,400,
4.19826,0.847555,0,400,
4.20135,0.846634,0,400,
4.20478,0.846367,0,400,
4.20761,0.845692,0,400,
4.2106,0.844193,0,400,
4.21356,0.842939,0,400,
4.21702,0.841285,0,400,
4.22008,0.840663,0,400,
4.22297,0.839357,0,400,
4.22592,0.839602,0,400,
4.2291,0.837773,0,400,
4.23194,0.838513,0,400,
4.23497,0.838023,0,400,
4.23772,0.838341,0,400,
4.24045,0.837605,0,400,
4.24411,0.839575,0,400,
4.24718,0.840595,0,400,
4.25037,0.842217,0,400,
4.25312,0.842622,0,400,
4.25657,0.843089,0,400,
4.25948,0.843426,0,400,
4.26232,0.843974,0,400,
4.2653,0.844199,0,400,
4.26836,0.845351,0,400,
4.27143,0.846101,0,400,
4.27471,0.845758,0,400,
4.27779,0.846189,0,400,
4.28106,0.846028,0,400,
4.28429,0.846288,0,400,
4.28731,0.846633,0,400,
4.29038,0.847259,0,400,
4.29312,0.847409,0,400,
4.29706,0.847864,0,400,
4.29981,0.847546,0,400,
4.30299,0.84806,0,400,
4.30602,0.848522,0,400,
4.30909,0.848545,0,400,
4.31204,0.848788,0,400,
4.31489,0.848811,0,400,
4.318,0.848855,0,400,
4.32111,0.850141,0,400,
4.32484,0.85031,0,400,
4.32813,0.850882,0,400,
4.33089,0.850754,0,400,
4.33438,0.850688,0,400,
4.33778,0.851908,0,400,
4.34075,0.852095,0,400,
4.34375,0.852665,0,400,
4.34646,0.852268,0,400,
4.34961,0.852999,0,400,
4.35243,0.853411,0,400,
4.35527,0.853481,0,400,
4.35838,0.853094,0,400,
4.36166,0.853923,0,400,
4.36495,0.853716,0,400,
4.36845,0.853343,0,400,
4.37156,0.853375,0,400,
4.37444,0.852715,0,400,
4.37766,0.852374,0,400,
4.38061,0.852378,0,400,
4.38348,0.852314,0,400,
4.38618,0.852677,0,400,
4.3895,0.85299,0,400,
4.39237,0.852065,0,400,
4.39548,0.852598,0,400,
4.3983,0.85187,0,400,
4.40118,0.852418,0,400,
4.40448,0.850833,0,400,
4.40738,0.852002,0,400,
4.41044,0.850799,0,400,
4.41316,0.851652,0,400,
4.41671,0.851863,0,400,
4.42009,0.851898,0,400,
4.42327,0.85297,0,400,
4.42598,0.852899,0,400,
4.4288,0.852246,0,400,
4.43164,0.852905,0,400,
4.43499,0.852778,0,400,
4.43802,0.8531,0,400,
4.44091,0.852586,0,400,
4.4441,0.853022,0,400,
4.44715,0.853242,0,400,
4.45049,0.852825,0,400,
4.45367,0.853533,0,400,
4.45707,0.853612,0,400,
4.46048,0.853638,0,400,
4.46344,0.85464,0,400,
4.46656,0.853144,0,400,
4.46948,0.854755,0,400,
4.47244,0.854059,0,400,
4.47563,0.855034,0,400,
4.47847,0.854476,0,400,
4.48159,0.854577,0,400,
4.48473,0.852758,0,400,
4.48747,0.852091,0,400,
4.49016,0.851776,0,400,
4.49293,0.852144,0,400,
4.4963,0.852481,0,400,
4.49946,0.852658,0,400,
4.50229,0.8525,0,400,
4.50531,0.852898,0,400,
4.50827,0.852754,0,400,
4.51132,0.853874,0,400,
4.51451,0.853466,0,400,
4.51753,0.853603,0,400,
4.5203,0.853714,0,400,
4.52398,0.854203,0,400,
4.52717,0.854518,0,400,
4.53041,0.854139,0,400,
4.53327,0.854313,0,400,
4.53627,0.854542,0,400,
4.53905,0.855255,0,400,
4.5425,0.855094,0,400,
4.54547,0.855882,0,400,
4.54889,0.855903,0,400,
4.55178,0.857273,0,400,
4.55457,0.858081,0,400,
4.55757,0.858764,0,400,
4.56062,0.859015,0,400,
4.56413,0.859355,0,400,
4.56702,0.859815,0,400,
4.5699,0.860581,0,400,
4.57275,0.860423,0,400,
4.57585,0.860356,0,400,
4.5791,0.860244,0,400,
4.5824,0.860182,0,400,
4.58592,0.861087,0,400,
4.58941,0.861024,0,400,
4.59248,0.860485,0,400,
4.59527,0.860527,0,400,
4.59807,0.861361,0,400,
4.60114,0.860597,0,400,
4.60487,0.861101,0,400,
4.60765,0.861402,0,400,
4.61081,0.86084,0,400,
4.61416,0.860104,0,400,
4.61727,0.860496,0,400,
4.62044,0.859792,0,400,
4.62328,0.859467,0,400,
4.62595,0.859343,0,400,
4.62922,0.859403,0,400,
4.63249,0.859605,0,400,
4.63587,0.860773,0,400,
4.6388,0.860508,0,400,
4.64179,0.862035,0,400,
4.64476,0.86169,0,400,
4.64764,0.8625,0,400,
4.65077,0.861936,0,400,
4.65361,0.861002,0,400,
4.65732,0.861467,0,400,
4.66048,0.861114,0,400,
4.66378,0.862003,0,400,
4.66772,0.862148,0,400,
4.67118,0.863209,0,400,
4.67434,0.861912,0,400,
4.67768,0.862002,0,400,
4.68091,0.861266,0,400,
4.68428,0.861946,0,400,
4.68751,0.861665,0,400,
4.69078,0.860845,0,400,
4.69386,0.861058,0,400,
4.6973,0.861561,0,400,
4.70073,0.860946,0,400,
4.70397,0.861112,0,400,
4.70701,0.8609,0,400,
4.71071,0.860365,0,400,
4.71383,0.861148,0,400,
4.71664,0.860411,0,400,
4.71987,0.860768,0,400,
4.72312,0,0,0,
4.72648,0,0,0,
4.72963,0,0,0,
4.73289,0,0,0,
4.7359,0,0,0,
4.73882,0,0,0,
4.74167,0,0,0,
4.74486,0,0,0,
4.74774,0,0,0,
4.75083,0,0,0,
4.75371,0,0,0,
4.75703,0,0,0,
4.76009,0,0,0,
4.76328,0,0,0,
4.76632,0,0,0,
4.76928,0,0,0,
4.772,0,0,0,
4.77499,0,0,0,
4.77786,0,0,0,
4.78064,0,0,0,
4.78358,0,0,0,
4.78687,0,0,0,
4.79062,0,0,0,
4.79367,0,0,0,
4.79664,0,0,0,
4.79933,0,0,0,
4.8023,0,0,0,
4.8053,0,0,0,
4.80827,0,0,0,
4.81106,0,0,0,
4.81379,0,0,0,
4.81681,0,0,0,
4.81981,0,0,0,
4.82331,0,0,0,
4.82612,0,0,0,
4.82902,0,0,0,
4.83201,0,0,0,
4.83521,0,0,0,
4.83819,0,0,0,
4.84104,0,0,0,
4.84399,0,0,0,
4.84689,0,0,0,
4.84972,0,0,0,
4.85272,0,0,0,
4.85566,0,0,0,
4.85873,0,0,0,
4.86185,0,0,0,
4.86491,0,0,0,
4.86803,0,0,0,
4.87088,0,0,0,
4.87368,0,0,0,
4.87674,0,0,0,
4.87947,0,0,0,
4.88262,0,0,0,
4.88532,0,0,0,
4.88845,0,0,0,
4.89198,0,0,0,
4.89513,0,0,0,
4.89834,0,0,0,
4.90103,0,0,0,
4.90379,0,0,0,
4.90647,0,0,0,
4.90932,0,0,0,
4.91215,0,0,0,
4.91578,0,0,0,
4.91916,0,0,0,
4.92182,0,0,0,
4.9245,0,0,0,
4.92744,0,0,0,
4.93018,0,0,0,
4.93298,0,0,0,
4.93616,0,0,0,
4.93931,0,0,0,
4.94266,0,0,0,
4.94573,0,0,0,
4.94879,0,0,0,
4.952,0,0,0,
4.95485,0,0,0,
4.95765,0,0,0,
4.96031,0,0,0,
4.96332,0,0,0,
4.96618,0,0,0,
4.969,0,0,0,
4.97233,0,0,0,
4.97529,0,0,0,
4.97845,0,0,0,
4.98131,0,0,0,
4.98413,0,0,0,
4.98685,0,0,0,
4.99033,0,0,0,
4.99346,0,0,0,
4.9963,0,0,0,
4.99914,0,0,0,
5.00195,0,0,0,
5.0053,0,0,0,
5.00854,0,0,0,
5.01184,0,0,0,
5.01508,0,0,0,
5.01801,0,0,0,
5.0209,0,0,0,
5.02413,0,0,0,
5.02684,0,0,0,
5.0303,0,0,0,
5.03353,0,0,0,
5.03641,0,0,0,
5.03946,0,0,0,
5.04268,0,0,0,
5.04549,0,0,0,
5.04832,0,0,0,
5.05102,0,0,0,
5.05399,0,0,0,
5.05689,0,0,0,
5.05982,0,0,0,
5.06264,0,0,0,
5.06545,0,0,0,
5.06862,0,0,0,
5.07188,0,0,0,
5.07531,0,0,0,
5.07849,0,0,0,
5.08132,0,0,0,
5.08463,0,0,0,
5.08762,0,0,0,
5.0903,0,0,0,
5.09312,0,0,0,
5.0967,0,0,0,
5.10031,0,0,0,
5.10329,0,0,0,
5.10629,0,0,0,
5.10929,0,0,0,
5.11216,0,0,0,
5.11533,0,0,0,
5.11814,0,0,0,
5.1208,0,0,0,
5.12379,0,0,0,
5.12648,0,0,0,
5.12917,0,0,0,
5.13213,0,0,0,
5.13542,0,0,0,
5.13846,0,0,0,
5.14164,0,0,0,
5.14457,0,0,0,
5.1477,0,0,0,
5.15045,0,0,0,
5.15358,0,0,0,
5.15645,0,0,0,
5.15949,0,0,0,
5.16256,0,0,0,
5.16606,0,0,0,
5.16918,0,0,0,
5.17229,0,0,0,
5.17553,0,0,0,
5.17864,0,0,0,
5.18149,0,0,0,
5.18417,0,0,0,
5.18686,0,0,0,
5.19033,0,0,0,
5.19345,0,0,0,
5.19679,0,0,0,
5.19964,0,0,0,
5.20247,0,0,0,
5.20557,0,0,0,
5.20832,0,0,0,
5.21116,0,0,0,
5.21385,0,0,0,
5.21766,0,0,0,
5.2206,0,0,0,
5.22346,0,0,0,
5.22635,0,0,0,
5.22931,0,0,0,
5.23218,0,0,0,
5.23508,0,0,0,
5.23782,0,0,0,
5.2406,0,0,0,
5.24431,0,0,0,
5.24759,0,0,0,
5.25038,0,0,0,
5.25333,0,0,0,
5.25647,0,0,0,
5.25935,0,0,0,
5.26229,0,0,0,
5.26529,0,0,0,
5.26834,0,0,0,
5.27202,0,0,0,
5.27515,0,0,0,
5.27834,0,0,0,
5.2812,0,0,0,
5.28418,0,0,0,
5.28694,0,0,0,
5.28969,0,0,0,
5.29288,0,0,0,
5.29651,0,0,0,
5.29967,0,0,0,
5.30284,0,0,0,
5.30571,0,0,0,
5.30883,0,0,0,
5.31184,0,0,0,
5.31466,0,0,0,
5.31746,0,0,0,
5.32032,0,0,0,
5.32356,0,0,0,
5.32652,0,0,0,
5.32954,0,0,0,
5.33273,0,0,0,
5.33605,0,0,0,
5.33918,0,0,0,
5.3421,0,0,0,
5.34482,0,0,0,
5.34764,0,0,0,
5.3513,0,0,0,
5.35474,0,0,0,
5.35796,0,0,0,
5.361,0,0,0,
5.36375,0,0,0,
5.36693,0,0,0,
5.36974,0,0,0,
5.37263,0,0,0,
5.37563,0,0,0,
5.37887,0,0,0,
5.38261,0,0,0,
5.38572,0,0,0,
5.38883,0,0,0,
5.39184,0,0,0,
5.39483,0,0,0,
5.39787,0,0,0,
5.40078,0,0,0,
5.40381,0,0,0,
5.40689,0,0,0,
5.4103,0,0,0,
5.41301,0,0,0,
5.41601,0,0,0,
5.41882,0,0,0,
5.42149,0,0,0,
5.4243,0,0,0,
5.42747,0,0,0,
5.43047,0,0,0,
5.43358,0,0,0,
5.43632,0,0,0,
5.43912,0,0,0,
5.44224,0,0,0,
5.44546,0,0,0,
5.44894,0,0,0,
5.45185,0,0,0,
5.45511,0,0,0,
5.45826,0,0,0,
5.46108,0,0,0,
5.46399,0,0,0,
5.46681,0,0,0,
5.47065,0,0,0,
5.47389,0,0,0,
5.47712,0,0,0,
5.4799,0,0,0,
5.4833,0,0,0,
5.4861,0,0,0,
5.48899,0,0,0,
5.49187,0,0,0,
5.49479,0,0,0,
5.49854,0,0,0,
5.50203,0,0,0,
5.50518,0,0,0,
5.50835,0,0,0,
5.51133,0,0,0,
5.51431,0,0,0,
5.51713,0,0,0,
5.51993,0,0,0,
5.52331,0,0,0,
5.5265,0,0,0,
5.52992,0,0,0,
5.53264,0,0,0,
5.53564,0,0,0,
5.53848,0,0,0,
5.5413,0,0,0,
5.54403,0,0,0,
5.54705,0,0,0,
5.55064,0,0,0,
5.55334,0,0,0,
5.55615,0,0,0,
5.55917,0,0,0,
5.56196,0,0,0,
5.5652,0,0,0,
5.56834,0,0,0,
5.57148,0,0,0,
5.57506,0,0,0,
5.57831,0,0,0,
5.58147,0,0,0,
5.58431,0,0,0,
5.58705,0,0,0,
5.59049,0,0,0,
5.59369,0,0,0,
5.59712,0,0,0,
5.59985,0,0,0,
5.60293,0,0,0,
5.60596,0,0,0,
5.60884,0,0,0,
5.6116,0,0,0,
5.61481,0,0,0,
5.61768,0,0,0,
5.62059,0,0,0,
5.62332,0,0,0,
5.62606,0,0,0,
5.62952,0,0,0,
5.63265,0,0,0,
5.63603,0,0,0,
5.63916,0,0,0,
5.64222,0,0,0,
5.64516,0,0,0,
5.64804,0,0,0,
5.65109,0,0,0,
5.65398,0,0,0,
5.65687,0,0,0,
5.66007,0,0,0,
5.66332,0,0,0,
5.66652,0,0,0,
5.6695,0,0,0,
5.67241,0,0,0,
5.67526,0,0,0,
5.67841,0,0,0,
5.68117,0,0,0,
5.68427,0,0,0,
5.68747,0,0,0,
5.69031,0,0,0,
5.69331,0,0,0,
5.69632,0,0,0,
5.69932,0,0,0,
5.70264,0,0,0,
5.70557,0,0,0,
5.70866,0,0,0,
5.71152,0,0,0,
5.71447,0,0,0,
5.71717,0,0,0,
5.71985,0,0,0,
5.72315,0,0,0,
5.72637,0,0,0,
5.72933,0,0,0,
5.73252,0,0,0,
5.7355,0,0,0,
5.73854,0,0,0,
5.74147,0,0,0,
5.74431,0,0,0,
5.74699,0,0,0,
5.75002,0,0,0,
5.75307,0,0,0,
5.75583,0,0,0,
5.75851,0,0,0,
5.76118,0,0,0,
5.76481,0,0,0,
5.7681,0,0,0,
5.77101,0,0,0,
5.77381,0,0,0,
5.77693,0,0,0,
5.78042,0,0,0,
5.78322,0,0,0,
5.786,0,0,0,
5.78887,0,0,0,
5.79176,0,0,0,
5.79507,0,0,0,
5.79812,0,0,0,
5.80096,0,0,0,
5.80395,0,0,0,
5.80683,0,0,0,
5.80972,0,0,0,
5.81271,0,0,0,
5.81607,0,0,0,
5.81887,0,0,0,
5.82159,0,0,0,
5.82465,0,0,0,
5.82736,0,0,0,
5.83099,0,0,0,
5.83395,0,0,0,
5.83703,0,0,0,
5.83999,0,0,0,
5.84269,0,0,0,
5.84563,0,0,0,
5.84835,0,0,0,
5.85102,0,0,0,
5.85383,0,0,0,
5.85669,0,0,0,
5.85998,0,0,0,
5.86355,0,0,0,
5.86683,0,0,0,
5.87006,0,0,0,
5.87317,0,0,0,
5.87586,0,0,0,
5.87868,0,0,0,
5.88162,0,0,0,
5.88457,0,0,0,
5.88748,0,0,0,
5.89032,0,0,0,
5.8931,0,0,0,
5.89631,0,0,0,
5.89921,0,0,0,
5.902,0,0,0,
5.90483,0,0,0,
5.9075,0,0,0,
5.91118,0,0,0,
5.91402,0,0,0,
5.91666,0,0,0,
5.91934,0,0,0,
5.92218,0,0,0,
5.92509,0,0,0,
5.92834,0,0,0,
5.93114,0,0,0,
5.93406,0,0,0,
5.93698,0,0,0,
5.93991,0,0,0,
5.94286,0,0,0,
5.94553,0,0,0,
5.94832,0,0,0,
5.95132,0,0,0,
