time [s],adc1_med,adc1_med_ema,adc[0],servo1.encoder.angle,servo1.encoder.angularVelocity,servo1.positionSetpoint,
4e-07,0,0,0,-0.0122911,0,0,
0.01,0,0,0,-0.0122911,0,0,
0.02,0,0,0,-0.0122911,0,0,
0.03,0,0,0,-0.0122911,0,0,
0.04,0,0,0,-0.0122911,0,0,
0.0500001,0,0,0,-0.0122911,0,0,
0.06,0,0,0,-0.0122911,0,0,
0.0700001,0,0,0,-0.0122911,0,0,
0.08,0,0,0,-0.0122911,0,0,
0.0900001,0,0,0,-0.0122911,0,0,
0.1,0,0,0,-0.0122911,0,0,
0.11,0,0,0,-0.0122911,0,0,
0.12,0,0,0,-0.0122911,0,0,
0.13,0,0,0,-0.0122911,0,0,
0.14,0,0,0,-0.0122911,0,0,
0.15,0,0,0,-0.0122911,0,0,
0.16,0,0,0,-0.0122911,0,0,
0.17,0,0,0,-0.0122911,0,0,
0.18,0,0,0,-0.0122911,0,0,
0.19,0,0,0,-0.0122911,0,0,
0.2,0,0,0,-0.0122911,0,0,
0.21,0,0,0,-0.0122911,0,0,
0.22,0,0,0,-0.0122911,0,0,
0.23,0,0,0,-0.0122911,0,0,
0.24,0,0,0,-0.0122911,0,0,
0.25,0,0,0,-0.0122911,0,0,
0.26,0,0,0,-0.0122911,0,0,
0.270002,0,0,0,-0.0122911,0,0,
0.28,0,0,0,-0.0122911,0,0,
0.29,0,0,0,-0.0122911,0,0,
0.3,0,0,0,-0.0122911,0,0,
0.310001,0,0,0,-0.0122911,0,0,
0.32,0,0,0,-0.0122911,0,0,
0.33,0,0,0,-0.0122911,0,0,
0.34,0,0,0,-0.0122911,0,0,
0.35,0,0,0,-0.0122911,0,0,
0.36,0,0,0,-0.0122911,0,0,
0.37,0,0,0,-0.0122911,0,0,
0.38,0,0,0,-0.0122911,0,0,
0.39,0,0,0,-0.0122911,0,0,
0.4,0,0,0,-0.0122911,0,0,
0.41,0,0,0,-0.0122911,0,0,
0.42,0,0,0,-0.0122911,0,0,
0.43,0,0,0,-0.0122911,0,0,
0.44,0,0,0,-0.0122911,0,0,
0.45,0,0,0,-0.0122911,0,0,
0.46,0,0,0,-0.0122911,0,0,
0.47,0,0,0,-0.0122911,0,0,
0.48,0,0,0,-0.0122911,0,0,
0.49,0,0,0,-0.0122911,0,0,
0.5,0,0,0,-0.0122911,0,0,
0.51,0,0,0,-0.0122911,0,0,
0.52,0,0,0,-0.0122911,0,0,
0.53,0,0,0,-0.0122911,0,0,
0.54,0,0,0,-0.0122911,0,0,
0.55,0,0,0,-0.0122911,0,0,
0.56,0,0,0,-0.0122911,0,0,
0.57,0,0,0,-0.0122911,0,0,
0.58,0,0,0,-0.0122911,0,0,
0.59,0,0,0,-0.0122911,0,0,
0.6,0,0,0,-0.0122911,0,0,
0.61,0,0,0,-0.0122911,0,0,
0.62,0,0,0,-0.0122911,0,0,
0.63,0,0,0,-0.0122911,0,0,
0.64,0,0,0,-0.0122911,0,0,
0.65,0,0,0,-0.0122911,0,0,
0.66,0,0,0,-0.0122911,0,0,
0.67,0,0,0,-0.0122911,0,0,
0.68,0,0,0,-0.0122911,0,0,
0.69,0,0,0,-0.0122911,0,0,
0.7,0,0,0,-0.0122911,0,0,
0.71,0,0,0,-0.0122911,0,0,
0.72,0,0,0,-0.0122911,0,0,
0.73,0,0,0,-0.0122911,0,0,
0.74,0,0,0,-0.0122911,0,0,
0.75,0,0,0,-0.0122911,0,0,
0.76,0,0,0,-0.0122911,0,0,
0.77,0,0,0,-0.0122911,0,0,
0.78,0,0,0,-0.0122911,0,0,
0.79,0,0,0,-0.0122911,0,0,
0.8,0,0,0,-0.0122911,0,0,
0.81,0,0,0,-0.0122911,0,0,
0.82,0,0,0,-0.0122911,0,0,
0.83,0,0,0,-0.0122911,0,0,
0.84,0,0,0,-0.0122911,0,0,
0.85,0,0,0,-0.0122911,0,0,
0.86,0,0,0,-0.0122911,0,0,
0.87,0,0,0,-0.0122911,0,0,
0.88,0,0,0,-0.0122911,0,0,
0.89,0,0,0,-0.0122911,0,0,
0.9,0,0,0,-0.0122911,0,0,
0.91,0,0,0,-0.0122911,0,0,
0.92,0,0,0,-0.0122911,0,0,
0.93,0,0,0,-0.0122911,0,0,
0.94,0,0,0,-0.0122911,0,0,
0.95,0,0,0,-0.0122911,0,0,
0.960001,0,0,0,-0.0122911,0,0,
0.97,0,0,0,-0.0122911,0,0,
0.98,0,0,0,-0.0122911,0,0,
0.99,0,0,0,-0.0122911,0,0,
1,0,0,0,-0.0122911,0,0,
1.01,0,0,0,-0.0122911,0,0,
1.02,0,0,0,-0.0122911,0,0,
1.03,0,0,0,-0.0122911,0,0,
1.04,0,0,0,-0.0122911,0,0,
1.05,0,0,0,-0.0122911,0,0,
1.06,0,0,0,-0.0122911,0,0,
1.07,0,0,0,-0.0122911,0,0,
1.08,0,0,0,-0.0122911,0,0,
1.09,0,0,0,-0.0122911,0,0,
1.1,0,0,0,-0.0122911,0,0,
1.11,0,0,0,-0.0122911,0,0,
1.12,0,0,0,-0.0122911,0,0,
1.13,0,0,0,-0.0122911,0,0,
1.14,0,0,0,-0.0122911,0,0,
1.15,0,0,0,-0.0122911,0,0,
1.16,0,0,0,-0.0122911,0,0,
1.17,0,0,0,-0.0122911,0,0,
1.18,0,0,0,-0.0122911,0,0,
1.19,0,0,0,-0.0122911,0,0,
1.2,0,0,0,-0.0122911,0,0,
1.21,0,0,0,-0.0122911,0,0,
1.22,0,0,0,-0.0122911,0,0,
1.23,0,0,0,-0.0122911,0,0,
1.24,0,0,0,-0.0122911,0,0,
1.25,0,0,0,-0.0122911,0,0,
1.26,0,0,0,-0.0122911,0,0,
1.27,0,0,0,-0.0122911,0,0,
1.28,0,0,0,-0.0122911,0,0,
1.29,0,0,0,-0.0122911,0,0,
1.3,0,0,0,-0.0122911,0,0,
1.31,0,0,0,-0.0122911,0,0,
1.32,0,0,0,-0.0122911,0,0,
1.33,0,0,0,-0.0122911,0,0,
1.34,0,0,0,-0.0122911,0,0,
1.35,0,0,0,-0.0122911,0,0,
1.36,0,0,0,-0.0122911,0,0,
1.37,0,0,0,-0.0122911,0,0,
1.38,0,0,0,-0.0122911,0,0,
1.39,0,0,0,-0.0122911,0,0,
1.4,0,0,0,-0.0122911,0,0,
1.41,0,0,0,-0.0122911,0,0,
1.42,0,0,0,-0.0122911,0,0,
1.43,0,0,0,-0.0122911,0,0,
1.44,0,0,0,-0.0122911,0,0,
1.45,0,0,0,-0.0122911,0,0,
1.46,0,0,0,-0.0122911,0,0,
1.47,0,0,0,-0.0122911,0,0,
1.48,0,0,0,-0.0122911,0,0,
1.49,0,0,0,-0.0122911,0,0,
1.5,0,0,0,-0.0122911,0,0,
1.51,0,0,0,-0.0122911,0,0,
1.52,0,0,0,-0.0122911,0,0,
1.53,0,0,0,-0.0122911,0,0,
1.54,0,0,0,-0.0122911,0,0,
1.55,0,0,0,-0.0122911,0,0,
1.56,0,0,0,-0.0122911,0,0,
1.57,0,0,0,-0.0122911,0,0,
1.58,0,0,0,-0.0122911,0,0,
1.59,0,0,0,-0.0122911,0,0,
1.6,0,0,0,-0.0122911,0,0,
1.61,0,0,0,-0.0122911,0,0,
1.62,0,0,0,-0.0122911,0,0,
1.63,0,0,0,-0.0122911,0,0,
1.64,0,0,0,-0.0122911,0,0,
1.65,0,0,0,-0.0122911,0,0,
1.66,0,0,0,-0.0122911,0,0,
1.67001,0,0,0,-0.0122911,0,0,
1.68,0,0,0,-0.0122911,0,0,
1.69,0,0,0,-0.0122911,0,0,
1.7,0,0,0,-0.0122911,0,0,
1.71,0,0,0,-0.0122911,0,0,
1.72,0,0,0,-0.0122911,0,0,
1.73,0,0,0,-0.0122911,0,0,
1.74,0,0,0,-0.0122911,0,0,
1.75,0,0,0,-0.0122911,0,0,
1.76,0,0,0,-0.0122911,0,0,
1.77,0,0,0,-0.0122911,0,0,
1.78,0,0,0,-0.0122911,0,0,
1.79,0,0,0,-0.0122911,0,0,
1.8,0,0,0,-0.0122911,0,0,
1.81,0,0,0,-0.0122911,0,0,
1.82,0,0,0,-0.0122911,0,0,
1.83,0,0,0,-0.0122911,0,0,
1.84,0,0,0,-0.0122911,0,0,
1.85,0,0,0,-0.0122911,0,0,
1.86,0,0,0,-0.0122911,0,0,
1.87,0,0,0,-0.0122911,0,0,
1.88,0,0,0,-0.0122911,0,0,
1.89,0,0,0,-0.0122911,0,0,
1.9,0,0,0,-0.0122911,0,0,
1.91,0,0,0,-0.0122911,0,0,
1.92,0,0,0,-0.0122911,0,0,
1.93,0,0,0,-0.0122911,0,0,
1.94,0,0,0,-0.0122911,0,0,
1.95,0,0,0,-0.0122911,0,0,
1.96,0,0,0,-0.0122911,0,0,
1.97,0,0,0,-0.0122911,0,0,
1.98,0,0,0,-0.0122911,0,0,
1.99,0,0,0,-0.0122911,0,0,
2,0,0,0,-0.0122911,0,0,
2.01,0,0,0,-0.0122911,0,0,
2.02,0,0,0,-0.0122911,0,0,
2.03,0,0,0,-0.0122911,0,0,
2.04001,0,0,0,-0.0122911,0,0,
2.05,0,0,0,-0.0122911,0,0,
2.06,0,0,0,-0.0122911,0,0,
2.07,0,0,0,-0.0122911,0,0,
2.08,0,0,0,-0.0122911,0,0,
2.09,0,0,0,-0.0122911,0,0,
2.1,0,0,0,-0.0122911,0,0,
2.11,0,0,0,-0.0122911,0,0,
2.12,0,0,0,-0.0122911,0,0,
2.13,0,0,0,-0.0122911,0,0,
2.14,0,0,0,-0.0122911,0,0,
2.15,0,0,0,-0.0122911,0,0,
2.16,0,0,0,-0.0122911,0,0,
2.17,0,0,0,-0.0122911,0,0,
2.18,0,0,0,-0.0122911,0,0,
2.19,0,0,0,-0.0122911,0,0,
2.2,0,0,0,-0.0122911,0,0,
2.21,0,0,0,-0.0122911,0,0,
2.22,0,0,0,-0.0122911,0,0,
2.23,0,0,0,-0.0122911,0,0,
2.24,0,0,0,-0.0122911,0,0,
2.25,0,0,0,-0.0122911,0,0,
2.26,0,0,0,-0.0122911,0,0,
2.27,0,0,0,-0.0122911,0,0,
2.28,0,0,0,-0.0122911,0,0,
2.29,0,0,0,-0.0122911,0,0,
2.3,0,0,0,-0.0122911,0,0,
2.31,0,0,0,-0.0122911,0,0,
2.32,0,0,0,-0.0122911,0,0,
2.33,0,0,0,-0.0122911,0,0,
2.34,0,0,0,-0.0122911,0,0,
2.35,0,0,0,-0.0122911,0,0,
2.36,0,0,0,-0.0122911,0,0,
2.37,0,0,0,-0.0122911,0,0,
2.38,0,0,0,-0.0122911,0,0,
2.39,0,0,0,-0.0122911,0,0,
2.4,0,0,0,-0.0122911,0,0,
2.41,0,0,0,-0.0122911,0,0,
2.42,0,0,0,-0.0122911,0,0,
2.43,0,0,0,-0.0122911,0,0,
2.44,0,0,0,-0.0122911,0,0,
2.45,0,0,0,-0.0122911,0,0,
2.46,0,0,0,-0.0122911,0,0,
2.47,0,0,0,-0.0122911,0,0,
2.48,0,0,0,-0.0122911,0,0,
2.49,0,0,0,-0.0122911,0,0,
2.5,0,0,0,-0.0122911,0,0,
2.51,0,0,0,-0.0122911,0,0,
2.52,0,0,0,-0.0122911,0,0,
2.53,0,0,0,-0.0122911,0,0,
2.54,0,0,0,-0.0122911,0,0,
2.55,0,0,0,-0.0122911,0,0,
2.56,0,0,0,-0.0122911,0,0,
2.57,0,0,0,-0.0122911,0,0,
2.58,0,0,0,-0.0122911,0,0,
2.59,0,0,0,-0.0122911,0,0,
2.6,0,0,0,-0.0122911,0,0,
2.61,0,0,0,-0.0122911,0,0,
2.62,0,0,0,-0.0122911,0,0,
2.63,0,0,0,-0.0122911,0,0,
2.64,0,0,0,-0.0122911,0,0,
2.65,0,0,0,-0.0122911,0,0,
2.66,0,0,0,-0.0122911,0,0,
2.67,0,0,0,-0.0122911,0,0,
2.68,0,0,0,-0.0122911,0,0,
2.69,0,0,0,-0.0122911,0,0,
2.7,0,0,0,-0.0122911,0,0,
2.71,0,0,0,-0.0122911,0,0,
2.72,0,0,0,-0.0122911,0,0,
2.73,0,0,0,-0.0122911,0,0,
2.74,0,0,0,-0.0122911,0,0,
2.75,0,0,0,-0.0122911,0,0,
2.76,0,0,0,-0.0122911,0,0,
2.77,0,0,0,-0.0122911,0,0,
2.78,0,0,0,-0.0122911,0,0,
2.79,0,0,0,-0.0122911,0,0,
2.8,0,0,0,-0.0122911,0,0,
2.81,0,0,0,-0.0122911,0,0,
2.82003,0,0,0,-0.0122911,0,0,
2.83,0,0,0,-0.0122911,0,0,
2.84,0,0,0,-0.0122911,0,0,
2.85,0,0,0,-0.0122911,0,0,
2.86,0,0,0,-0.0122911,0,0,
2.87,0,0,0,-0.0122911,0,0,
2.88,0,0,0,-0.0122911,0,0,
2.89,0,0,0,-0.0122911,0,0,
2.9,0,0,0,-0.0122911,0,0,
2.91,0,0,0,-0.0122911,0,0,
2.92,0,0,0,-0.0122911,0,0,
2.93,0,0,0,-0.0122911,0,0,
2.94,0,0,0,-0.0122911,0,0,
2.95,0,0,0,-0.0122911,0,0,
2.96,0,0,0,-0.0122911,0,0,
2.97,0,0,0,-0.0122911,0,0,
2.98,0,0,0,-0.0122911,0,0,
2.99,0,0,0,-0.0122911,0,0,
3,0,0,0,-0.0122911,0,0,
3.01,0,0,0,-0.0122911,0,0,
3.02,0,0,0,-0.0122911,0,0,
3.03,0,0,0,-0.0122911,0,0,
3.04,0,0,0,-0.0122911,0,0,
3.05,0,0,0,-0.0122911,0,0,
3.06,0,0,0,-0.0122911,0,0,
3.07,0,0,0,-0.0122911,0,0,
3.08,0,0,0,-0.0122911,0,0,
3.09,0,0,0,-0.0122911,0,0,
3.1,0,0,0,-0.0122911,0,0,
3.11,0,0,0,-0.0122911,0,0,
3.12,0,0,0,-0.0122911,0,0,
3.13,0,0,0,-0.0122911,0,0,
3.14,0,0,0,-0.0122911,0,0,
3.15,0,0,0,-0.0122911,0,0,
3.16,0,0,0,-0.0122911,0,0,
3.17,0,0,0,-0.0122911,0,0,
3.18,0,0,0,-0.0122911,0,0,
3.19,0,0,0,-0.0122911,0,0,
3.2,0,0,0,-0.0122911,0,0,
3.21,0,0,0,-0.0122911,0,0,
3.22,0,0,0,-0.0122911,0,0,
3.23,0,0,0,-0.0122911,0,0,
3.24,0,0,0,-0.0122911,0,0,
3.25,0,0,0,-0.0122911,0,0,
3.26,0,0,0,-0.0122911,0,0,
3.27,0,0,0,-0.0122911,0,0,
3.28,0,0,0,-0.0122911,0,0,
3.29,0,0,0,-0.0122911,0,0,
3.3,0,0,0,-0.0122911,0,0,
3.31,0,0,0,-0.0122911,0,0,
3.32,0,0,0,-0.0122911,0,0,
3.33,0,0,0,-0.0122911,0,0,
3.34,0,0,0,-0.0122911,0,0,
3.35,0,0,0,-0.0122911,0,0,
3.36,0,0,0,-0.0122911,0,0,
3.37,0,0,0,-0.0122911,0,0,
3.38,0,0,0,-0.0122911,0,0,
3.39,0,0,0,-0.0122911,0,0,
3.4,0,0,0,-0.0122911,0,0,
3.41005,0,0,0,-0.0122911,0,0,
3.42,0,0,0,-0.0122911,0,0,
3.43,0,0,0,-0.0122911,0,0,
3.44,0,0,0,-0.0122911,0,0,
3.45,0,0,0,-0.0122911,0,0,
3.46,0,0,0,-0.0122911,0,0,
3.47,0,0,0,-0.0122911,0,0,
3.48,0,0,0,-0.0122911,0,0,
3.49,0,0,0,-0.0122911,0,0,
3.5,0,0,0,-0.0122911,0,0,
3.51,0,0,0,-0.0122911,0,10,
3.52,0,0,0,0.0245821,0,10,
3.53,0,0,0,0.129056,0,10,
3.54,0,0,0,0.258112,0,10,
3.55,0,0,0,0.331858,0,10,
3.56,0,0,0,0.614553,0,10,
3.57,0,0,0,0.835791,0,10,
3.58,0,0,0,1.08161,0,10,
3.59,0,0,0,1.36431,0,10,
3.6,0,0,0,1.65929,0,10,
3.61,0,0,0,1.81908,0,10,
3.62,0,0,0,2.31072,0,10,
3.63,0,0,0,2.48279,0,10,
3.64,0,0,0,3.01745,0,10,
3.65,0,0,0,3.39233,0,10,
3.66,0,0,0,3.5767,0,10,
3.67,0,0,0,4.12979,0,10,
3.68,0,0,0,4.50467,0,10,
3.69,0,0,0,4.8734,0,10,
3.7,0,0,0,5.23599,0,10,
3.71,0,0,0,5.60472,0,10,
3.72,0,0,0,5.95501,0,10,
3.73,0,0,0,6.30531,0,10,
3.74,0,0,0,6.64946,0,10,
3.75,0,0,0,6.94444,0,10,
3.76,0,0,0,7.18412,0,10,
3.77,0,0,0,7.38692,0,10,
3.78,0,0,0,7.559,0,10,
3.79,0,0,0,7.70649,0,10,
3.8,0,0,0,7.84169,0,10,
3.81,0,0,0,7.95231,0,10,
3.82,0,0,0,8.06293,0,10,
3.83,0,0,0,8.16126,0,10,
3.84,0,0,0,8.2473,0,10,
3.85,0,0,0,8.33948,0,10,
3.86,0,0,0,8.42552,0,10,
3.87,0,0,0,8.50541,0,10,
3.88,0,0,0,8.59759,0,10,
3.89,0,0,0,8.69592,0,10,
3.9,0,0,0,8.80039,0,10,
3.91,0,0,0,8.91716,0,10,
3.92,0,0,0,9.02778,0,10,
3.93,0,0,0,9.14454,0,10,
3.94,0,0,0,9.26745,0,10,
3.95,0,0,0,9.39651,0,10,
3.96,0,0,0,9.52557,0,10,
3.97,0,0,0,9.64847,0,10,
3.98,0,0,0,9.77139,0,10,
3.99,0,0,0,9.8943,0,10,
4,0,0,0,10.0172,0,10,
4.01,0,0,0,10.1217,0,10,
4.02,0,0,0,10.2262,0,10,
4.03,0,0,0,10.3245,0,10,
4.04,0,0,0,10.4228,0,10,
4.05,0,0,0,10.5088,0,10,
4.06,0,0,0,10.5519,0,10,
4.07,0,0,0,10.6809,0,10,
4.08,0,0,0,10.7547,0,10,
4.09,0,0,0,10.8284,0,10,
4.1,0,0,0,10.8899,0,10,
4.11,0,0,0,10.9513,0,10,
4.12,0,0,0,11.0005,0,10,
4.13,0,0,0,11.0497,0,10,
4.14,0,0,0,11.0927,0,10,
4.15,0,0,0,11.1357,0,10,
4.16,0,0,0,11.1726,0,10,
4.17,0,0,0,11.2094,0,10,
4.18,0,0,0,11.234,0,10,
4.19,0,0,0,11.2647,0,10,
4.2,0,0,0,11.2893,0,10,
4.21,0,0,0,11.3078,0,10,
4.22,0,0,0,11.3323,0,10,
4.23,0,0,0,11.3508,0,10,
4.24,0,0,0,11.3692,0,10,
4.25,0,0,0,11.3938,0,10,
4.26001,0,0,0,11.4184,0,10,
4.27,0,0,0,11.4491,0,10,
4.28,0,0,0,11.4676,0,10,
4.29,0,0,0,11.4983,0,10,
4.3,0,0,0,11.5229,0,10,
4.31,0,0,0,11.5474,0,10,
4.32,0,0,0,11.572,0,10,
4.33,0,0,0,11.5905,0,10,
4.34,0,0,0,11.6089,0,10,
4.35,0,0,0,11.6273,0,10,
4.36,0,0,0,11.6396,0,10,
4.37,0,0,0,11.6519,0,10,
4.38,0,0,0,11.6704,0,10,
4.39,0,0,0,11.6765,0,10,
4.4,0,0,0,11.6765,0,10,
4.41,0,0,0,11.6765,0,10,
4.42,0,0,0,11.6765,0,10,
4.43,0,0,0,11.6765,0,10,
4.44,0,0,0,11.6765,0,10,
4.45,0,0,0,11.6704,0,10,
4.46,0,0,0,11.6704,0,10,
4.47,0,0,0,11.6704,0,10,
4.48,0,0,0,11.6765,0,10,
4.49,0,0,0,11.6765,0,10,
4.50003,0,0,0,11.6765,0,10,
4.51,0,0,0,11.6765,0,10,
4.52,0,0,0,11.6765,0,10,
4.53,0,0,0,11.6765,0,10,
4.54,0,0,0,11.6765,0,10,
4.55,0,0,0,11.6765,0,10,
4.56,0,0,0,11.6765,0,10,
4.57,0,0,0,11.6765,0,10,
4.58,0,0,0,11.6765,0,10,
4.59,0,0,0,11.6765,0,10,
4.6,0,0,0,11.6765,0,10,
4.61,0,0,0,11.6765,0,10,
4.62,0,0,0,11.6765,0,10,
4.63,0,0,0,11.6765,0,10,
4.64,0,0,0,11.6765,0,10,
4.65,0,0,0,11.6704,0,10,
4.66,0,0,0,11.6704,0,10,
4.67,0,0,0,11.6704,0,10,
4.68,0,0,0,11.6704,0,10,
4.69,0,0,0,11.6704,0,10,
4.7,0,0,0,11.6704,0,10,
4.71,0,0,0,11.6704,0,10,
4.72,0,0,0,11.6704,0,10,
4.73,0,0,0,11.6704,0,10,
4.74,0,0,0,11.6704,0,10,
4.75,0,0,0,11.6704,0,10,
4.76,0,0,0,11.6704,0,10,
4.77,0,0,0,11.6704,0,10,
4.7803,0,0,0,11.6704,0,10,
4.79,0,0,0,11.6704,0,10,
4.8,0,0,0,11.6704,0,10,
4.81,0,0,0,11.6704,0,10,
4.82,0,0,0,11.6704,0,10,
4.83,0,0,0,11.6704,0,10,
4.84,0,0,0,11.6704,0,10,
4.85,0,0,0,11.6704,0,10,
4.86,0,0,0,11.6642,0,10,
4.87,0,0,0,11.6642,0,10,
4.88,0,0,0,11.6581,0,10,
4.89,0,0,0,11.6581,0,10,
4.9,0,0,0,11.6581,0,10,
4.91,0,0,0,11.6581,0,10,
4.92,0,0,0,11.6581,0,10,
4.93,0,0,0,11.6581,0,10,
4.94,0,0,0,11.6581,0,10,
4.95,0,0,0,11.6581,0,10,
4.96,0,0,0,11.6581,0,10,
4.97,0,0,0,11.6581,0,10,
4.98,0,0,0,11.6519,0,10,
4.99,0,0,0,11.6519,0,10,
5,0,0,0,11.6519,0,10,
5.01,0,0,0,11.6519,0,10,
5.02,0,0,0,11.6519,0,10,
5.03,0,0,0,11.6519,0,10,
5.04,0,0,0,11.6519,0,10,
5.05,0,0,0,11.6519,0,10,
5.06,0,0,0,11.6519,0,10,
5.07,0,0,0,11.6519,0,10,
5.08,0,0,0,11.6519,0,10,
5.09,0,0,0,11.6519,0,10,
5.1,0,0,0,11.6519,0,10,
5.11,0,0,0,11.6519,0,10,
5.12,0,0,0,11.6519,0,10,
5.13,0,0,0,11.6519,0,10,
5.14,0,0,0,11.6519,0,10,
5.15,0,0,0,11.6519,0,10,
5.16,0,0,0,11.6519,0,10,
5.17,0,0,0,11.6519,0,10,
5.18,0,0,0,11.6519,0,10,
5.19,0,0,0,11.6519,0,10,
5.2,0,0,0,11.6519,0,10,
5.21,0,0,0,11.6519,0,10,
5.22,0,0,0,11.6519,0,10,
5.23,0,0,0,11.6519,0,10,
5.24,0,0,0,11.6458,0,10,
5.25,0,0,0,11.6396,0,10,
5.26,0,0,0,11.6212,0,10,
5.27,0,0,0,11.5905,0,10,
5.28,0,0,0,11.5536,0,10,
5.29,0,0,0,11.5106,0,10,
5.3,0,0,0,11.4553,0,10,
5.31,0,0,0,11.4061,0,10,
5.32,0,0,0,11.3446,0,10,
5.33,0,0,0,11.2832,0,10,
5.34,0,0,0,11.2279,0,10,
5.35,0,0,0,11.1603,0,10,
5.36,0,0,0,11.105,0,10,
5.37,0,0,0,11.0435,0,10,
5.38,0,0,0,10.9882,0,10,
5.39,0,0,0,10.939,0,10,
5.4,0,0,0,10.8899,0,10,
5.41,0,0,0,10.8407,0,10,
5.42,0,0,0,10.7977,0,10,
5.43,0,0,0,10.7608,0,10,
5.44,0,0,0,10.7239,0,10,
5.45,0,0,0,10.6932,0,10,
5.46,0,0,0,10.6686,0,10,
5.47,0,0,0,10.6441,0,10,
5.48,0,0,0,10.6195,0,10,
5.49,0,0,0,10.6072,0,10,
5.5,0,0,0,10.5949,0,10,
5.51,0,0,0,10.5826,0,10,
5.52,0,0,0,10.5703,0,10,
5.53,0,0,0,10.5703,0,10,
5.54,0,0,0,10.5703,0,10,
5.55,0,0,0,10.5703,0,10,
5.56,0,0,0,10.5703,0,10,
5.57,0,0,0,10.5703,0,10,
5.58,0,0,0,10.5703,0,10,
5.59,0,0,0,10.5703,0,10,
5.6,0,0,0,10.5703,0,10,
5.61,0,0,0,10.5703,0,10,
5.62,0,0,0,10.5703,0,10,
5.63,0,0,0,10.5703,0,10,
5.64,0,0,0,10.5703,0,10,
5.65,0,0,0,10.5703,0,10,
5.66,0,0,0,10.5703,0,10,
5.67,0,0,0,10.5703,0,10,
5.68,0,0,0,10.5703,0,10,
5.69,0,0,0,10.5703,0,10,
5.7,0,0,0,10.5703,0,10,
5.71,0,0,0,10.5703,0,10,
5.72,0,0,0,10.5703,0,10,
5.73,0,0,0,10.5703,0,10,
5.74,0,0,0,10.5703,0,10,
5.75,0,0,0,10.5703,0,10,
5.76,0,0,0,10.5703,0,10,
5.77,0,0,0,10.5703,0,10,
5.78,0,0,0,10.5703,0,10,
5.79,0,0,0,10.5703,0,10,
5.8,0,0,0,10.5703,0,10,
5.81,0,0,0,10.5703,0,10,
5.82,0,0,0,10.5703,0,10,
5.83,0,0,0,10.5703,0,10,
5.84,0,0,0,10.5703,0,10,
5.85,0,0,0,10.5703,0,10,
5.86,0,0,0,10.5703,0,10,
5.87,0,0,0,10.5703,0,10,
5.88,0,0,0,10.5703,0,10,
5.89,0,0,0,10.5703,0,10,
5.9,0,0,0,10.5703,0,10,
5.91,0,0,0,10.5703,0,10,
5.92,0,0,0,10.5703,0,10,
5.93,0,0,0,10.5703,0,10,
5.94,0,0,0,10.5703,0,10,
5.95,0,0,0,10.5703,0,10,
5.96,0,0,0,10.5703,0,10,
5.97,0,0,0,10.5703,0,10,
5.98,0,0,0,10.5642,0,10,
5.99,0,0,0,10.5519,0,10,
6,0,0,0,10.5273,0,10,
6.01,0,0,0,10.4966,0,10,
6.02,0,0,0,10.4597,0,10,
6.03,0,0,0,10.4105,0,10,
6.04,0,0,0,10.3614,0,10,
6.05,0,0,0,10.306,0,10,
6.06,0,0,0,10.2507,0,10,
6.07,0,0,0,10.2016,0,10,
6.08,0,0,0,10.1401,0,10,
6.09,0,0,0,10.0848,0,10,
6.1,0,0,0,10.0295,0,10,
6.11,0,0,0,9.98033,0,10,
6.12,0,0,0,9.93117,0,10,
6.13,0,0,0,9.8943,0,10,
6.14,0,0,0,9.85742,0,10,
6.15,0,0,0,9.82055,0,10,
6.16,0,0,0,9.78368,0,10,
6.17,0,0,0,9.75909,0,10,
6.18,0,0,0,9.74066,0,10,
6.19,0,0,0,9.72222,0,10,
6.2,0,0,0,9.70993,0,10,
6.21,0,0,0,9.70378,0,10,
6.22,0,0,0,9.70378,0,10,
6.23,0,0,0,9.70378,0,10,
6.24,0,0,0,9.70378,0,10,
6.25,0,0,0,9.70378,0,10,
6.26,0,0,0,9.70378,0,10,
6.27,0,0,0,9.70378,0,10,
6.28,0,0,0,9.70378,0,10,
6.29,0,0,0,9.69764,0,10,
6.3,0,0,0,9.68535,0,10,
6.31,0,0,0,9.67306,0,10,
6.32,0,0,0,9.66077,0,10,
6.33,0,0,0,9.66077,0,10,
6.34,0,0,0,9.66077,0,10,
6.35,0,0,0,9.64847,0,10,
6.36,0,0,0,9.63618,0,10,
6.37,0,0,0,9.62389,0,10,
6.38,0,0,0,9.61775,0,10,
6.39,0,0,0,9.61775,0,10,
6.4,0,0,0,9.62389,0,10,
6.41,0,0,0,9.62389,0,10,
6.42,0,0,0,9.63004,0,10,
6.43,0,0,0,9.63004,0,10,
6.44,0,0,0,9.63004,0,10,
6.45,0,0,0,9.63004,0,10,
6.46,0,0,0,9.63004,0,10,
6.47,0,0,0,9.63004,0,10,
6.48,0,0,0,9.63004,0,10,
6.49,0,0,0,9.63004,0,10,
6.5,0,0,0,9.63004,0,10,
6.51004,0,0,0,9.63004,0,10,
6.52,0,0,0,9.63004,0,10,
6.53,0,0,0,9.63004,0,10,
6.54,0,0,0,9.63004,0,10,
6.55,0,0,0,9.63004,0,10,
6.56,0,0,0,9.63004,0,10,
6.57,0,0,0,9.63004,0,10,
6.58,0,0,0,9.63004,0,10,
6.59,0,0,0,9.63004,0,10,
6.6,0,0,0,9.63004,0,10,
6.61,0,0,0,9.63004,0,10,
6.62,0,0,0,9.63004,0,10,
6.63,0,0,0,9.63004,0,10,
6.64,0,0,0,9.63004,0,10,
6.65,0,0,0,9.63004,0,10,
6.66,0,0,0,9.63004,0,10,
6.67,0,0,0,9.63004,0,10,
6.68,0,0,0,9.63004,0,10,
6.69,0,0,0,9.63004,0,10,
6.7,0,0,0,9.63004,0,10,
6.71,0,0,0,9.63004,0,10,
6.72,0,0,0,9.63004,0,10,
6.73,0,0,0,9.63004,0,10,
6.74,0,0,0,9.63004,0,10,
6.75,0,0,0,9.63004,0,10,
6.76,0,0,0,9.63004,0,10,
6.77,0,0,0,9.63004,0,10,
6.78,0,0,0,9.63004,0,500,
6.79,0,0,0,9.63618,0,500,
6.8,0,0,0,9.70993,0,500,
6.81,0,0,0,9.83899,0,500,
6.82,0,0,0,9.98033,0,500,
6.83,0,0,0,10.1708,0,500,
6.84,0,0,0,10.3859,0,500,
6.85,0,0,0,10.6256,0,500,
6.86,0,0,0,10.9022,0,500,
6.87,0,0,0,11.1971,0,500,
6.88,0,0,0,11.5229,0,500,
6.89,0,0,0,11.867,0,500,
6.9,0,0,0,12.2357,0,500,
6.91,0,0,0,12.6229,0,500,
6.92,0,0,0,13.0285,0,500,
6.93,0,0,0,13.4464,0,500,
6.94,0,0,0,13.8766,0,500,
6.95,0,0,0,14.3252,0,500,
6.96,0,0,0,14.7861,0,500,
6.97,0,0,0,15.2532,0,500,
6.98,0,0,0,15.7264,0,500,
6.99,0,0,0,16.2058,0,500,
7,0,0,0,16.6912,0,500,
7.01,0,0,0,17.1829,0,500,
7.02,0,0,0,17.6807,0,500,
7.03,0,0,0,18.1846,0,500,
7.04,0,0,0,18.6824,0,500,
7.05,0,0,0,19.1802,0,500,
7.06,0,0,0,19.678,0,500,
7.07,0,0,0,20.1819,0,500,
7.08,0,0,0,20.6735,0,500,
7.09,0,0,0,21.1713,0,500,
7.1,0,0,0,21.663,0,500,
7.11,0,0,0,22.1546,0,500,
7.12,0,0,0,22.6463,0,500,
7.13,0,0,0,23.1318,0,500,
7.14,0,0,0,23.6234,0,500,
7.15,0,0,0,24.115,0,500,
7.16,0,0,0,24.6005,0,500,
7.17,0,0,0,25.086,0,500,
7.18,0,0,0,25.5654,0,500,
7.19,0,0,0,26.0447,0,500,
7.2,0,0,0,26.5241,0,500,
7.21,0,0,0,27.0096,0,500,
7.22,0,0,0,27.4889,0,500,
7.23,0,0,0,27.9744,0,500,
7.24,0,0,0,28.4599,0,500,
7.25,0,0,0,28.9393,0,500,
7.26,0,0,0,29.4248,0,500,
7.27,0,0,0,29.9041,0,500,
7.28,0,0,0,30.3835,0,500,
7.29,0,0,0,30.8751,0,500,
7.3,0,0,0,31.3545,0,500,
7.31,0,0,0,31.84,0,500,
7.32,0,0,0,32.3255,0,500,
7.33,0,0,0,32.8048,0,500,
7.34,0,0,0,33.2903,0,500,
7.35,0,0,0,33.7758,0,500,
7.36,0,0,0,34.2675,0,500,
7.37,0,0,0,34.7591,0,500,
7.38,0,0,0,35.2446,0,500,
7.39,0,0,0,35.7301,0,500,
7.4,0,0,0,36.2156,0,500,
7.41,0,0,0,36.7072,0,500,
7.42,0,0,0,37.1927,0,500,
7.43,0,0,0,37.6782,0,500,
7.44,0,0,0,38.1699,0,500,
7.45,0,0,0,38.6615,0,500,
7.46,0,0,0,39.1531,0,500,
7.47,0,0,0,39.6448,0,500,
7.48,0,0,0,40.1364,0,500,
7.49,0,0,0,40.6281,0,500,
7.5,0,0,0,41.1197,0,500,
7.51,0,0,0,41.6114,0,500,
7.52,0,0,0,42.103,0,500,
7.53,0,0,0,42.5823,0,500,
7.54,0,0,0,43.074,0,500,
7.55,0,0,0,43.5656,0,500,
7.56,0,0,0,44.0573,0,500,
7.57,0,0,0,44.5489,0,500,
7.58,0,0,0,45.0406,0,500,
7.59,0,0,0,45.5261,0,500,
7.6,0,0,0,46.0177,0,500,
7.61,0,0,0,46.5093,0,500,
7.62,0,0,0,47.001,0,500,
7.63,0,0,0,47.4988,0,500,
7.64,0,0,0,47.9843,0,500,
7.65,0,0,0,48.4759,0,500,
7.66,0,0,0,48.9675,0,500,
7.67,0,0,0,49.4592,0,500,
7.68,0,0,0,49.9508,0,500,
7.69,0,0,0,50.4486,0,500,
7.7,0,0,0,50.9403,0,500,
7.71,0,0,0,51.438,0,500,
7.72,0,0,0,51.9358,0,500,
7.73,0,0,0,52.4275,0,500,
7.74,0,0,0,52.9191,0,500,
7.75,0,0,0,53.4108,0,500,
7.76,0,0,0,53.9024,0,500,
7.77,0,0,0,54.4002,0,500,
7.78,0,0,0,54.8918,0,500,
7.79,0,0,0,55.3896,0,500,
7.8,0,0,0,55.8813,0,500,
7.81,0,0,0,56.3791,0,500,
7.82,0,0,0,56.8768,0,500,
7.83,0,0,0,57.3685,0,500,
7.84,0,0,0,57.8663,0,500,
7.85,0,0,0,58.3579,0,500,
7.86,0,0,0,58.8557,0,500,
7.87,0,0,0,59.3473,0,500,
7.88,0,0,0,59.8451,0,500,
7.89,0,0,0,60.3429,0,500,
7.9,0,0,0,60.8346,0,500,
7.91,0,0,0,61.3262,0,500,
7.92,0,0,0,61.8178,0,500,
7.93,0,0,0,62.3156,0,500,
7.94,0,0,0,62.8134,0,500,
7.95,0,0,0,63.3173,0,500,
7.96,0,0,0,63.809,0,500,
7.97,0,0,0,64.3006,0,500,
7.98,0,0,0,64.7923,0,500,
7.99,0,0,0,65.2839,0,500,
8,0,0,0,65.7817,0,500,
8.01,0,0,0,66.2795,0,500,
8.02,0,0,0,66.7773,0,500,
8.03,0,0,0,67.2751,0,500,
8.04,0,0,0,67.7667,0,500,
8.05,0,0,0,68.2584,0,500,
8.06,0,0,0,68.7561,0,500,
8.07,0,0,0,69.2539,0,500,
8.08,0,0,0,69.7579,0,500,
8.09,0,0,0,70.2495,0,500,
8.1,0,0,0,70.7411,0,500,
8.11,0,0,0,71.2389,0,500,
8.12,0,0,0,71.7367,0,500,
8.13,0,0,0,72.2345,0,500,
8.14,0,0,0,72.7323,0,500,
8.15,0,0,0,73.2239,0,500,
8.16,0,0,0,73.7279,0,500,
8.17,0,0,0,74.2318,0,500,
8.18,0,0,0,74.7234,0,500,
8.19,0,0,0,75.2151,0,500,
8.2,0,0,0,75.719,0,500,
8.21,0,0,0,76.2107,0,500,
8.22,0,0,0,76.7146,0,500,
8.23,0,0,0,77.2062,0,500,
8.24,0,0,0,77.7102,0,500,
8.25,0,0,0,78.208,0,500,
8.26,0,0,0,78.7057,0,500,
8.27,0,0,0,79.1974,0,500,
8.28,0,0,0,79.6952,0,500,
8.29,0,0,0,80.193,0,500,
8.3,0,0,0,80.6969,0,500,
8.31,0,0,0,81.1885,0,500,
8.32,0,0,0,81.6925,0,500,
8.33,0,0,0,82.1903,0,500,
8.34,0,0,0,82.688,0,500,
8.35,0,0,0,83.1797,0,500,
8.36,0,0,0,83.6775,0,500,
8.37,0,0,0,84.1814,0,500,
8.38,0,0,0,84.6792,0,500,
8.39,0,0,0,85.177,0,500,
8.4,0,0,0,85.6809,0,500,
8.41,0,0,0,86.1787,0,500,
8.42,0,0,0,86.6703,0,500,
8.43,0,0,0,87.162,0,500,
8.44,0,0,0,87.6659,0,500,
8.45,0,0,0,88.1637,0,500,
8.46,0,0,0,88.6615,0,500,
8.47,0,0,0,89.1531,0,500,
8.48,0,0,0,89.6509,0,500,
8.49,0,0,0,90.1487,0,500,
8.5,0,0,0,90.6526,0,500,
8.51,0,0,0,91.1443,0,500,
8.52,0,0,0,91.6359,0,500,
8.53,0,0,0,92.1399,0,500,
8.54,0,0,0,92.6315,0,500,
8.55,0,0,0,93.1354,0,500,
8.56,0,0,0,93.6271,0,500,
8.57,0,0,0,94.1249,0,500,
8.58,0,0,0,94.6288,0,500,
8.59,0,0,0,95.1266,0,500,
8.6,0,0,0,95.6244,0,500,
8.61,0,0,0,96.1222,0,500,
8.62,0,0,0,96.6261,0,500,
8.63,0,0,0,97.1239,0,500,
8.64,0,0,0,97.6278,0,500,
8.65,0,0,0,98.1256,0,500,
8.66,0,0,0,98.6172,0,500,
8.67,0,0,0,99.115,0,500,
8.68,0,0,0,99.619,0,500,
8.69,0,0,0,100.117,0,500,
8.7,0,0,0,100.615,0,500,
8.71,0,0,0,101.112,0,500,
8.72,0,0,0,101.616,0,500,
8.73,0,0,0,102.108,0,500,
8.74,0,0,0,102.612,0,500,
8.75,0,0,0,103.11,0,500,
8.76,0,0,0,103.607,0,500,
8.77,0,0,0,104.099,0,500,
8.78,0,0,0,104.597,0,500,
8.79,0,0,0,105.095,0,500,
8.8,0,0,0,105.599,0,500,
8.81,0,0,0,106.09,0,500,
8.82,0,0,0,106.588,0,500,
8.83,0,0,0,107.086,0,500,
8.84,0,0,0,107.59,0,500,
8.85,0,0,0,108.088,0,500,
8.86,0,0,0,108.579,0,500,
8.87,0,0,0,109.077,0,500,
8.88,0,0,0,109.581,0,500,
8.89,0,0,0,110.073,0,500,
8.9,0,0,0,110.576,0,500,
8.91,0,0,0,111.074,0,500,
8.92,0,0,0,111.572,0,500,
8.93,0,0,0,112.07,0,500,
8.94,0,0,0,112.574,0,500,
8.95,0,0,0,113.072,0,500,
8.96,0,0,0,113.569,0,500,
8.97,0,0,0,114.067,0,500,
8.98,0,0,0,114.571,0,500,
8.99,0,0,0,115.063,0,500,
9,0,0,0,115.567,0,500,
9.01,0,0,0,116.071,0,500,
9.02,0,0,0,116.562,0,500,
9.03,0,0,0,117.066,0,500,
9.04,0,0,0,117.57,0,500,
9.05,0,0,0,118.062,0,500,
9.06,0,0,0,118.566,0,500,
9.07,0,0,0,119.07,0,500,
9.08,0,0,0,119.567,0,500,
9.09,0,0,0,120.065,0,500,
9.1,0,0,0,120.563,0,500,
9.11,0,0,0,121.061,0,500,
9.12,0,0,0,121.565,0,500,
9.13,0,0,0,122.062,0,500,
9.14,0,0,0,122.56,0,500,
9.15,0,0,0,123.052,0,500,
9.16,0,0,0,123.556,0,500,
9.17,0,0,0,124.06,0,500,
9.18,0,0,0,124.558,0,500,
9.19,0,0,0,125.055,0,500,
9.2,0,0,0,125.547,0,500,
9.21,0,0,0,126.045,0,500,
9.22,0,0,0,126.549,0,500,
9.23,0,0,0,127.046,0,500,
9.24,0,0,0,127.544,0,500,
9.25,0,0,0,128.048,0,500,
9.26,0,0,0,128.552,0,500,
9.27,0,0,0,129.056,0,500,
9.28,0,0,0,129.56,0,500,
9.29,0,0,0,130.052,0,500,
9.3,0,0,0,130.549,0,500,
9.31,0,0,0,131.053,0,500,
9.32,0,0,0,131.551,0,500,
9.33,0,0,0,132.055,0,500,
9.34,0,0,0,132.553,0,500,
9.35,0,0,0,133.057,0,500,
9.36,0,0,0,133.561,0,500,
9.37,0,0,0,134.059,0,500,
9.38,0,0,0,134.569,0,500,
9.39,0,0,0,135.06,0,500,
9.4,0,0,0,135.564,0,500,
9.41,0,0,0,136.062,0,500,
9.42,0,0,0,136.56,0,500,
9.43,0,0,0,137.064,0,500,
9.44,0,0,0,137.568,0,500,
9.45,0,0,0,138.059,0,500,
9.46,0,0,0,138.563,0,500,
9.47,0,0,0,139.061,0,500,
9.48,0,0,0,139.559,0,500,
9.49,0,0,0,140.063,0,500,
9.5,0,0,0,140.567,0,500,
9.51,0,0,0,141.064,0,500,
9.52,0,0,0,141.568,0,500,
9.53,0,0,0,142.066,0,500,
9.54,0,0,0,142.564,0,500,
9.55,0,0,0,143.062,0,500,
9.56,0,0,0,143.566,0,500,
9.57,0,0,0,144.063,0,500,
9.58,0,0,0,144.567,0,500,
9.59,0,0,0,145.065,0,500,
9.6,0,0,0,145.569,0,500,
9.61,0,0,0,146.073,0,500,
9.62,0,0,0,146.571,0,500,
9.63,0,0,0,147.069,0,500,
9.64,0,0,0,147.573,0,500,
9.65,0,0,0,148.07,0,500,
9.66,0,0,0,148.568,0,500,
9.67,0,0,0,149.066,0,500,
9.68,0,0,0,149.564,0,500,
9.69,0,0,0,150.061,0,500,
9.7,0,0,0,150.565,0,500,
9.71,0,0,0,151.069,0,500,
9.72,0,0,0,151.573,0,500,
9.73,0,0,0,152.065,0,500,
9.74,0,0,0,152.569,0,500,
9.75,0,0,0,153.067,0,500,
9.76,0,0,0,153.564,0,500,
9.77,0,0,0,154.062,0,500,
9.78,0,0,0,154.566,0,500,
9.79,0,0,0,155.07,0,500,
9.8,0,0,0,155.568,0,500,
9.81,0,0,0,156.066,0,500,
9.82,0,0,0,156.57,0,500,
9.83,0,0,0,157.074,0,500,
9.84,0,0,0,157.571,0,500,
9.85,0,0,0,158.069,0,500,
9.86,0,0,0,158.573,0,500,
9.87,0,0,0,159.065,0,500,
9.88,0,0,0,159.569,0,500,
9.89,0,0,0,160.066,0,500,
9.9,0,0,0,160.564,0,500,
9.91,0,0,0,161.062,0,500,
9.92,0,0,0,161.56,0,500,
9.93,0,0,0,162.064,0,500,
9.94,0,0,0,162.561,0,500,
9.95,0,0,0,163.059,0,500,
9.96,0,0,0,163.557,0,500,
9.97,0,0,0,164.055,0,500,
9.98,0,0,0,164.553,0,500,
9.99,0,0,0,165.05,0,500,
10,0,0,0,165.554,0,500,
10.01,0,0,0,166.046,0,500,
10.02,0,0,0,166.55,0,500,
10.03,0,0,0,167.054,0,500,
10.04,0,0,0,167.545,0,500,
10.05,0,0,0,168.049,0,500,
10.06,0,0,0,168.553,0,500,
10.07,0,0,0,169.057,0,500,
10.08,0,0,0,169.561,0,500,
10.09,0,0,0,170.053,0,500,
10.1,0,0,0,170.551,0,500,
10.11,0,0,0,171.055,0,500,
10.12,0,0,0,171.552,0,500,
10.13,0,0,0,172.056,0,500,
10.14,0,0,0,172.554,0,500,
10.15,0,0,0,173.052,0,500,
10.16,0,0,0,173.556,0,500,
10.17,0,0,0,174.054,0,500,
10.18,0,0,0,174.551,0,500,
10.19,0,0,0,175.055,0,500,
10.2,0,0,0,175.559,0,500,
10.21,0,0,0,176.051,0,500,
10.22,0,0,0,176.555,0,500,
10.23,0,0,0,177.059,0,500,
10.24,0,0,0,177.557,0,500,
10.25,0,0,0,178.054,0,500,
10.26,0,0,0,178.558,0,500,
10.27,0,0,0,179.062,0,500,
10.28,0,0,0,179.56,0,500,
10.29,0,0,0,180.058,0,500,
10.3,0,0,0,180.556,0,500,
10.31,0,0,0,181.059,0,500,
10.32,0,0,0,181.557,0,500,
10.33,0,0,0,182.061,0,500,
10.34,0,0,0,182.565,0,500,
10.35,0,0,0,183.057,0,500,
10.36,0,0,0,183.555,0,500,
10.37,0,0,0,184.058,0,500,
10.38,0,0,0,184.556,0,500,
10.39,0,0,0,185.06,0,500,
10.4,0,0,0,185.552,0,500,
10.41,0,0,0,186.056,0,500,
10.42,0,0,0,186.554,0,500,
10.43,0,0,0,187.051,0,500,
10.44,0,0,0,187.555,0,500,
10.45,0,0,0,188.053,0,500,
10.46,0,0,0,188.551,0,500,
10.47,0,0,0,189.055,0,500,
10.48,0,0,0,189.553,0,500,
10.49,0,0,0,190.057,0,500,
10.5,0,0,0,190.554,0,500,
10.51,0,0,0,191.058,0,500,
10.52,0,0,0,191.562,0,500,
10.53,0,0,0,192.06,0,500,
10.54,0,0,0,192.558,0,500,
10.55,0,0,0,193.062,0,500,
10.56,0,0,0,193.553,0,500,
10.57,0,0,0,194.051,0,500,
10.58,0,0,0,194.555,0,500,
10.59,0,0,0,195.053,0,500,
10.6,0,0,0,195.557,0,500,
10.61,0,0,0,196.055,0,500,
10.62,0,0,0,196.558,0,500,
10.63,0,0,0,197.062,0,500,
10.64,0,0,0,197.554,0,500,
10.65,0,0,0,198.058,0,500,
10.66,0,0,0,198.556,0,500,
10.67,0,0,0,199.054,0,500,
10.68,0,0,0,199.558,0,500,
10.69,0,0,0,200.061,0,500,
10.7,0,0,0,200.559,0,500,
10.71,0,0,0,201.063,0,500,
10.72,0,0,0,201.561,0,500,
10.73,0,0,0,202.065,0,500,
10.74,0,0,0,202.569,0,500,
10.75,0,0,0,203.067,0,500,
10.76,0,0,0,203.564,0,500,
10.77,0,0,0,204.068,0,500,
10.78,0,0,0,204.566,0,500,
10.79,0,0,0,205.064,0,500,
10.8,0,0,0,205.568,0,500,
10.81,0,0,0,206.072,0,500,
10.82,0,0,0,206.576,0,500,
10.83,0,0,0,207.074,0,500,
10.84,0,0,0,207.577,0,500,
10.85,0,0,0,208.075,0,500,
10.86,0,0,0,208.573,0,500,
10.87,0,0,0,209.071,0,500,
10.88,0,0,0,209.575,0,500,
10.89,0,0,0,210.072,0,500,
10.9,0,0,0,210.583,0,500,
10.91,0,0,0,211.074,0,500,
10.92,0,0,0,211.572,0,500,
10.93,0,0,0,212.076,0,500,
10.94,0,0,0,212.574,0,500,
10.95,0,0,0,213.078,0,500,
10.96,0,0,0,213.569,0,500,
10.97,0,0,0,214.073,0,500,
10.98,0,0,0,214.565,0,500,
10.99,0,0,0,215.069,0,500,
11,0,0,0,215.56,0,500,
11.01,0,0,0,216.064,0,500,
11.02,0,0,0,216.556,0,500,
11.03,0,0,0,217.054,0,500,
11.04,0,0,0,217.558,0,500,
11.05,0,0,0,218.056,0,500,
11.06,0,0,0,218.559,0,500,
11.07,0,0,0,219.057,0,500,
11.08,0,0,0,219.555,0,500,
11.09,0,0,0,220.053,0,500,
11.1,0,0,0,220.557,0,500,
11.11,0,0,0,221.055,0,500,
11.12,0,0,0,221.558,0,500,
11.13,0,0,0,222.062,0,500,
11.14,0,0,0,222.566,0,500,
11.15,0,0,0,223.07,0,500,
11.16,0,0,0,223.568,0,500,
11.17,0,0,0,224.078,0,500,
11.18,0,0,0,224.576,0,500,
11.19,0,0,0,225.074,0,500,
11.2,0,0,0,225.578,0,500,
11.21,0,0,0,226.075,0,500,
11.22,0,0,0,226.579,0,500,
11.23,0,0,0,227.077,0,500,
11.24,0,0,0,227.581,0,500,
11.25,0,0,0,228.085,0,500,
11.26,0,0,0,228.589,0,500,
11.27,0,0,0,229.093,0,500,
11.28,0,0,0,229.591,0,500,
11.29,0,0,0,230.088,0,500,
11.3,0,0,0,230.586,0,500,
11.31,0,0,0,231.084,0,500,
11.32,0,0,0,231.588,0,500,
11.33,0,0,0,232.092,0,500,
11.34,0,0,0,232.584,0,500,
11.35,0,0,0,233.081,0,500,
11.36,0,0,0,233.585,0,500,
11.37,0,0,0,234.083,0,500,
11.38,0,0,0,234.587,0,500,
11.39,0,0,0,235.085,0,500,
11.4,0,0,0,235.583,0,500,
11.41,0,0,0,236.074,0,500,
11.42,0,0,0,236.578,0,500,
11.43,0,0,0,237.082,0,500,
11.44,0,0,0,237.574,0,500,
11.45,0,0,0,238.078,0,500,
11.46,0,0,0,238.575,0,500,
11.47,0,0,0,239.073,0,500,
11.48,0,0,0,239.577,0,500,
11.49,0,0,0,240.081,0,500,
11.5,0,0,0,240.573,0,500,
11.51,0,0,0,241.077,0,500,
11.52,0,0,0,241.581,0,500,
11.53,0,0,0,242.078,0,500,
11.54,0,0,0,242.576,0,500,
11.55,0,0,0,243.08,0,500,
11.56,0,0,0,243.578,0,500,
11.57,0,0,0,244.076,0,500,
11.58,0,0,0,244.58,0,500,
11.59,0,0,0,245.084,0,500,
11.6,0,0,0,245.588,0,500,
11.61,0,0,0,246.085,0,500,
11.62,0,0,0,246.589,0,500,
11.63,0,0,0,247.087,0,500,
11.64,0,0,0,247.585,0,500,
11.65,0,0,0,248.089,0,500,
11.66,0,0,0,248.587,0,500,
11.67,0,0,0,249.09,0,500,
11.68,0,0,0,249.588,0,500,
11.69,0,0,0,250.092,0,500,
11.7,0,0,0,250.596,0,500,
11.71,0,0,0,251.094,0,500,
11.72,0,0,0,251.598,0,500,
11.73,0,0,0,252.096,0,500,
11.74,0,0,0,252.593,0,500,
11.75,0,0,0,253.091,0,500,
11.76,0,0,0,253.595,0,500,
11.77,0,0,0,254.099,0,500,
11.78,0,0,0,254.591,0,500,
11.79,0,0,0,255.095,0,500,
11.8,0,0,0,255.592,0,500,
11.81,0,0,0,256.09,0,500,
11.82,0,0,0,256.594,0,500,
11.83,0,0,0,257.086,0,500,
11.84,0,0,0,257.59,0,500,
11.85,0,0,0,258.087,0,500,
11.86,0,0,0,258.585,0,500,
11.87,0,0,0,259.089,0,500,
11.88,0,0,0,259.587,0,500,
11.89,0,0,0,260.085,0,500,
11.9,0,0,0,260.589,0,500,
11.91,0,0,0,261.093,0,500,
11.92,0,0,0,261.59,0,500,
11.93,0,0,0,262.101,0,500,
11.94,0,0,0,262.598,0,500,
11.95,0,0,0,263.108,0,500,
11.96,0,0,0,263.6,0,500,
11.97,0,0,0,264.104,0,500,
11.98,0,0,0,264.608,0,500,
11.99,0,0,0,265.106,0,500,
12,0,0,0,265.61,0,500,
12.01,0,0,0,266.107,0,500,
12.02,0,0,0,266.605,0,500,
12.03,0,0,0,267.109,0,500,
12.04,0,0,0,267.607,0,500,
12.05,0,0,0,268.111,0,500,
12.06,0,0,0,268.615,0,500,
12.07,0,0,0,269.119,0,500,
12.08,0,0,0,269.617,0,500,
12.09,0,0,0,270.114,0,500,
12.1,0,0,0,270.618,0,500,
12.11,0,0,0,271.122,0,500,
12.12,0,0,0,271.62,0,500,
12.13,0,0,0,272.124,0,500,
12.14,0,0,0,272.622,0,500,
12.15,0,0,0,273.126,0,500,
12.16,0,0,0,273.63,0,500,
12.17,0,0,0,274.127,0,500,
12.18,0,0,0,274.625,0,500,
12.19,0,0,0,275.129,0,500,
12.2,0,0,0,275.633,0,500,
12.21,0,0,0,276.137,0,500,
12.22,0,0,0,276.635,0,500,
12.23,0,0,0,277.139,0,500,
12.24,0,0,0,277.636,0,500,
12.25,0,0,0,278.14,0,500,
12.26,0,0,0,278.644,0,500,
12.27,0,0,0,279.142,0,500,
12.28,0,0,0,279.646,0,500,
12.29,0,0,0,280.144,0,500,
12.3,0,0,0,280.648,0,500,
12.31,0,0,0,281.146,0,500,
12.32,0,0,0,281.643,0,500,
12.33,0,0,0,282.147,0,500,
12.34,0,0,0,282.651,0,500,
12.35,0,0,0,283.143,0,500,
12.36,0,0,0,283.641,0,500,
12.37,0,0,0,284.145,0,500,
12.38,0,0,0,284.642,0,500,
12.39,0,0,0,285.146,0,500,
12.4,0,0,0,285.638,0,500,
12.41,0,0,0,286.136,0,500,
12.42,0,0,0,286.633,0,500,
12.43,0,0,0,287.131,0,500,
12.44,0,0,0,287.635,0,500,
12.45,0,0,0,288.133,0,500,
12.46,0,0,0,288.625,0,500,
12.47,0,0,0,289.129,0,500,
12.48,0,0,0,289.632,0,500,
12.49,0,0,0,290.124,0,500,
12.5,0,0,0,290.628,0,500,
12.51,0,0,0,291.126,0,500,
12.52,0,0,0,291.624,0,500,
12.53,0,0,0,292.121,0,500,
12.54,0,0,0,292.625,0,500,
12.55,0,0,0,293.123,0,500,
12.56,0,0,0,293.621,0,500,
12.57,0,0,0,294.125,0,500,
12.58,0,0,0,294.623,0,500,
12.59,0,0,0,295.127,0,500,
12.6,0,0,0,295.624,0,500,
12.61,0,0,0,296.122,0,500,
12.62,0,0,0,296.62,0,500,
12.63,0,0,0,297.124,0,500,
12.64,0,0,0,297.622,0,500,
12.65,0,0,0,298.126,0,500,
12.66,0,0,0,298.63,0,500,
12.67,0,0,0,299.127,0,500,
12.68,0,0,0,299.631,0,500,
12.69,0,0,0,300.129,0,500,
12.7,0,0,0,300.633,0,500,
12.71,0,0,0,301.137,0,500,
12.72,0,0,0,301.641,0,500,
12.73,0,0,0,302.139,0,500,
12.74,0,0,0,302.636,0,500,
12.75,0,0,0,303.134,0,500,
12.76,0,0,0,303.638,0,500,
12.77,0,0,0,304.136,0,500,
12.78,0,0,0,304.64,0,500,
12.79,0,0,0,305.138,0,500,
12.8,0,0,0,305.635,0,500,
12.81,0,0,0,306.139,0,500,
12.82,0,0,0,306.643,0,500,
12.83,0,0,0,307.141,0,500,
12.84,0,0,0,307.639,0,500,
12.85,0,0,0,308.143,0,500,
12.86,0,0,0,308.634,0,500,
12.87,0,0,0,309.138,0,500,
12.88,0,0,0,309.642,0,500,
12.89,0,0,0,310.146,0,500,
12.9,0,0,0,310.644,0,500,
12.91,0,0,0,311.142,0,500,
12.92,0,0,0,311.646,0,500,
12.93,0,0,0,312.144,0,500,
12.94,0,0,0,312.641,0,500,
12.95,0,0,0,313.145,0,500,
12.96,0,0,0,313.649,0,500,
12.97,0,0,0,314.153,0,500,
12.98,0,0,0,314.651,0,500,
12.99,0,0,0,315.149,0,500,
13,0,0,0,315.653,0,500,
13.01,0,0,0,316.157,0,500,
13.02,0,0,0,316.654,0,500,
13.03,0,0,0,317.158,0,500,
13.04,0,0,0,317.656,0,500,
13.05,0,0,0,318.16,0,500,
13.06,0,0,0,318.664,0,500,
13.07,0,0,0,319.162,0,500,
13.08,0,0,0,319.66,0,500,
13.09,0,0,0,320.163,0,500,
13.1,0,0,0,320.661,0,500,
13.11,0,0,0,321.171,0,500,
13.12,0,0,0,321.663,0,500,
13.13,0,0,0,322.167,0,500,
13.14,0,0,0,322.665,0,500,
13.15,0,0,0,323.169,0,500,
13.16,0,0,0,323.666,0,500,
13.17,0,0,0,324.164,0,500,
13.18,0,0,0,324.662,0,500,
13.19,0,0,0,325.166,0,500,
13.2,0,0,0,325.67,0,500,
13.21,0,0,0,326.168,0,500,
13.22,0,0,0,326.672,0,500,
13.23,0,0,0,327.163,0,500,
13.24,0,0,0,327.667,0,500,
13.25,0,0,0,328.171,0,500,
13.26,0,0,0,328.663,0,500,
13.27,0,0,0,329.16,0,500,
13.28,0,0,0,329.658,0,500,
13.29,0,0,0,330.162,0,500,
13.3,0,0,0,330.66,0,500,
13.31,0,0,0,331.164,0,500,
13.32,0,0,0,331.662,0,500,
13.33,0,0,0,332.166,0,500,
13.34,0,0,0,332.67,0,500,
13.35,0,0,0,333.161,0,500,
13.36,0,0,0,333.665,0,500,
13.37,0,0,0,334.169,0,500,
13.38,0,0,0,334.667,0,500,
13.39,0,0,0,335.177,0,500,
13.4,0,0,0,335.669,0,500,
13.41,0,0,0,336.173,0,500,
13.42,0,0,0,336.67,0,500,
13.43,0,0,0,337.168,0,500,
13.44,0,0,0,337.672,0,500,
13.45,0,0,0,338.176,0,500,
13.4602,0,0,0,338.674,0,500,
13.47,0,0,0,339.172,0,500,
13.48,0,0,0,339.676,0,500,
13.49,0,0,0,340.173,0,500,
13.5,0,0,0,340.671,0,500,
13.51,0,0,0,341.169,0,500,
13.52,0,0,0,341.667,0,500,
13.53,0,0,0,342.164,0,500,
13.54,0,0,0,342.662,0,500,
13.55,0,0,0,343.166,0,500,
13.56,0,0,0,343.658,0,500,
13.57,0,0,0,344.162,0,500,
13.58,0,0,0,344.66,0,500,
13.59,0,0,0,345.151,0,500,
13.6,0,0,0,345.655,0,500,
13.61,0,0,0,346.159,0,500,
13.62,0,0,0,346.651,0,500,
13.63,0,0,0,347.155,0,500,
13.64,0,0,0,347.659,0,500,
13.65,0,0,0,348.156,0,500,
13.66,0,0,0,348.66,0,500,
13.67,0,0,0,349.158,0,500,
13.68,0,0,0,349.662,0,500,
13.69,0,0,0,350.166,0,500,
13.7,0,0,0,350.658,0,500,
13.71,0,0,0,351.161,0,500,
13.72,0,0,0,351.665,0,500,
13.73,0,0,0,352.169,0,500,
13.74,0,0,0,352.667,0,500,
13.75,0,0,0,353.165,0,500,
13.76,0,0,0,353.663,0,500,
13.77,0,0,0,354.167,0,500,
13.78,0,0,0,354.664,0,500,
13.79,0,0,0,355.168,0,500,
13.8,0,0,0,355.666,0,500,
13.81,0,0,0,356.164,0,500,
13.82,0,0,0,356.662,0,500,
13.83,0,0,0,357.166,0,500,
13.84,0,0,0,357.663,0,500,
13.85,0,0,0,358.161,0,500,
13.86,0,0,0,358.665,0,500,
13.87,0,0,0,359.163,0,500,
13.88,0,0,0,359.667,0,500,
13.89,0,0,0,360.171,0,500,
13.9,0,0,0,360.669,0,500,
13.91,0,0,0,361.173,0,500,
13.92,0,0,0,361.67,0,500,
13.93,0,0,0,362.174,0,500,
13.94,0,0,0,362.678,0,500,
13.95,0,0,0,363.17,0,500,
13.96,0,0,0,363.674,0,500,
13.97,0,0,0,364.178,0,500,
13.98,0,0,0,364.676,0,500,
13.99,0,0,0,365.179,0,500,
14,0,0,0,365.677,0,500,
14.01,0,0,0,366.181,0,500,
14.02,0,0,0,366.685,0,500,
14.03,0,0,0,367.183,0,500,
14.04,0,0,0,367.687,0,500,
14.05,0,0,0,368.185,0,500,
14.06,0,0,0,368.689,0,500,
14.07,0,0,0,369.186,0,500,
14.08,0,0,0,369.684,0,500,
14.09,0,0,0,370.188,0,500,
14.1,0,0,0,370.692,0,500,
14.11,0,0,0,371.19,0,500,
14.12,0,0,0,371.688,0,500,
14.13,0,0,0,372.191,0,500,
14.14,0,0,0,372.695,0,500,
14.15,0,0,0,373.199,0,500,
14.16,0,0,0,373.691,0,500,
14.17,0,0,0,374.189,0,500,
14.18,0,0,0,374.693,0,500,
14.19,0,0,0,375.19,0,500,
14.2,0,0,0,375.694,0,500,
14.21,0,0,0,376.198,0,500,
14.22,0,0,0,376.69,0,500,
14.23,0,0,0,377.188,0,500,
14.24,0,0,0,377.692,0,500,
14.25,0,0,0,378.19,0,500,
14.26,0,0,0,378.687,0,500,
14.27,0,0,0,379.191,0,500,
14.28,0,0,0,379.689,0,500,
14.29,0,0,0,380.193,0,500,
14.3,0,0,0,380.691,0,500,
14.31,0,0,0,381.189,0,500,
14.32,0,0,0,381.686,0,500,
14.33,0,0,0,382.19,0,500,
14.34,0,0,0,382.688,0,500,
14.35,0,0,0,383.192,0,500,
14.36,0,0,0,383.696,0,500,
14.37,0,0,0,384.194,0,500,
14.38,0,0,0,384.691,0,500,
14.39,0,0,0,385.195,0,500,
14.4,0,0,0,385.693,0,500,
14.41,0,0,0,386.191,0,500,
14.42,0,0,0,386.695,0,500,
14.4301,0,0,0,387.193,0,500,
14.44,0,0,0,387.69,0,500,
14.45,0,0,0,388.194,0,500,
14.46,0,0,0,388.692,0,500,
14.47,0,0,0,389.19,0,500,
14.48,0,0,0,389.694,0,500,
14.49,0,0,0,390.192,0,500,
14.5,0,0,0,390.69,0,500,
14.51,0,0,0,391.187,0,500,
14.52,0,0,0,391.685,0,500,
14.53,0,0,0,392.189,0,500,
14.54,0,0,0,392.693,0,500,
14.55,0,0,0,393.185,0,500,
14.56,0,0,0,393.682,0,500,
14.57,0,0,0,394.18,0,500,
14.58,0,0,0,394.684,0,500,
14.59,0,0,0,395.182,0,500,
14.6,0,0,0,395.686,0,500,
14.61,0,0,0,396.184,0,500,
14.62,0,0,0,396.681,0,500,
14.63,0,0,0,397.179,0,500,
14.64,0,0,0,397.683,0,500,
14.65,0,0,0,398.181,0,500,
14.66,0,0,0,398.685,0,500,
14.67,0,0,0,399.183,0,500,
14.68,0,0,0,399.687,0,500,
14.69,0,0,0,400.19,0,500,
14.7,0,0,0,400.682,0,500,
14.71,0,0,0,401.186,0,500,
14.72,0,0,0,401.684,0,500,
14.73,0,0,0,402.182,0,500,
14.74,0,0,0,402.686,0,500,
14.75,0,0,0,403.19,0,500,
14.76,0,0,0,403.681,0,500,
14.77,0,0,0,404.185,0,500,
14.78,0,0,0,404.683,0,500,
14.79,0,0,0,405.181,0,500,
14.8,0,0,0,405.685,0,500,
14.81,0,0,0,406.189,0,500,
14.82,0,0,0,406.686,0,500,
14.83,0,0,0,407.19,0,500,
14.84,0,0,0,407.688,0,500,
14.85,0,0,0,408.186,0,500,
14.86,0,0,0,408.684,0,500,
14.87,0,0,0,409.188,0,500,
14.88,0,0,0,409.685,0,500,
14.89,0,0,0,410.189,0,500,
14.9,0,0,0,410.687,0,500,
14.91,0,0,0,411.191,0,500,
14.92,0,0,0,411.695,0,500,
14.93,0,0,0,412.187,0,500,
14.94,0,0,0,412.684,0,500,
14.95,0,0,0,413.188,0,500,
14.96,0,0,0,413.686,0,500,
14.97,0,0,0,414.19,0,500,
14.98,0,0,0,414.694,0,500,
14.99,0,0,0,415.186,0,500,
15,0,0,0,415.683,0,500,
15.01,0,0,0,416.187,0,500,
15.02,0,0,0,416.685,0,500,
15.03,0,0,0,417.189,0,500,
15.04,0,0,0,417.687,0,500,
15.05,0,0,0,418.185,0,500,
15.06,0,0,0,418.676,0,500,
15.07,0,0,0,419.18,0,500,
15.08,0,0,0,419.684,0,500,
15.09,0,0,0,420.176,0,500,
15.1,0,0,0,420.674,0,500,
15.11,0,0,0,421.177,0,500,
15.12,0,0,0,421.675,0,500,
15.13,0,0,0,422.173,0,500,
15.14,0,0,0,422.677,0,500,
15.15,0,0,0,423.175,0,500,
15.16,0,0,0,423.673,0,500,
15.17,0,0,0,424.17,0,500,
15.18,0,0,0,424.674,0,500,
15.19,0,0,0,425.172,0,500,
15.2,0,0,0,425.67,0,500,
15.21,0,0,0,426.174,0,500,
15.22,0,0,0,426.678,0,500,
15.23,0,0,0,427.169,0,500,
15.24,0,0,0,427.673,0,500,
15.25,0,0,0,428.171,0,500,
15.26,0,0,0,428.675,0,500,
15.27,0,0,0,429.173,0,500,
15.28,0,0,0,429.664,0,500,
15.29,0,0,0,430.168,0,500,
15.3,0,0,0,430.666,0,500,
15.31,0,0,0,431.164,0,500,
15.32,0,0,0,431.668,0,500,
15.33,0,0,0,432.166,0,500,
15.34,0,0,0,432.663,0,500,
15.35,0,0,0,433.161,0,500,
15.36,0,0,0,433.665,0,500,
15.37,0,0,0,434.163,0,500,
15.38,0,0,0,434.661,0,500,
15.39,0,0,0,435.159,0,500,
15.4,0,0,0,435.662,0,500,
15.41,0,0,0,436.154,0,500,
15.42,0,0,0,436.652,0,500,
15.43,0,0,0,437.15,0,500,
15.44,0,0,0,437.654,0,500,
15.45,0,0,0,438.145,0,500,
15.46,0,0,0,438.649,0,500,
15.47,0,0,0,439.153,0,500,
15.48,0,0,0,439.645,0,500,
15.49,0,0,0,440.143,0,500,
15.5,0,0,0,440.646,0,500,
15.51,0,0,0,441.144,0,500,
15.52,0,0,0,441.648,0,500,
15.53,0,0,0,442.152,0,500,
15.54,0,0,0,442.65,0,500,
15.55,0,0,0,443.154,0,500,
15.56,0,0,0,443.652,0,500,
15.57,0,0,0,444.156,0,500,
15.58,0,0,0,444.66,0,500,
15.59,0,0,0,445.157,0,500,
15.6,0,0,0,445.655,0,500,
15.61,0,0,0,446.153,0,500,
15.62,0,0,0,446.651,0,500,
15.63,0,0,0,447.155,0,500,
15.64,0,0,0,447.659,0,500,
15.65,0,0,0,448.156,0,500,
15.66,0,0,0,448.66,0,500,
15.67,0,0,0,449.158,0,500,
15.68,0,0,0,449.656,0,500,
15.69,0,0,0,450.16,0,500,
15.7,0,0,0,450.658,0,500,
15.71,0,0,0,451.161,0,500,
15.72,0,0,0,451.665,0,500,
15.73,0,0,0,452.163,0,500,
15.74,0,0,0,452.661,0,500,
15.75,0,0,0,453.165,0,500,
15.7603,0,0,0,453.663,0,500,
15.77,0,0,0,454.167,0,500,
15.78,0,0,0,454.664,0,500,
15.79,0,0,0,455.168,0,500,
15.8,0,0,0,455.672,0,500,
15.81,0,0,0,456.17,0,500,
15.82,0,0,0,456.668,0,500,
15.83,0,0,0,457.166,0,500,
15.84,0,0,0,457.663,0,500,
15.85,0,0,0,458.161,0,500,
15.86,0,0,0,458.659,0,500,
15.87,0,0,0,459.151,0,500,
15.88,0,0,0,459.642,0,500,
15.89,0,0,0,460.134,0,500,
15.9,0,0,0,460.619,0,500,
15.91,0,0,0,461.105,0,500,
15.92,0,0,0,461.584,0,500,
15.93,0,0,0,462.064,0,500,
15.94,0,0,0,462.537,0,500,
15.95,0,0,0,463.004,0,500,
15.96,0,0,0,463.471,0,500,
15.97,0,0,0,463.932,0,500,
15.98,0,0,0,464.399,0,500,
15.99,0,0,0,464.854,0,500,
16,0,0,0,465.309,0,500,
16.01,0,0,0,465.751,0,500,
16.02,0,0,0,466.2,0,500,
16.03,0,0,0,466.636,0,500,
16.04,0,0,0,467.078,0,500,
16.05,0,0,0,467.521,0,500,
16.06,0,0,0,467.945,0,500,
16.07,0,0,0,468.369,0,500,
16.08,0,0,0,468.793,0,500,
16.09,0,0,0,469.211,0,500,
16.1,0,0,0,469.629,0,500,
16.11,0,0,0,470.034,0,500,
16.12,0,0,0,470.446,0,500,
16.13,0,0,0,470.839,0,500,
16.14,0,0,0,471.245,0,500,
16.15,0,0,0,471.638,0,500,
16.16,0,0,0,472.032,0,500,
16.17,0,0,0,472.419,0,500,
16.18,0,0,0,472.806,0,500,
16.19,0,0,0,473.175,0,500,
16.2,0,0,0,473.556,0,500,
16.21,0,0,0,473.924,0,500,
16.22,0,0,0,474.293,0,500,
16.23,0,0,0,474.662,0,500,
16.24,0,0,0,475.025,0,500,
16.25,0,0,0,475.381,0,500,
16.26,0,0,0,475.731,0,500,
16.27,0,0,0,476.082,0,500,
16.28,0,0,0,476.432,0,500,
16.29,0,0,0,476.776,0,500,
16.3,0,0,0,477.108,0,500,
16.31,0,0,0,477.44,0,500,
16.32,0,0,0,477.772,0,500,
16.33,0,0,0,478.097,0,500,
16.34,0,0,0,478.423,0,500,
16.35,0,0,0,478.743,0,500,
16.36,0,0,0,479.056,0,500,
16.37,0,0,0,479.363,0,500,
16.38,0,0,0,479.664,0,500,
16.39,0,0,0,479.966,0,500,
16.4,0,0,0,480.267,0,500,
16.41,0,0,0,480.562,0,500,
16.42,0,0,0,480.857,0,500,
16.43,0,0,0,481.139,0,500,
16.44,0,0,0,481.428,0,500,
16.45,0,0,0,481.699,0,500,
16.46,0,0,0,481.975,0,500,
16.47,0,0,0,482.246,0,500,
16.48,0,0,0,482.51,0,500,
16.49,0,0,0,482.78,0,500,
16.5,0,0,0,483.032,0,500,
16.51,0,0,0,483.296,0,500,
16.52,0,0,0,483.542,0,500,
16.53,0,0,0,483.794,0,500,
16.54,0,0,0,484.04,0,500,
16.55,0,0,0,484.28,0,500,
16.56,0,0,0,484.519,0,500,
16.57,0,0,0,484.747,0,500,
16.58,0,0,0,484.98,0,500,
16.59,0,0,0,485.214,0,500,
16.6,0,0,0,485.435,0,500,
16.61,0,0,0,485.656,0,500,
16.62,0,0,0,485.878,0,500,
16.63,0,0,0,486.099,0,500,
16.64,0,0,0,486.314,0,500,
16.65,0,0,0,486.529,0,500,
16.66,0,0,0,486.738,0,500,
16.67,0,0,0,486.947,0,500,
16.68,0,0,0,487.156,0,500,
16.69,0,0,0,487.359,0,500,
16.7,0,0,0,487.568,0,500,
16.71,0,0,0,487.77,0,500,
16.72,0,0,0,487.967,0,500,
16.73,0,0,0,488.164,0,500,
16.74,0,0,0,488.36,0,500,
16.75,0,0,0,488.557,0,500,
16.76,0,0,0,488.747,0,500,
16.77,0,0,0,488.932,0,500,
16.78,0,0,0,489.116,0,500,
16.79,0,0,0,489.294,0,500,
16.8,0,0,0,489.473,0,500,
16.81,0,0,0,489.645,0,500,
16.82,0,0,0,489.817,0,500,
16.83,0,0,0,489.983,0,500,
16.84,0,0,0,490.149,0,500,
16.85,0,0,0,490.309,0,500,
16.86,0,0,0,490.468,0,500,
16.87,0,0,0,490.622,0,500,
16.88,0,0,0,490.776,0,500,
16.89,0,0,0,490.929,0,500,
16.9,0,0,0,491.083,0,500,
16.91,0,0,0,491.23,0,500,
16.92,0,0,0,491.366,0,500,
16.93,0,0,0,491.501,0,500,
16.94,0,0,0,491.642,0,500,
16.95,0,0,0,491.771,0,500,
16.96,0,0,0,491.906,0,500,
16.9701,0,0,0,492.035,0,500,
16.98,0,0,0,492.164,0,500,
16.99,0,0,0,492.293,0,500,
17,0,0,0,492.416,0,500,
17.01,0,0,0,492.552,0,500,
17.02,0,0,0,492.674,0,500,
17.03,0,0,0,492.797,0,500,
17.04,0,0,0,492.926,0,500,
17.05,0,0,0,493.049,0,500,
17.06,0,0,0,493.172,0,500,
17.07,0,0,0,493.289,0,500,
17.08,0,0,0,493.412,0,500,
17.09,0,0,0,493.523,0,500,
17.1,0,0,0,493.639,0,500,
17.11,0,0,0,493.756,0,500,
17.12,0,0,0,493.861,0,500,
17.13,0,0,0,493.965,0,500,
17.14,0,0,0,494.076,0,500,
17.15,0,0,0,494.174,0,500,
17.16,0,0,0,494.272,0,500,
17.17,0,0,0,494.365,0,500,
17.18,0,0,0,494.457,0,500,
17.19,0,0,0,494.549,0,500,
17.2001,0,0,0,494.641,0,500,
17.21,0,0,0,494.727,0,500,
17.22,0,0,0,494.813,0,500,
17.23,0,0,0,494.905,0,500,
17.24,0,0,0,494.991,0,500,
17.25,0,0,0,495.077,0,500,
17.26,0,0,0,495.163,0,500,
17.27,0,0,0,495.249,0,500,
17.28,0,0,0,495.329,0,500,
17.29,0,0,0,495.415,0,500,
17.3,0,0,0,495.501,0,500,
17.31,0,0,0,495.575,0,500,
17.32,0,0,0,495.661,0,500,
17.33,0,0,0,495.741,0,500,
17.34,0,0,0,495.821,0,500,
17.35,0,0,0,495.895,0,500,
17.36,0,0,0,495.969,0,500,
17.37,0,0,0,496.042,0,500,
17.38,0,0,0,496.116,0,500,
17.39,0,0,0,496.19,0,500,
17.4,0,0,0,496.264,0,500,
17.41,0,0,0,496.325,0,500,
17.42,0,0,0,496.393,0,500,
17.43,0,0,0,496.46,0,500,
17.44,0,0,0,496.522,0,500,
17.45,0,0,0,496.583,0,500,
17.46,0,0,0,496.651,0,500,
17.47,0,0,0,496.706,0,500,
17.48,0,0,0,496.767,0,500,
17.49,0,0,0,496.829,0,500,
17.5,0,0,0,496.884,0,500,
17.51,0,0,0,496.946,0,500,
17.52,0,0,0,497.001,0,500,
17.53,0,0,0,497.05,0,500,
17.54,0,0,0,497.112,0,500,
17.55,0,0,0,497.161,0,500,
17.56,0,0,0,497.216,0,500,
17.57,0,0,0,497.265,0,500,
17.58,0,0,0,497.321,0,500,
17.59,0,0,0,497.37,0,500,
17.6,0,0,0,497.419,0,500,
17.61,0,0,0,497.462,0,500,
17.62,0,0,0,497.511,0,500,
17.63,0,0,0,497.554,0,500,
17.64,0,0,0,497.603,0,500,
17.65,0,0,0,497.646,0,500,
17.66,0,0,0,497.689,0,500,
17.67,0,0,0,497.738,0,500,
17.68,0,0,0,497.781,0,500,
17.69,0,0,0,497.824,0,500,
17.7,0,0,0,497.861,0,500,
17.71,0,0,0,497.904,0,500,
17.72,0,0,0,497.941,0,500,
17.73,0,0,0,497.984,0,500,
17.74,0,0,0,498.021,0,500,
17.75,0,0,0,498.058,0,500,
17.76,0,0,0,498.095,0,500,
17.77,0,0,0,498.132,0,500,
17.78,0,0,0,498.169,0,500,
17.79,0,0,0,498.205,0,500,
17.8,0,0,0,498.236,0,500,
17.81,0,0,0,498.273,0,500,
17.82,0,0,0,498.304,0,500,
17.83,0,0,0,498.335,0,500,
17.84,0,0,0,498.371,0,500,
17.85,0,0,0,498.402,0,500,
17.86,0,0,0,498.427,0,500,
17.87,0,0,0,498.464,0,500,
17.88,0,0,0,498.488,0,500,
17.89,0,0,0,498.519,0,500,
17.9,0,0,0,498.55,0,500,
17.91,0,0,0,498.574,0,500,
17.92,0,0,0,498.599,0,500,
17.93,0,0,0,498.63,0,500,
17.94,0,0,0,498.654,0,500,
17.95,0,0,0,498.685,0,500,
17.96,0,0,0,498.709,0,500,
17.97,0,0,0,498.734,0,500,
17.98,0,0,0,498.759,0,500,
17.99,0,0,0,498.783,0,500,
18,0,0,0,498.808,0,500,
18.01,0,0,0,498.826,0,500,
18.02,0,0,0,498.845,0,500,
18.03,0,0,0,498.869,0,500,
18.04,0,0,0,498.888,0,500,
18.05,0,0,0,498.912,0,500,
18.06,0,0,0,498.931,0,500,
18.07,0,0,0,498.949,0,500,
18.08,0,0,0,498.968,0,500,
18.0901,0,0,0,498.992,0,500,
18.1,0,0,0,499.011,0,500,
18.11,0,0,0,499.023,0,500,
18.12,0,0,0,499.041,0,500,
18.13,0,0,0,499.06,0,500,
18.14,0,0,0,499.078,0,500,
18.15,0,0,0,499.09,0,500,
18.16,0,0,0,499.109,0,500,
18.17,0,0,0,499.121,0,500,
18.18,0,0,0,499.14,0,500,
18.19,0,0,0,499.152,0,500,
18.2,0,0,0,499.17,0,500,
18.21,0,0,0,499.189,0,500,
18.22,0,0,0,499.201,0,500,
18.23,0,0,0,499.219,0,500,
18.24,0,0,0,499.238,0,500,
18.25,0,0,0,499.25,0,500,
18.26,0,0,0,499.263,0,500,
18.27,0,0,0,499.281,0,500,
18.28,0,0,0,499.293,0,500,
18.29,0,0,0,499.312,0,500,
18.3,0,0,0,499.324,0,500,
18.31,0,0,0,499.33,0,500,
18.32,0,0,0,499.336,0,500,
18.33,0,0,0,499.349,0,500,
18.34,0,0,0,499.361,0,500,
18.35,0,0,0,499.373,0,500,
18.36,0,0,0,499.373,0,500,
18.37,0,0,0,499.373,0,500,
18.38,0,0,0,499.361,0,500,
18.39,0,0,0,499.361,0,500,
18.4,0,0,0,499.361,0,500,
18.41,0,0,0,499.361,0,500,
18.42,0,0,0,499.367,0,500,
18.43,0,0,0,499.367,0,500,
18.44,0,0,0,499.361,0,500,
18.45,0,0,0,499.361,0,500,
18.46,0,0,0,499.367,0,500,
18.47,0,0,0,499.367,0,500,
18.48,0,0,0,499.361,0,500,
18.49,0,0,0,499.361,0,500,
18.5,0,0,0,499.367,0,500,
18.51,0,0,0,499.367,0,500,
18.52,0,0,0,499.367,0,500,
18.53,0,0,0,499.361,0,500,
18.54,0,0,0,499.367,0,500,
18.55,0,0,0,499.367,0,500,
18.56,0,0,0,499.367,0,500,
18.57,0,0,0,499.361,0,500,
18.58,0,0,0,499.367,0,500,
18.59,0,0,0,499.367,0,500,
18.6,0,0,0,499.367,0,500,
18.61,0,0,0,499.367,0,500,
18.62,0,0,0,499.367,0,500,
18.63,0,0,0,499.367,0,500,
18.64,0,0,0,499.367,0,500,
18.65,0,0,0,499.367,0,500,
18.66,0,0,0,499.367,0,500,
18.67,0,0,0,499.367,0,500,
18.68,0,0,0,499.367,0,500,
18.69,0,0,0,499.367,0,500,
18.7,0,0,0,499.367,0,500,
18.71,0,0,0,499.367,0,500,
18.72,0,0,0,499.373,0,500,
18.73,0,0,0,499.373,0,500,
18.74,0,0,0,499.373,0,500,
18.75,0,0,0,499.373,0,500,
18.76,0,0,0,499.379,0,500,
18.77,0,0,0,499.385,0,500,
18.78,0,0,0,499.41,0,500,
18.79,0,0,0,499.435,0,500,
18.8,0,0,0,499.465,0,500,
18.81,0,0,0,499.496,0,500,
18.82,0,0,0,499.533,0,500,
18.83,0,0,0,499.576,0,500,
18.84,0,0,0,499.613,0,500,
18.85,0,0,0,499.656,0,500,
18.86,0,0,0,499.693,0,500,
18.87,0,0,0,499.73,0,500,
18.88,0,0,0,499.766,0,500,
18.89,0,0,0,499.803,0,500,
18.9,0,0,0,499.828,0,500,
18.91,0,0,0,499.859,0,500,
18.92,0,0,0,499.889,0,500,
18.93,0,0,0,499.908,0,500,
18.94,0,0,0,499.926,0,500,
18.95,0,0,0,499.951,0,500,
18.96,0,0,0,499.963,0,500,
18.97,0,0,0,499.975,0,500,
18.98,0,0,0,499.988,0,500,
18.99,0,0,0,499.994,0,500,
19,0,0,0,499.994,0,500,
19.01,0,0,0,499.988,0,500,
19.02,0,0,0,499.988,0,500,
19.03,0,0,0,499.988,0,500,
19.04,0,0,0,499.988,0,500,
19.05,0,0,0,499.988,0,500,
19.06,0,0,0,499.988,0,500,
19.07,0,0,0,499.988,0,500,
19.08,0,0,0,499.988,0,500,
19.09,0,0,0,499.988,0,500,
19.1,0,0,0,499.988,0,500,
19.11,0,0,0,499.988,0,500,
19.12,0,0,0,499.988,0,500,
19.13,0,0,0,499.988,0,500,
19.14,0,0,0,499.988,0,500,
19.15,0,0,0,499.988,0,500,
19.16,0,0,0,499.988,0,500,
19.17,0,0,0,499.988,0,500,
19.18,0,0,0,499.988,0,500,
19.19,0,0,0,499.988,0,500,
19.2,0,0,0,499.988,0,500,
19.21,0,0,0,499.988,0,500,
19.22,0,0,0,499.988,0,500,
19.23,0,0,0,499.988,0,500,
19.24,0,0,0,499.994,0,500,
