time [s],current,current2,servo1.currentSetpoint,servo1.pid_current.output,setpwm,
5e-07,-2,-3806,0,0,0,
0.02,0,-3746,0,0,0,
0.04,5,-3814,0,0,0,
0.06,-3,-3707,0,0,0,
0.08,0,-3727,0,0,0,
0.1,-17,-3833,0,0,0,
0.12,0,-3851,0,0,0,
0.14,-3,-3812,0,0,0,
0.16,-8,-3810,0,0,0,
0.18,-3,-3740,0,0,0,
0.2,-3,-3769,0,0,0,
0.22,-8,-3787,0,0,0,
0.24,4,-3855,0,0,0,
0.26,-7,-3814,0,0,0,
0.28,-10,-3770,0,0,0,
0.3,-4,-3807,0,0,0,
0.32,0,-3845,0,0,0,
0.34,0,-3755,0,0,0,
0.36,0,-3729,0,0,0,
0.38,-3,-3715,0,0,0,
0.4,-21,-3759,0,0,0,
0.42,-6,-3762,0,0,0,
0.44,-7,-3750,0,0,0,
0.46,1,-3783,0,0,0,
0.48,-15,-3806,0,0,0,
0.500006,-11,-3756,0,0,0,
0.52,-4,-3801,0,0,0,
0.54,-6,-3883,0,0,0,
0.56,0,-3806,0,0,0,
0.58,-8,-3823,0,0,0,
0.6,-9,-3813,0,0,0,
0.62,4,-3787,0,0,0,
0.64,2,-3743,0,0,0,
0.66,-3,-3822,0,0,0,
0.68,-9,-3817,0,0,0,
0.7,-4,-3804,0,0,0,
0.72,-7,-3869,0,0,0,
0.74,-3,-3919,0,0,0,
0.76,12,-3838,0,0,0,
0.78,-13,-3779,0,0,0,
0.8,-6,-3832,0,0,0,
0.82,-50,-3816,0,0,0,
0.84,-13,-3691,0,0,0,
0.86,-17,-3678,0,0,0,
0.88,-1,-3765,0,0,0,
0.9,-8,-3694,0,0,0,
0.92,2,-3695,0,0,0,
0.94,3,-3690,0,0,0,
0.96,7,-3725,0,0,0,
0.98,-8,-3729,0,0,0,
1,-10,-3744,0,0,0,
1.02,-2,-3753,0,0,0,
1.04,-20,-3758,0,0,0,
1.06,-18,-3765,0,0,0,
1.08,-14,-3775,0,0,0,
1.1,2,-3754,0,0,0,
1.12,8,-3793,0,0,0,
1.14,-1,-3772,0,0,0,
1.16,5,-3747,0,0,0,
1.18,-8,-3786,0,0,0,
1.2,1,-3795,0,0,0,
1.22,-3,-3811,0,0,0,
1.24,-4,-3712,0,0,0,
1.26,2,-3798,0,0,0,
1.28,-5,-3798,0,0,0,
1.3,0,-3799,0,0,0,
1.32,-6,-3806,0,0,0,
1.34,0,-3701,0,0,0,
1.36,-10,-3785,0,0,0,
1.38,6,-3775,0,0,0,
1.4,-2,-3790,0,0,0,
1.42,0,-3787,0,0,0,
1.44,-7,-3800,0,0,0,
1.46,-7,-3751,0,0,0,
1.48,-7,-3797,0,0,0,
1.5,1,-3803,0,0,0,
1.52,2,-3750,0,0,0,
1.54,-4,-3781,0,0,0,
1.56,-16,-3737,0,0,0,
1.58,-3,-3794,0,0,0,
1.6,-1,-3805,0,0,0,
1.62,-3,-3855,0,0,0,
1.64,-2,-3827,0,0,0,
1.66,1,-3791,0,0,0,
1.68,8,-3890,0,0,0,
1.7,0,-3844,0,0,0,
1.72,-10,-3756,0,0,0,
1.74,6,-3802,0,0,0,
1.76,-10,-3775,0,0,0,
1.78,-6,-3809,0,0,0,
1.8,4,-3768,0,0,0,
1.82,-8,-3825,0,0,0,
1.84,-1,-3763,0,0,0,
1.86,-7,-3746,0,0,0,
1.88,-2,-3769,0,0,0,
1.9,5,-3750,0,0,0,
1.92,-44,-3815,0,0,0,
1.94,1,-3805,0,0,0,
1.96,2,-3860,0,0,0,
1.98,-2,-3813,0,0,0,
2,3,-3756,0,0,0,
2.02,-13,-3781,0,0,0,
2.04,0,-3798,0,0,0,
2.06,1,-3806,0,0,0,
2.08,2,-3847,0,0,0,
2.1,3,-3859,0,0,0,
2.12,-4,-3814,0,0,0,
2.14,1,-3807,0,0,0,
2.16,-6,-3738,0,0,0,
2.18,4,-3761,0,0,0,
2.2,5,-3743,0,0,0,
2.22,-2,-3707,0,0,0,
2.24,-3,-3824,0,0,0,
2.26,-13,-3778,0,0,0,
2.28,-11,-3772,0,0,0,
2.3,-2,-3777,0,0,0,
2.32,-10,-3823,0,0,0,
2.34,-8,-3805,0,0,0,
2.36,6,-3836,0,0,0,
2.38,-15,-3814,0,0,0,
2.4,-5,-3770,0,0,0,
2.42,-11,-3758,0,0,0,
2.44,-15,-3782,0,0,0,
2.46,-9,-3825,0,0,0,
2.48,1,-3843,0,0,0,
2.5,-7,-3787,0,0,0,
2.52,-7,-3745,0,0,0,
2.54,0,-3835,0,0,0,
2.56,-1,-3825,0,0,0,
2.58,-13,-3861,0,0,0,
2.6,-3,-3866,0,0,0,
2.62,-1,-3806,0,0,0,
2.64,-5,-3802,0,0,0,
2.66,4,-3809,0,0,0,
2.68,-8,-3862,0,0,0,
2.7,-2,-3877,0,0,0,
2.72,-2,-3891,0,0,0,
2.74,-3,-3814,0,0,0,
2.76,-12,-3764,0,0,0,
2.78,5,-3836,0,0,0,
2.8,-12,-3822,0,0,0,
2.82,3,-3793,0,0,0,
2.84,-2,-3810,0,0,0,
2.86,1,-3860,0,0,0,
2.88,-10,-3869,0,0,0,
2.9,-4,-3836,0,0,0,
2.92,2,-3790,0,0,0,
2.94,0,-3771,0,0,0,
2.96,-10,-3787,0,0,0,
2.98,-20,-3839,0,0,0,
3,-9,-3809,0,0,0,
3.02,2,-3803,0,0,0,
3.04,-9,-3828,0,0,0,
3.06,1,-3757,0,0,0,
3.08,-2,-3743,0,0,0,
3.1,-1,-3786,0,0,0,
3.12,3,-3748,0,0,0,
3.14,0,-3728,0,0,0,
3.16,-1,-3746,0,0,0,
3.18,0,-3779,0,0,0,
3.2,-16,-3800,0,0,0,
3.22,0,-3836,0,0,0,
3.24,-2,-3858,0,0,0,
3.26,-4,-3819,0,0,0,
3.28,4,-3851,0,0,0,
3.3,0,-3857,0,0,0,
3.32,-10,-3811,0,0,0,
3.34,1,-3813,0,0,0,
3.36,-4,-3816,0,0,0,
3.38,0,-3781,0,0,0,
3.4,0,-3815,0,0,0,
3.42,-3,-3805,0,0,0,
3.44,-1,-3760,0,0,0,
3.46,-7,-3697,0,0,0,
3.48,5,-3789,0,0,0,
3.5,-18,-3749,0,0,0,
3.52,-11,-3776,0,0,0,
3.54,7,-3852,0,0,0,
3.56,-6,-3769,0,0,0,
3.58,0,-3796,0,0,0,
3.6,-2,-3806,0,0,0,
3.62,-6,-3798,0,0,0,
3.64,-11,-3830,0,0,0,
3.66,-2,-3802,0,0,0,
3.68,3,-3796,0,0,0,
3.7,-1,-3798,0,0,0,
3.72,-14,-3777,0,0,0,
3.74,0,-3743,0,0,0,
3.76,-7,-3788,0,0,0,
3.78,-16,-3841,0,0,0,
3.8,-4,-3793,0,0,0,
3.82,-9,-3720,0,0,0,
3.84,-2,-3805,0,0,0,
3.86,-7,-3869,0,0,0,
3.88,1,-3829,0,0,0,
3.9,32,-3820,0,0,0,
3.92,-1,-3768,0,0,0,
3.94,-4,-3779,0,0,0,
3.96,-11,-3758,0,0,0,
3.98,0,-3757,0,0,0,
4,-15,-3822,0,0,0,
4.02,0,-3820,0,0,0,
4.04,-12,-3782,0,0,0,
4.06,-3,-3813,0,0,0,
4.08,-4,-3810,0,0,0,
4.1,-19,-3828,0,0,0,
4.12,2,-3786,0,0,0,
4.14,4,-3808,0,0,0,
4.16,-1,-3780,0,0,0,
4.18,-3,-3828,0,0,0,
4.2,-10,-3830,0,0,0,
4.22,-7,-3836,0,0,0,
4.24,-6,-3782,0,0,0,
4.26,2,-3816,0,0,0,
4.28,-2,-3829,0,0,0,
4.3,5,-3755,0,0,0,
4.32,-11,-3718,0,0,0,
4.34,-3,-3767,0,0,0,
4.36,1,-3833,0,0,0,
4.38,1,-3807,0,0,0,
4.4,-8,-3832,0,0,0,
4.42,2,-3780,0,0,0,
4.44,-9,-3837,0,0,0,
4.46,-7,-3843,0,0,0,
4.48,2,-3819,0,0,0,
4.5,-14,-3791,0,0,0,
4.52,-1,-3837,0,0,0,
4.54,-2,-3784,0,0,0,
4.56,-5,-3756,0,0,0,
4.58,4,-3751,0,0,0,
4.6,-3,-3772,0,0,0,
4.62,6,-3753,0,0,0,
4.64,4,-3774,0,0,0,
4.66,-12,-3752,0,0,0,
4.68,-5,-3756,0,0,0,
4.7,-13,-3728,0,0,0,
4.72,2,-3746,0,0,0,
4.74,-2,-3794,0,0,0,
4.76,-6,-3773,0,0,0,
4.78,1,-3834,0,0,0,
4.8,-5,-3826,0,0,0,
4.82,-8,-3728,0,0,0,
4.84,-2,-3775,0,0,0,
4.86,-2,-3752,0,0,0,
4.88,-11,-3754,0,0,0,
4.9,-10,-3760,0,0,0,
4.92,-8,-3844,0,0,0,
4.94,0,-3840,0,0,0,
4.96,-4,-3784,0,0,0,
4.98,-9,-3832,0,0,0,
5,-12,-3821,0,0,0,
5.02,-3,-3764,0,0,0,
5.04,0,-3710,0,0,0,
5.06,-18,-3720,0,0,0,
5.08,-10,-3738,0,0,0,
5.1,-5,-3819,0,0,0,
5.12,1,-3832,0,0,0,
5.14,-2,-3817,0,0,0,
5.16,-6,-3869,0,0,0,
5.18,-18,-3790,0,0,0,
5.2,-5,-3762,0,0,0,
5.22,-1,-3812,0,0,0,
5.24,-12,-3828,0,0,0,
5.26,-8,-3781,0,0,0,
5.28,3,-3820,0,0,0,
5.3,-4,-3725,0,0,0,
5.32,-8,-3838,0,0,0,
5.34,3,-3791,0,0,0,
5.36,-6,-3798,0,0,0,
5.38,-4,-3802,0,0,0,
5.4,-4,-3778,0,0,0,
5.42,-20,-3834,0,0,0,
5.44,-20,-3821,0,0,0,
5.46,-15,-3795,0,0,0,
5.48,-16,-3834,0,0,0,
5.5,5,-3746,0,0,0,
5.52,-9,-3796,0,0,0,
5.54,-4,-3803,0,0,0,
5.56,-3,-3794,0,0,0,
5.58,1,-3778,0,0,0,
5.6,-8,-3739,0,0,0,
5.62,3,-3806,0,0,0,
5.64,-11,-3814,0,0,0,
5.66,-2,-3794,0,0,0,
5.68,-15,-3790,0,0,0,
5.7,-14,-3801,0,0,0,
5.72,-3,-3794,0,0,0,
5.74,4,-3853,0,0,0,
5.76,-5,-3868,0,0,0,
5.78,-9,-3840,0,0,0,
5.8,-13,-3763,0,0,0,
5.82,-5,-3744,0,0,0,
5.84,-1,-3773,0,0,0,
5.86,-12,-3765,0,0,0,
5.88,0,-3779,0,0,0,
5.9,-2,-3782,0,0,0,
5.92,-4,-3786,0,0,0,
5.94,-18,-3723,0,0,0,
5.96,28,-3753,0,0,0,
5.98,-12,-3748,0,0,0,
6,2,-3803,0,0,0,
6.02,0,-3842,0,0,0,
6.04,-7,-3847,0,0,0,
6.06,-5,-3854,0,0,0,
6.08,1,-3770,0,0,0,
6.1,-1,-3716,0,0,0,
6.12,2,-3792,0,0,0,
6.14,-19,-3841,0,0,0,
6.16,-8,-3892,0,0,0,
6.18,-14,-3794,0,0,0,
6.2,-5,-3884,0,0,0,
6.22,-18,-3789,0,0,0,
6.24,-7,-3755,0,0,0,
6.26,2,-3816,0,0,0,
6.28,-5,-3737,0,0,0,
6.3,-20,-3714,0,0,0,
6.32,-8,-3766,0,0,0,
6.34,-3,-3779,0,0,0,
6.36,-7,-3776,0,0,0,
6.38,0,-3807,0,0,0,
6.4,51,-3790,0,0,0,
6.42,-16,-3800,0,0,0,
6.44,-15,-3883,0,0,0,
6.46,-12,-3856,0,0,0,
6.48,3,-3856,0,0,0,
6.5,1,-3821,0,0,0,
6.52,-19,-3817,0,0,0,
6.54,-4,-3800,0,0,0,
6.56,-2,-3824,0,0,0,
6.58,-12,-3898,0,0,0,
6.6,1,-3847,0,0,0,
6.62,0,-3805,0,0,0,
6.64,-21,-3797,0,0,0,
6.66,-5,-3777,0,0,0,
6.68,-22,-3860,0,0,0,
6.7,-14,-3803,0,0,0,
6.72,-2,-3790,0,0,0,
6.74,1,-3764,0,0,0,
6.76,-5,-3756,0,0,0,
6.78,-14,-3747,0,0,0,
6.8,-1,-3783,0,0,0,
6.82,-12,-3772,0,0,0,
6.84,-12,-3802,0,0,0,
6.86,0,-3761,0,0,0,
6.88,3,-3806,0,0,0,
6.9,-8,-3841,0,0,0,
6.92,-2,-3823,0,0,0,
6.94,-3,-3813,0,0,0,
6.96,1,-3802,0,0,0,
6.98,-13,-3802,0,0,0,
7,3,-3746,0,0,0,
7.02,-10,-3784,0,0,0,
7.04,-13,-3798,0,0,0,
7.06,-16,-3794,0,0,0,
7.08,-14,-3812,0,0,0,
7.1,-25,-3758,0,0,0,
7.12,-13,-3846,0,0,0,
7.14,-8,-3809,0,0,0,
7.16,-18,-3800,0,0,0,
7.18,-4,-3781,0,0,0,
7.2,-5,-3778,0,0,0,
7.22,-11,-3756,0,0,0,
7.24,5,-3786,0,0,0,
7.26,-15,-3842,0,0,0,
7.28,4,-3834,0,0,0,
7.3,-6,-3807,0,0,0,
7.32,-5,-3841,0,0,0,
7.34,-18,-3779,0,0,0,
7.36,-4,-3812,0,0,0,
7.38,-3,-3809,0,0,0,
7.4,-3,-3751,0,0,0,
7.42,2,-3803,0,0,0,
7.44,4,-3837,0,0,0,
7.46,-6,-3817,0,0,0,
7.48,3,-3791,0,0,0,
7.5,-28,-3837,0,0,0,
7.52,-23,-3797,0,0,0,
7.54,3,-3798,0,0,0,
7.56,6,-3828,0,0,0,
7.58,-8,-3747,0,0,0,
7.6,-7,-3678,0,0,0,
7.62,-8,-3722,0,0,0,
7.64,-3,-3791,0,0,0,
7.66,-6,-3788,0,0,0,
7.68,1,-3840,0,0,0,
7.7,-4,-3750,0,0,0,
7.72,-1,-3748,0,0,0,
7.74,0,-3773,0,0,0,
7.76,-8,-3802,0,0,0,
7.78,-14,-3795,0,0,0,
7.8,-5,-3793,0,0,0,
7.82,-7,-3764,0,0,0,
7.84,2,-3808,0,0,0,
7.86,-13,-3797,0,0,0,
7.88,-3,-3787,0,0,0,
7.9,-9,-3807,0,0,0,
7.92,-1,-3802,0,0,0,
7.94,-7,-3807,0,0,0,
7.96,-10,-3794,0,0,0,
7.98,-7,-3782,0,0,0,
8,-1,-3755,0,0,0,
8.02,-1,-3799,0,0,0,
8.04,-4,0,0,0,0,
8.06,-5,0,0,0,0,
8.08,-11,0,0,0,0,
8.1,0,0,0,0,0,
8.12,-13,0,0,0,0,
8.14,-1,0,0,0,0,
8.16,-5,0,0,0,0,
8.18,1,0,0,0,0,
8.2,-2,0,0,0,0,
8.22,-3,0,0,0,0,
8.24,4,0,0,0,0,
8.26,-6,0,0,0,0,
8.28,-4,0,0,0,0,
8.3,-1,0,0,0,0,
8.32,-1,0,0,0,0,
8.34,0,0,0,0,0,
8.36,-1,0,0,0,0,
8.38,-11,0,0,0,0,
8.4,-12,0,0,0,0,
8.42,-5,0,0,0,0,
8.44,1,0,0,0,0,
8.46,-8,0,0,0,0,
8.48,-15,0,0,0,0,
8.5,-7,0,0,0,0,
8.52,-6,0,0,0,0,
8.54,-4,0,0,0,0,
8.56,-61,0,0,0,0,
8.58,-15,0,0,0,0,
8.6,4,0,0,0,0,
8.62,-22,0,0,0,0,
8.64,7,0,0,0,0,
8.66,1,0,0,0,0,
8.68,-21,0,0,0,0,
8.7,-18,0,0,0,0,
8.72,-3,0,0,0,0,
8.74,8,0,0,0,0,
8.76,-14,0,0,0,0,
8.78,-7,0,0,0,0,
8.8,-14,0,0,0,0,
8.82,-12,0,0,0,0,
8.84,-5,0,0,0,0,
8.86,-10,0,0,0,0,
8.88,-10,0,0,0,0,
8.9,2,0,0,0,0,
8.92,5,0,0,0,0,
8.94,2,0,0,0,0,
8.96,-6,0,0,0,0,
8.98,-14,0,0,0,0,
9,-6,0,0,0,0,
9.02,-12,0,0,0,0,
9.04,-6,0,0,0,0,
9.06,-3,0,0,0,0,
9.08,-4,0,0,0,0,
9.1,-5,0,0,0,0,
9.12,-9,0,0,0,0,
9.14,1,0,0,0,0,
9.16,3,0,0,0,0,
9.18,-9,0,0,0,0,
9.2,-5,0,0,0,0,
9.22,-11,0,0,0,0,
9.24,-19,0,0,0,0,
9.26,-2,0,0,0,0,
9.28,5,0,0,0,0,
9.3,-5,0,0,0,0,
9.32,-3,0,0,0,0,
9.34,0,0,0,0,0,
9.36,-11,0,0,0,0,
9.38,-1,0,0,0,0,
9.4,-7,0,0,0,0,
9.42,0,0,0,0,0,
9.44,-13,0,0,0,0,
9.46,0,0,0,0,0,
9.48,-5,0,0,0,0,
9.5,4,0,0,0,0,
9.52,-17,0,0,0,0,
9.54,-13,0,0,0,0,
9.56,-1,0,0,0,0,
9.58,-17,0,0,0,0,
9.6,4,0,0,0,0,
9.62,5,0,0,0,0,
9.64,-9,0,0,0,0,
9.66,3,0,0,0,0,
9.68,-14,0,0,0,0,
9.7,-1,0,0,0,0,
9.72,5,0,0,0,0,
9.74,-7,0,0,0,0,
9.76,0,0,0,0,0,
9.78,-11,0,0,0,0,
9.8,-3,0,0,0,0,
9.82,-3,0,0,0,0,
9.84,-11,0,0,0,0,
9.86,2,0,0,0,0,
9.88,-4,0,0,0,0,
9.9,-3,0,0,0,0,
9.92,-16,0,0,0,0,
9.94,1,0,0,0,0,
9.96,-13,0,0,0,0,
9.98,-4,0,0,0,0,
10,-5,0,0,0,0,
10.02,4,0,0,0,0,
10.04,-9,0,0,0,0,
10.06,-4,0,0,0,0,
10.08,-7,0,0,0,0,
10.1,2,0,0,0,0,
10.12,-1,0,0,0,0,
10.14,0,0,0,0,0,
10.16,1,0,0,0,0,
10.18,-5,0,0,0,0,
10.2,-4,0,0,0,0,
10.22,0,0,0,0,0,
10.24,-6,0,0,0,0,
10.26,-3,0,0,0,0,
10.28,11,0,0,0,0,
10.3,-7,0,0,0,0,
10.32,-11,0,0,0,0,
10.34,-11,0,0,0,0,
10.36,-2,0,0,0,0,
10.38,-2,0,0,0,0,
10.4,2,0,0,0,0,
10.42,-9,0,0,0,0,
10.44,-4,0,0,0,0,
10.46,5,0,0,0,0,
10.48,-15,0,0,0,0,
10.5,-1,0,0,0,0,
10.52,-1,0,0,0,0,
10.54,-13,0,0,0,0,
10.56,-2,0,0,0,0,
10.58,-10,0,0,0,0,
10.6,-6,0,0,0,0,
10.62,-5,0,0,0,0,
10.64,4,0,0,0,0,
10.66,-1,0,0,0,0,
10.68,-2,0,0,0,0,
10.7,-20,0,0,0,0,
10.72,-9,0,0,0,0,
10.74,-1,0,0,0,0,
10.76,4,0,0,0,0,
10.78,0,0,0,0,0,
10.8,-12,0,0,0,0,
10.82,2,0,0,0,0,
10.84,0,0,0,0,0,
10.86,2,0,0,0,0,
10.88,-12,0,0,0,0,
10.9,2,0,0,0,0,
10.92,-32,0,0,0,0,
10.94,104127,0,131072,0,0,
10.96,129846,0,131072,0,0,
10.98,130053,0,131072,0,0,
11,130302,0,131072,0,0,
11.02,130832,0,131072,0,0,
11.04,130428,0,131072,0,0,
11.06,130260,0,131072,0,0,
11.08,130384,0,131072,0,0,
11.1,130306,0,131072,0,0,
11.12,129935,0,131072,0,0,
11.14,129712,0,131072,0,0,
11.16,130131,0,131072,0,0,
11.18,130341,0,131072,0,0,
11.2,130064,0,131072,0,0,
11.22,126019,0,131072,0,0,
11.24,103654,0,131072,0,0,
11.26,82426,0,131072,0,0,
11.28,66525,0,131072,0,0,
11.3,55104,0,131072,0,0,
11.32,50024,0,131072,0,0,
11.34,45111,0,131072,0,0,
11.36,40896,0,131072,0,0,
11.38,38951,0,131072,0,0,
11.4,38664,0,131072,0,0,
11.42,38603,0,131072,0,0,
11.44,39886,0,131072,0,0,
11.46,38072,0,131072,0,0,
11.48,42040,0,131072,0,0,
11.5,40951,0,131072,0,0,
11.52,41982,0,131072,0,0,
11.54,41324,0,131072,0,0,
11.56,42462,0,131072,0,0,
11.58,41522,0,131072,0,0,
11.6,39638,0,131072,0,0,
11.62,42859,0,131072,0,0,
11.64,42042,0,131072,0,0,
11.66,42036,0,131072,0,0,
11.68,43885,0,131072,0,0,
11.7,42978,0,131072,0,0,
11.72,40071,0,131072,0,0,
11.74,38230,0,131072,0,0,
11.76,37868,0,131072,0,0,
11.78,37432,0,131072,0,0,
11.8,37122,0,131072,0,0,
11.82,40058,0,131072,0,0,
11.84,37078,0,131072,0,0,
11.86,41314,0,131072,0,0,
11.88,39140,0,131072,0,0,
11.9,42115,0,131072,0,0,
11.92,41267,0,131072,0,0,
11.94,40506,0,131072,0,0,
11.96,40845,0,131072,0,0,
11.98,41015,0,131072,0,0,
12,41459,0,131072,0,0,
12.02,38603,0,131072,0,0,
12.04,38892,0,131072,0,0,
12.06,38111,0,131072,0,0,
12.08,37771,0,131072,0,0,
12.1,37529,0,131072,0,0,
12.12,39331,0,131072,0,0,
12.14,36947,0,131072,0,0,
12.16,40813,0,131072,0,0,
12.18,39068,0,131072,0,0,
12.2,43409,0,131072,0,0,
12.22,40601,0,131072,0,0,
12.24,40382,0,131072,0,0,
12.26,40762,0,131072,0,0,
12.28,38156,0,131072,0,0,
12.3,38714,0,131072,0,0,
12.32,38139,0,131072,0,0,
12.34,37213,0,131072,0,0,
12.36,36161,0,131072,0,0,
12.38,35483,0,131072,0,0,
12.4,37011,0,131072,0,0,
12.42,37272,0,131072,0,0,
12.44,36665,0,131072,0,0,
12.46,35588,0,131072,0,0,
12.48,36429,0,131072,0,0,
12.5,38702,0,131072,0,0,
12.52,36645,0,131072,0,0,
12.54,40289,0,131072,0,0,
12.56,39040,0,131072,0,0,
12.58,40907,0,131072,0,0,
12.6,39715,0,131072,0,0,
12.62,41302,0,131072,0,0,
12.64,40629,0,131072,0,0,
12.66,40575,0,131072,0,0,
12.68,41013,0,131072,0,0,
12.7,37784,0,131072,0,0,
12.72,40447,0,131072,0,0,
12.74,38494,0,131072,0,0,
12.76,42628,0,131072,0,0,
12.78,38919,0,131072,0,0,
12.8,43265,0,131072,0,0,
12.82,39932,0,131072,0,0,
12.84,43079,0,131072,0,0,
12.86,39853,0,131072,0,0,
12.88,43347,0,131072,0,0,
12.9,39824,0,131072,0,0,
12.92,40540,0,131072,0,0,
12.94,40005,0,131072,0,0,
12.96,38182,0,131072,0,0,
12.98,40956,0,131072,0,0,
13,38125,0,131072,0,0,
13.02,36132,0,131072,0,0,
13.04,37884,0,131072,0,0,
13.06,38305,0,131072,0,0,
13.08,36888,0,131072,0,0,
13.1,38153,0,131072,0,0,
13.12,37603,0,131072,0,0,
13.14,37843,0,131072,0,0,
13.16,38461,0,131072,0,0,
13.18,37408,0,131072,0,0,
13.2,35823,0,131072,0,0,
13.22,37086,0,131072,0,0,
13.24,37018,0,131072,0,0,
13.26,35657,0,131072,0,0,
13.28,44913,0,131072,0,0,
13.3,48624,0,131072,0,0,
13.32,57107,0,131072,0,0,
13.34,64948,0,131072,0,0,
13.36,76961,0,131072,0,0,
13.38,91404,0,131072,0,0,
13.4,104478,0,131072,0,0,
13.42,123874,0,131072,0,0,
13.44,131544,0,131072,0,0,
13.46,131703,0,131072,0,0,
13.48,132078,0,131072,0,0,
13.5,132728,0,131072,0,0,
13.52,131096,0,131072,0,0,
13.54,132119,0,131072,0,0,
13.56,133173,0,131072,0,0,
13.58,133446,0,131072,0,0,
13.6,132443,0,131072,0,0,
13.62,132999,0,131072,0,0,
13.64,131050,0,131072,0,0,
13.66,131076,0,131072,0,0,
13.68,131081,0,131072,0,0,
13.7,131075,0,131072,0,0,
13.72,131056,0,131072,0,0,
13.74,131069,0,131072,0,0,
13.76,131068,0,131072,0,0,
13.78,131063,0,131072,0,0,
13.8,131081,0,131072,0,0,
13.82,131072,0,131072,0,0,
13.84,131067,0,131072,0,0,
13.86,131063,0,131072,0,0,
13.88,131073,0,131072,0,0,
13.9,131054,0,131072,0,0,
13.92,131070,0,131072,0,0,
13.94,131064,0,131072,0,0,
13.96,131070,0,131072,0,0,
13.98,131051,0,131072,0,0,
14,131075,0,131072,0,0,
14.02,131061,0,131072,0,0,
14.04,131065,0,131072,0,0,
14.06,131057,0,131072,0,0,
14.08,131068,0,131072,0,0,
14.1,131066,0,131072,0,0,
14.12,131063,0,131072,0,0,
14.14,131050,0,131072,0,0,
14.16,131063,0,131072,0,0,
14.18,131068,0,131072,0,0,
14.2,131060,0,131072,0,0,
14.22,131057,0,131072,0,0,
14.24,131068,0,131072,0,0,
14.26,131051,0,131072,0,0,
14.28,131076,0,131072,0,0,
14.3,131066,0,131072,0,0,
14.32,131072,0,131072,0,0,
14.34,131063,0,131072,0,0,
14.36,131072,0,131072,0,0,
14.38,131056,0,131072,0,0,
14.4,131037,0,131072,0,0,
14.42,130956,0,131072,0,0,
14.44,130859,0,131072,0,0,
14.46,131043,0,131072,0,0,
14.48,130438,0,131072,0,0,
14.5,130868,0,131072,0,0,
14.52,130134,0,131072,0,0,
14.54,129714,0,131072,0,0,
14.56,129962,0,131072,0,0,
14.58,130727,0,131072,0,0,
14.6,130283,0,131072,0,0,
14.62,130291,0,131072,0,0,
14.64,129929,0,131072,0,0,
14.66,130435,0,131072,0,0,
14.68,130064,0,131072,0,0,
14.7,130180,0,131072,0,0,
14.72,130286,0,131072,0,0,
14.74,130186,0,131072,0,0,
14.76,129410,0,131072,0,0,
14.78,108889,0,131072,0,0,
14.8,85702,0,131072,0,0,
14.82,71007,0,131072,0,0,
14.84,56086,0,131072,0,0,
14.86,51350,0,131072,0,0,
14.88,44758,0,131072,0,0,
14.9,47294,0,131072,0,0,
14.92,42722,0,131072,0,0,
14.94,44245,0,131072,0,0,
14.96,41625,0,131072,0,0,
14.98,41698,0,131072,0,0,
15,40773,0,131072,0,0,
15.02,41335,0,131072,0,0,
15.04,41116,0,131072,0,0,
15.06,39359,0,131072,0,0,
15.08,40496,0,131072,0,0,
15.1,40197,0,131072,0,0,
15.12,42165,0,131072,0,0,
15.14,39116,0,131072,0,0,
15.16,43580,0,131072,0,0,
15.18,43918,0,131072,0,0,
15.2,43964,0,131072,0,0,
15.22,40347,0,131072,0,0,
15.24,43479,0,131072,0,0,
15.26,39870,0,131072,0,0,
15.28,38540,0,131072,0,0,
15.3,39489,0,131072,0,0,
15.32,38217,0,131072,0,0,
15.34,36552,0,131072,0,0,
15.36,36707,0,131072,0,0,
15.38,37313,0,131072,0,0,
15.4,36232,0,131072,0,0,
15.42,35095,0,131072,0,0,
15.44,37854,0,131072,0,0,
15.46,37157,0,131072,0,0,
15.48,39446,0,131072,0,0,
15.5,40358,0,131072,0,0,
15.52,37471,0,131072,0,0,
15.54,40080,0,131072,0,0,
15.56,37831,0,131072,0,0,
15.58,42032,0,131072,0,0,
15.6,39138,0,131072,0,0,
15.62,42758,0,131072,0,0,
15.64,39017,0,131072,0,0,
15.66,42200,0,131072,0,0,
15.68,39355,0,131072,0,0,
15.7,42573,0,131072,0,0,
15.72,40208,0,131072,0,0,
15.74,38139,0,131072,0,0,
15.76,40031,0,131072,0,0,
15.78,39906,0,131072,0,0,
15.8,42072,0,131072,0,0,
15.82,42962,0,131072,0,0,
15.84,41909,0,131072,0,0,
15.86,42309,0,131072,0,0,
15.88,41933,0,131072,0,0,
15.9,39401,0,131072,0,0,
15.92,37911,0,131072,0,0,
15.94,38333,0,131072,0,0,
15.96,37050,0,131072,0,0,
15.98,36176,0,131072,0,0,
16,36785,0,131072,0,0,
16.02,37971,0,131072,0,0,
16.04,36539,0,131072,0,0,
16.06,35496,0,131072,0,0,
16.08,34843,0,131072,0,0,
16.1,36437,0,131072,0,0,
16.12,38288,0,131072,0,0,
16.14,38159,0,131072,0,0,
16.16,40541,0,131072,0,0,
16.18,40303,0,131072,0,0,
16.2,42375,0,131072,0,0,
16.22,42511,0,131072,0,0,
16.24,44381,0,131072,0,0,
16.26,48687,0,131072,0,0,
16.28,54623,0,131072,0,0,
16.3,60306,0,131072,0,0,
16.32,66872,0,131072,0,0,
16.34,72266,0,131072,0,0,
16.36,77613,0,131072,0,0,
16.38,82282,0,131072,0,0,
16.4,85034,0,131072,0,0,
16.42,90041,0,131072,0,0,
16.44,93579,0,131072,0,0,
16.46,102792,0,131072,0,0,
16.48,111134,0,131072,0,0,
16.5,119826,0,131072,0,0,
16.52,129123,0,131072,0,0,
16.54,131231,0,131072,0,0,
16.56,132047,0,131072,0,0,
16.58,131188,0,131072,0,0,
16.6,131220,0,131072,0,0,
16.62,131144,0,131072,0,0,
16.64,130882,0,131072,0,0,
16.66,130997,0,131072,0,0,
16.68,131123,0,131072,0,0,
16.7,130329,0,131072,0,0,
16.72,130691,0,131072,0,0,
16.74,131545,0,131072,0,0,
16.76,130314,0,131072,0,0,
16.78,130687,0,131072,0,0,
16.8,128392,0,131072,0,0,
16.82,119005,0,131072,0,0,
16.84,100452,0,131072,0,0,
16.86,87864,0,131072,0,0,
16.88,75134,0,131072,0,0,
16.9,61714,0,131072,0,0,
16.92,56887,0,131072,0,0,
16.94,47885,0,131072,0,0,
16.96,47515,0,131072,0,0,
16.98,41859,0,131072,0,0,
17,44361,0,131072,0,0,
17.02,40630,0,131072,0,0,
17.04,42672,0,131072,0,0,
17.06,40019,0,131072,0,0,
17.08,40450,0,131072,0,0,
17.1,39728,0,131072,0,0,
17.12,41346,0,131072,0,0,
17.14,40830,0,131072,0,0,
17.16,40161,0,131072,0,0,
17.18,41233,0,131072,0,0,
17.2,46142,0,131072,0,0,
17.22,46240,0,131072,0,0,
17.24,48230,0,131072,0,0,
17.26,48335,0,131072,0,0,
17.28,50677,0,131072,0,0,
17.3,52382,0,131072,0,0,
17.32,55020,0,131072,0,0,
17.34,55650,0,131072,0,0,
17.36,56171,0,131072,0,0,
17.38,55556,0,131072,0,0,
17.4,56729,0,131072,0,0,
17.42,58780,0,131072,0,0,
17.44,58867,0,131072,0,0,
17.46,63018,0,131072,0,0,
17.48,64841,0,131072,0,0,
17.5,69324,0,131072,0,0,
17.52,72953,0,131072,0,0,
17.54,77780,0,131072,0,0,
17.56,82682,0,131072,0,0,
17.58,83521,0,131072,0,0,
17.6,87485,0,131072,0,0,
17.62,95774,0,131072,0,0,
17.64,101855,0,131072,0,0,
17.66,103788,0,131072,0,0,
17.68,107448,0,131072,0,0,
17.7,107009,0,131072,0,0,
17.72,107986,0,131072,0,0,
17.74,105422,0,131072,0,0,
17.76,102894,0,131072,0,0,
17.78,102075,0,131072,0,0,
17.8,100072,0,131072,0,0,
17.82,104412,0,131072,0,0,
17.84,101332,0,131072,0,0,
17.86,99737,0,131072,0,0,
17.88,100823,0,131072,0,0,
17.9,100062,0,131072,0,0,
17.92,101692,0,131072,0,0,
17.94,101159,0,131072,0,0,
17.96,98943,0,131072,0,0,
17.98,96642,0,131072,0,0,
18,97682,0,131072,0,0,
18.02,96171,0,131072,0,0,
18.04,94278,0,131072,0,0,
18.06,91876,0,131072,0,0,
18.08,92824,0,131072,0,0,
18.1,93110,0,131072,0,0,
18.12,93815,0,131072,0,0,
18.14,93824,0,131072,0,0,
18.16,94890,0,131072,0,0,
18.18,99389,0,131072,0,0,
18.2,96381,0,131072,0,0,
18.22,97810,0,131072,0,0,
18.24,96865,0,131072,0,0,
18.26,93972,0,131072,0,0,
18.28,93421,0,131072,0,0,
18.3,92787,0,131072,0,0,
18.32,94477,0,131072,0,0,
18.34,99431,0,131072,0,0,
18.36,98325,0,131072,0,0,
18.38,98393,0,131072,0,0,
18.4,98728,0,131072,0,0,
18.42,102003,0,131072,0,0,
18.44,102199,0,131072,0,0,
18.46,102267,0,131072,0,0,
18.48,106286,0,131072,0,0,
18.5,107136,0,131072,0,0,
18.52,106715,0,131072,0,0,
18.54,109555,0,131072,0,0,
18.56,111105,0,131072,0,0,
18.58,107960,0,131072,0,0,
18.6,109905,0,131072,0,0,
18.62,109478,0,131072,0,0,
18.64,113595,0,131072,0,0,
18.66,111885,0,131072,0,0,
18.68,112599,0,131072,0,0,
18.7,109612,0,131072,0,0,
18.72,108015,0,131072,0,0,
18.74,109538,0,131072,0,0,
18.76,110588,0,131072,0,0,
18.78,111561,0,131072,0,0,
18.8,115046,0,131072,0,0,
18.82,113296,0,131072,0,0,
18.84,108087,0,131072,0,0,
18.86,103938,0,131072,0,0,
18.88,97064,0,131072,0,0,
18.9,90678,0,131072,0,0,
18.92,88375,0,131072,0,0,
18.94,77004,0,131072,0,0,
18.96,69634,0,131072,0,0,
18.98,58051,0,131072,0,0,
19,53230,0,131072,0,0,
19.02,47081,0,131072,0,0,
19.04,45923,0,131072,0,0,
19.06,42902,0,131072,0,0,
19.08,44923,0,131072,0,0,
19.1,42587,0,131072,0,0,
19.12,38759,0,131072,0,0,
19.14,36366,0,131072,0,0,
19.16,42371,0,131072,0,0,
19.18,57949,0,131072,0,0,
19.2,94257,0,131072,0,0,
19.22,130588,0,131072,0,0,
19.24,132351,0,131072,0,0,
19.26,134280,0,131072,0,0,
19.28,133315,0,131072,0,0,
19.3,133461,0,131072,0,0,
19.32,132090,0,131072,0,0,
19.34,131075,0,131072,0,0,
19.36,131069,0,131072,0,0,
19.38,131070,0,131072,0,0,
19.4,131070,0,131072,0,0,
19.42,131050,0,131072,0,0,
19.44,131076,0,131072,0,0,
19.46,131061,0,131072,0,0,
19.48,131072,0,131072,0,0,
19.5,131062,0,131072,0,0,
19.52,131075,0,131072,0,0,
19.54,131076,0,131072,0,0,
19.56,131068,0,131072,0,0,
19.58,131066,0,131072,0,0,
19.6,131071,0,131072,0,0,
19.62,131078,0,131072,0,0,
19.64,131053,0,131072,0,0,
19.66,131061,0,131072,0,0,
19.68,131056,0,131072,0,0,
19.7,131010,0,131072,0,0,
19.72,130795,0,131072,0,0,
19.74,130299,0,131072,0,0,
19.76,129907,0,131072,0,0,
19.78,130633,0,131072,0,0,
19.8,130447,0,131072,0,0,
19.82,130358,0,131072,0,0,
19.84,129446,0,131072,0,0,
19.86,129745,0,131072,0,0,
19.88,130277,0,131072,0,0,
19.9,130402,0,131072,0,0,
19.92,130682,0,131072,0,0,
19.94,130208,0,131072,0,0,
19.96,130099,0,131072,0,0,
19.98,129989,0,131072,0,0,
20,129995,0,131072,0,0,
20.02,130579,0,131072,0,0,
20.04,128051,0,131072,0,0,
20.06,107259,0,131072,0,0,
20.08,82883,0,131072,0,0,
20.1,66260,0,131072,0,0,
20.12,56294,0,131072,0,0,
20.14,47120,0,131072,0,0,
20.16,41684,0,131072,0,0,
20.18,38303,0,131072,0,0,
20.2,40141,0,131072,0,0,
20.22,38790,0,131072,0,0,
20.24,36558,0,131072,0,0,
20.26,37923,0,131072,0,0,
20.28,36767,0,131072,0,0,
20.3,36061,0,131072,0,0,
20.32,37258,0,131072,0,0,
20.34,37183,0,131072,0,0,
20.36,36189,0,131072,0,0,
20.38,52733,0,131072,0,0,
20.4,103391,0,131072,0,0,
20.42,132586,0,131072,0,0,
20.44,132893,0,131072,0,0,
20.46,132457,0,131072,0,0,
20.48,133596,0,131072,0,0,
20.5,133371,0,131072,0,0,
20.52,131018,0,131072,0,0,
20.54,131071,0,131072,0,0,
20.56,131070,0,131072,0,0,
20.58,131061,0,131072,0,0,
20.6,131072,0,131072,0,0,
20.62,131077,0,131072,0,0,
20.64,131054,0,131072,0,0,
20.66,131058,0,131072,0,0,
20.68,131065,0,131072,0,0,
20.7,131064,0,131072,0,0,
20.72,131064,0,131072,0,0,
20.74,131072,0,131072,0,0,
20.76,131064,0,131072,0,0,
20.78,131064,0,131072,0,0,
20.8,131066,0,131072,0,0,
20.82,130846,0,131072,0,0,
20.84,130420,0,131072,0,0,
20.86,130540,0,131072,0,0,
20.88,130287,0,131072,0,0,
20.9,130165,0,131072,0,0,
20.92,129588,0,131072,0,0,
20.94,130469,0,131072,0,0,
20.96,130979,0,131072,0,0,
20.98,130028,0,131072,0,0,
21,130306,0,131072,0,0,
21.02,130655,0,131072,0,0,
21.04,130155,0,131072,0,0,
21.06,129588,0,131072,0,0,
21.08,129878,0,131072,0,0,
21.1,130237,0,131072,0,0,
21.12,130685,0,131072,0,0,
21.14,127957,0,131072,0,0,
21.16,108446,0,131072,0,0,
21.18,86830,0,131072,0,0,
21.2,67734,0,131072,0,0,
21.22,54557,0,131072,0,0,
21.24,47731,0,131072,0,0,
21.26,43155,0,131072,0,0,
21.28,40663,0,131072,0,0,
21.3,40007,0,131072,0,0,
21.32,37314,0,131072,0,0,
21.34,41351,0,131072,0,0,
21.36,39124,0,131072,0,0,
21.38,42699,0,131072,0,0,
21.4,42067,0,131072,0,0,
21.42,44765,0,131072,0,0,
21.44,41805,0,131072,0,0,
21.46,53641,0,131072,0,0,
21.48,91269,0,131072,0,0,
21.5,132458,0,131072,0,0,
21.52,132828,0,131072,0,0,
21.54,134854,0,131072,0,0,
21.56,133833,0,131072,0,0,
21.58,134295,0,131072,0,0,
21.6,132233,0,131072,0,0,
21.62,130974,0,131072,0,0,
21.64,131071,0,131072,0,0,
21.66,131071,0,131072,0,0,
21.68,131065,0,131072,0,0,
21.7,131069,0,131072,0,0,
21.72,131064,0,131072,0,0,
21.74,131074,0,131072,0,0,
21.76,131066,0,131072,0,0,
21.78,131069,0,131072,0,0,
21.8,131077,0,131072,0,0,
21.82,131073,0,131072,0,0,
21.84,131061,0,131072,0,0,
21.86,131051,0,131072,0,0,
21.88,131045,0,131072,0,0,
21.9,131071,0,131072,0,0,
21.92,131058,0,131072,0,0,
21.94,131072,0,131072,0,0,
21.96,131057,0,131072,0,0,
21.98,131063,0,131072,0,0,
22,131074,0,131072,0,0,
22.02,131055,0,131072,0,0,
22.04,131080,0,131072,0,0,
22.06,131061,0,131072,0,0,
22.08,131076,0,131072,0,0,
22.1,131074,0,131072,0,0,
22.12,130972,0,131072,0,0,
22.14,130402,0,131072,0,0,
22.16,130354,0,131072,0,0,
22.18,130604,0,131072,0,0,
22.2,130093,0,131072,0,0,
22.22,130427,0,131072,0,0,
22.24,130442,0,131072,0,0,
22.26,130331,0,131072,0,0,
22.28,131194,0,131072,0,0,
22.3,130170,0,131072,0,0,
22.32,130330,0,131072,0,0,
22.34,130192,0,131072,0,0,
22.36,130055,0,131072,0,0,
22.38,130800,0,131072,0,0,
22.4,129614,0,131072,0,0,
22.42,130277,0,131072,0,0,
22.44,130201,0,131072,0,0,
22.46,116160,0,131072,0,0,
22.48,93495,0,131072,0,0,
22.5,74770,0,131072,0,0,
22.52,60402,0,131072,0,0,
22.54,54223,0,131072,0,0,
22.56,45782,0,131072,0,0,
22.58,44746,0,131072,0,0,
22.6,41743,0,131072,0,0,
22.62,39474,0,131072,0,0,
22.64,39613,0,131072,0,0,
22.66,38008,0,131072,0,0,
22.68,36869,0,131072,0,0,
22.7,35677,0,131072,0,0,
22.72,37573,0,131072,0,0,
22.74,37146,0,131072,0,0,
22.76,35918,0,131072,0,0,
22.78,35583,0,131072,0,0,
22.8,38778,0,131072,0,0,
22.82,36787,0,131072,0,0,
22.84,40858,0,131072,0,0,
22.86,38092,0,131072,0,0,
22.88,41947,0,131072,0,0,
22.9,40856,0,131072,0,0,
22.92,42446,0,131072,0,0,
22.94,38380,0,131072,0,0,
22.96,39706,0,131072,0,0,
22.98,39058,0,131072,0,0,
23,37240,0,131072,0,0,
23.02,35799,0,131072,0,0,
23.04,38238,0,131072,0,0,
23.06,36688,0,131072,0,0,
23.08,36909,0,131072,0,0,
23.1,39113,0,131072,0,0,
23.12,38206,0,131072,0,0,
23.14,41094,0,131072,0,0,
23.16,40712,0,131072,0,0,
23.18,41907,0,131072,0,0,
23.2,39016,0,131072,0,0,
23.22,41366,0,131072,0,0,
23.24,38770,0,131072,0,0,
23.26,38640,0,131072,0,0,
23.28,38462,0,131072,0,0,
23.3,37254,0,131072,0,0,
23.32,36356,0,131072,0,0,
23.34,37977,0,131072,0,0,
23.36,35350,0,131072,0,0,
23.38,37498,0,131072,0,0,
23.4,38309,0,131072,0,0,
23.42,36377,0,131072,0,0,
23.44,35061,0,131072,0,0,
23.46,34288,0,131072,0,0,
23.48,36121,0,131072,0,0,
23.5,37527,0,131072,0,0,
23.52,38293,0,131072,0,0,
23.54,40193,0,131072,0,0,
23.56,40741,0,131072,0,0,
23.58,42640,0,131072,0,0,
23.6,41162,0,131072,0,0,
23.62,38520,0,131072,0,0,
23.64,37577,0,131072,0,0,
23.66,36906,0,131072,0,0,
23.68,35572,0,131072,0,0,
23.7,35886,0,131072,0,0,
23.72,38443,0,131072,0,0,
23.74,35877,0,131072,0,0,
23.76,38104,0,131072,0,0,
23.78,38008,0,131072,0,0,
23.8,40027,0,131072,0,0,
23.82,39927,0,131072,0,0,
23.84,41422,0,131072,0,0,
23.86,40797,0,131072,0,0,
23.88,38015,0,131072,0,0,
23.9,41689,0,131072,0,0,
23.92,40176,0,131072,0,0,
23.94,41757,0,131072,0,0,
23.96,42742,0,131072,0,0,
23.98,41411,0,131072,0,0,
24,39117,0,131072,0,0,
24.02,36702,0,131072,0,0,
24.04,34906,0,131072,0,0,
24.06,37244,0,131072,0,0,
24.08,37548,0,131072,0,0,
24.1,35332,0,131072,0,0,
24.12,36257,0,131072,0,0,
24.14,35800,0,131072,0,0,
24.16,35051,0,131072,0,0,
24.18,37809,0,131072,0,0,
24.2,37664,0,131072,0,0,
24.22,38153,0,131072,0,0,
24.24,38820,0,131072,0,0,
24.26,38611,0,131072,0,0,
24.28,41307,0,131072,0,0,
24.3,39100,0,131072,0,0,
24.32,40889,0,131072,0,0,
24.34,38824,0,131072,0,0,
24.36,41470,0,131072,0,0,
24.38,37682,0,131072,0,0,
24.4,41042,0,131072,0,0,
24.42,37814,0,131072,0,0,
24.44,42807,0,131072,0,0,
24.46,39064,0,131072,0,0,
24.48,41099,0,131072,0,0,
24.5,39067,0,131072,0,0,
24.52,41545,0,131072,0,0,
24.54,39850,0,131072,0,0,
24.56,38630,0,131072,0,0,
24.58,39769,0,131072,0,0,
24.6,36684,0,131072,0,0,
24.62,39181,0,131072,0,0,
24.64,37903,0,131072,0,0,
24.66,35967,0,131072,0,0,
24.68,36605,0,131072,0,0,
24.7,38129,0,131072,0,0,
24.72,38952,0,131072,0,0,
24.74,40748,0,131072,0,0,
24.76,37271,0,131072,0,0,
24.78,41048,0,131072,0,0,
24.8,37803,0,131072,0,0,
24.82,40371,0,131072,0,0,
24.84,39082,0,131072,0,0,
24.86,38786,0,131072,0,0,
24.88,39579,0,131072,0,0,
24.9,39266,0,131072,0,0,
24.92,39877,0,131072,0,0,
24.94,40138,0,131072,0,0,
24.96,40273,0,131072,0,0,
24.98,38497,0,131072,0,0,
25,39891,0,131072,0,0,
25.02,42269,0,131072,0,0,
25.04,41191,0,131072,0,0,
25.06,37994,0,131072,0,0,
25.08,41313,0,131072,0,0,
25.1,38252,0,131072,0,0,
25.12,41469,0,131072,0,0,
25.14,38578,0,131072,0,0,
25.16,41253,0,131072,0,0,
25.18,38883,0,131072,0,0,
25.2,39079,0,131072,0,0,
25.22,39038,0,131072,0,0,
25.24,36864,0,131072,0,0,
25.26,38271,0,131072,0,0,
25.28,37261,0,131072,0,0,
25.3,35169,0,131072,0,0,
25.32,35726,0,131072,0,0,
25.34,38543,0,131072,0,0,
25.36,37077,0,131072,0,0,
25.38,39203,0,131072,0,0,
25.4,43645,0,131072,0,0,
25.42,41683,0,131072,0,0,
25.44,38254,0,131072,0,0,
25.46,40236,0,131072,0,0,
25.48,37333,0,131072,0,0,
25.5,39515,0,131072,0,0,
25.52,38518,0,131072,0,0,
25.54,37900,0,131072,0,0,
25.56,39082,0,131072,0,0,
25.58,36420,0,131072,0,0,
25.6,37935,0,131072,0,0,
25.62,36884,0,131072,0,0,
25.64,36327,0,131072,0,0,
25.66,38384,0,131072,0,0,
25.68,36670,0,131072,0,0,
25.7,37584,0,131072,0,0,
25.72,38558,0,131072,0,0,
25.74,36410,0,131072,0,0,
25.76,40281,0,131072,0,0,
25.78,37163,0,131072,0,0,
25.8,40388,0,131072,0,0,
25.82,38070,0,131072,0,0,
25.84,41058,0,131072,0,0,
25.86,38025,0,131072,0,0,
25.88,40810,0,131072,0,0,
25.9,38323,0,131072,0,0,
25.92,39320,0,131072,0,0,
25.94,39022,0,131072,0,0,
25.96,37111,0,131072,0,0,
25.98,34990,0,131072,0,0,
26,34991,0,131072,0,0,
26.02,36461,0,131072,0,0,
26.04,36246,0,131072,0,0,
26.06,35004,0,131072,0,0,
26.08,33782,0,131072,0,0,
26.1,34910,0,131072,0,0,
26.12,35284,0,131072,0,0,
26.14,35357,0,131072,0,0,
26.16,34559,0,131072,0,0,
26.18,34313,0,131072,0,0,
26.2,34393,0,131072,0,0,
26.22,36900,0,131072,0,0,
26.24,36920,0,131072,0,0,
26.26,34889,0,131072,0,0,
26.28,37169,0,131072,0,0,
26.3,36198,0,131072,0,0,
26.32,35217,0,131072,0,0,
26.34,36223,0,131072,0,0,
26.36,36342,0,131072,0,0,
26.38,38979,0,131072,0,0,
26.4,38336,0,131072,0,0,
26.42,43221,0,131072,0,0,
26.44,40348,0,131072,0,0,
26.46,41713,0,131072,0,0,
26.48,40105,0,131072,0,0,
26.5,36933,0,131072,0,0,
26.52,39561,0,131072,0,0,
26.54,38754,0,131072,0,0,
26.56,35538,0,131072,0,0,
26.58,36872,0,131072,0,0,
26.6,37667,0,131072,0,0,
26.62,36136,0,131072,0,0,
26.64,34815,0,131072,0,0,
26.66,34687,0,131072,0,0,
26.68,37362,0,131072,0,0,
26.7,35751,0,131072,0,0,
26.72,37081,0,131072,0,0,
26.74,37782,0,131072,0,0,
26.76,42830,0,131072,0,0,
26.78,40642,0,131072,0,0,
26.8,41393,0,131072,0,0,
26.82,39746,0,131072,0,0,
26.84,37576,0,131072,0,0,
26.86,35687,0,131072,0,0,
26.88,36049,0,131072,0,0,
26.9,36330,0,131072,0,0,
26.92,35477,0,131072,0,0,
26.94,34426,0,131072,0,0,
26.96,33530,0,131072,0,0,
26.98,34807,0,131072,0,0,
27,34611,0,131072,0,0,
27.02,35340,0,131072,0,0,
27.04,34662,0,131072,0,0,
27.06,33873,0,131072,0,0,
27.08,33615,0,131072,0,0,
27.1,36867,0,131072,0,0,
27.12,35887,0,131072,0,0,
27.14,34860,0,131072,0,0,
27.16,36612,0,131072,0,0,
27.18,35726,0,131072,0,0,
27.2,34790,0,131072,0,0,
27.22,36485,0,131072,0,0,
27.24,35774,0,131072,0,0,
27.26,34118,0,131072,0,0,
27.28,34908,0,131072,0,0,
27.3,36840,0,131072,0,0,
27.32,37921,0,131072,0,0,
27.34,35964,0,131072,0,0,
27.36,39198,0,131072,0,0,
27.38,36305,0,131072,0,0,
27.4,39420,0,131072,0,0,
27.42,38058,0,131072,0,0,
27.44,41040,0,131072,0,0,
27.46,38406,0,131072,0,0,
27.48,39993,0,131072,0,0,
27.5,39472,0,131072,0,0,
27.52,36586,0,131072,0,0,
27.54,37693,0,131072,0,0,
27.56,37172,0,131072,0,0,
27.58,35521,0,131072,0,0,
27.6,36935,0,131072,0,0,
27.62,36784,0,131072,0,0,
27.64,35607,0,131072,0,0,
27.66,39124,0,131072,0,0,
27.68,36672,0,131072,0,0,
27.7,41054,0,131072,0,0,
27.72,37830,0,131072,0,0,
27.74,39030,0,131072,0,0,
27.76,38165,0,131072,0,0,
27.78,36298,0,131072,0,0,
27.8,36014,0,131072,0,0,
27.82,36234,0,131072,0,0,
27.84,35312,0,131072,0,0,
27.86,34265,0,131072,0,0,
27.88,35855,0,131072,0,0,
27.9,35784,0,131072,0,0,
27.92,34932,0,131072,0,0,
27.94,34758,0,131072,0,0,
27.96,34502,0,131072,0,0,
27.98,37439,0,131072,0,0,
28,36348,0,131072,0,0,
28.02,36292,0,131072,0,0,
28.04,38574,0,131072,0,0,
28.06,35912,0,131072,0,0,
28.08,39634,0,131072,0,0,
28.1,37386,0,131072,0,0,
28.12,40950,0,131072,0,0,
28.14,43263,0,131072,0,0,
28.16,41703,0,131072,0,0,
28.18,38632,0,131072,0,0,
28.2,36168,0,131072,0,0,
28.22,35440,0,131072,0,0,
28.24,37245,0,131072,0,0,
28.26,36141,0,131072,0,0,
28.28,34411,0,131072,0,0,
28.3,33970,0,131072,0,0,
28.32,34867,0,131072,0,0,
28.34,36224,0,131072,0,0,
28.36,33906,0,131072,0,0,
28.38,37609,0,131072,0,0,
28.4,37742,0,131072,0,0,
28.42,39221,0,131072,0,0,
28.44,36828,0,131072,0,0,
28.46,38860,0,131072,0,0,
28.48,38023,0,131072,0,0,
28.5,35318,0,131072,0,0,
28.52,36921,0,131072,0,0,
28.54,36577,0,131072,0,0,
28.56,35286,0,131072,0,0,
28.58,34373,0,131072,0,0,
28.6,33713,0,131072,0,0,
28.62,36500,0,131072,0,0,
28.64,35735,0,131072,0,0,
28.66,38380,0,131072,0,0,
28.68,38304,0,131072,0,0,
28.7,40293,0,131072,0,0,
28.72,39500,0,131072,0,0,
28.74,36831,0,131072,0,0,
28.76,36273,0,131072,0,0,
28.78,37629,0,131072,0,0,
28.8,36165,0,131072,0,0,
28.82,34523,0,131072,0,0,
28.84,34437,0,131072,0,0,
28.86,35089,0,131072,0,0,
28.88,34970,0,131072,0,0,
28.9,34347,0,131072,0,0,
28.92,35355,0,131072,0,0,
28.94,35253,0,131072,0,0,
28.96,34368,0,131072,0,0,
28.98,33807,0,131072,0,0,
29,36056,0,131072,0,0,
29.02,35313,0,131072,0,0,
29.04,34629,0,131072,0,0,
29.06,37944,0,131072,0,0,
29.08,35516,0,131072,0,0,
29.1,37809,0,131072,0,0,
29.12,36502,0,131072,0,0,
29.14,34894,0,131072,0,0,
29.16,35876,0,131072,0,0,
29.18,37029,0,131072,0,0,
29.2,37836,0,131072,0,0,
29.22,39024,0,131072,0,0,
29.24,35576,0,131072,0,0,
29.26,37483,0,131072,0,0,
29.28,36782,0,131072,0,0,
29.3,-13700,0,0,0,0,
29.32,-632,0,0,0,0,
29.34,1166,0,0,0,0,
29.36,846,0,0,0,0,
29.38,1009,0,0,0,0,
29.4,1170,0,0,0,0,
29.42,1425,0,0,0,0,
29.44,1843,0,0,0,0,
29.46,34,0,0,0,0,
29.48,54,0,0,0,0,
29.5,-13,0,0,0,0,
29.52,15,0,0,0,0,
29.54,31,0,0,0,0,
29.56,21,0,0,0,0,
29.58,-39,0,0,0,0,
29.6,85,0,0,0,0,
29.62,352,0,0,0,0,
29.64,167,0,0,0,0,
29.66,73,0,0,0,0,
29.68,112,0,0,0,0,
29.7,71,0,0,0,0,
29.72,68,0,0,0,0,
29.74,9,0,0,0,0,
29.76,22,0,0,0,0,
29.78,52,0,0,0,0,
29.8,35,0,0,0,0,
29.82,48,0,0,0,0,
29.84,108,0,0,0,0,
29.86,58,0,0,0,0,
29.88,6,0,0,0,0,
29.9,-5,0,0,0,0,
29.92,66,0,0,0,0,
29.94,72,0,0,0,0,
29.96,54,0,0,0,0,
29.98,14,0,0,0,0,
30,98,0,0,0,0,
30.02,93,0,0,0,0,
30.04,100,0,0,0,0,
30.06,70,0,0,0,0,
30.08,65,0,0,0,0,
30.1,104,0,0,0,0,
30.12,30,0,0,0,0,
30.14,26,0,0,0,0,
30.16,41,0,0,0,0,
30.18,74,0,0,0,0,
30.2,172,0,0,0,0,
30.22,38,0,0,0,0,
30.24,70,0,0,0,0,
30.26,42,0,0,0,0,
30.28,68,0,0,0,0,
30.3,76,0,0,0,0,
30.32,10,0,0,0,0,
30.34,50,0,0,0,0,
30.36,56,0,0,0,0,
30.38,11,0,0,0,0,
30.4,30,0,0,0,0,
30.42,37,0,0,0,0,
30.44,46,0,0,0,0,
30.46,5,0,0,0,0,
30.48,-5,0,0,0,0,
30.5,42,0,0,0,0,
30.52,101,0,0,0,0,
30.54,42,0,0,0,0,
30.56,-29,0,0,0,0,
30.58,9,0,0,0,0,
30.6,-18,0,0,0,0,
30.62,349,0,0,0,0,
30.64,35,0,0,0,0,
30.66,0,0,0,0,0,
30.68,-5,0,0,0,0,
30.7,-3,0,0,0,0,
30.72,-7,0,0,0,0,
30.74,0,0,0,0,0,
30.76,-10,0,0,0,0,
30.78,8,0,0,0,0,
30.8,-7,0,0,0,0,
30.82,-1,0,0,0,0,
30.84,-3,0,0,0,0,
30.86,-5,0,0,0,0,
30.88,-1,0,0,0,0,
30.9,2,0,0,0,0,
30.92,3,0,0,0,0,
30.94,-22,0,0,0,0,
30.96,-1,0,0,0,0,
30.98,3,0,0,0,0,
31,-1,0,0,0,0,
31.02,-2,0,0,0,0,
31.04,-4,0,0,0,0,
31.06,-10,0,0,0,0,
31.08,-11,0,0,0,0,
31.1,-2,0,0,0,0,
31.12,-9,0,0,0,0,
31.14,-3,0,0,0,0,
31.16,-2,0,0,0,0,
31.18,0,0,0,0,0,
31.2,2,0,0,0,0,
31.22,0,0,0,0,0,
31.24,-3,0,0,0,0,
31.26,3,0,0,0,0,
31.28,3,0,0,0,0,
31.3,-11,0,0,0,0,
31.32,4,0,0,0,0,
31.34,-3,0,0,0,0,
31.36,7,0,0,0,0,
31.38,-8,0,0,0,0,
31.4,-6,0,0,0,0,
31.42,-14,0,0,0,0,
31.44,-10,0,0,0,0,
31.46,-5,0,0,0,0,
31.48,-1,0,0,0,0,
31.5,-11,0,0,0,0,
31.52,5,0,0,0,0,
31.54,-1,0,0,0,0,
31.56,-5,0,0,0,0,
31.58,-9,0,0,0,0,
31.6,-11,0,0,0,0,
31.62,-10,0,0,0,0,
31.64,-2,0,0,0,0,
31.66,-9,0,0,0,0,
31.68,-13,0,0,0,0,
31.7,-13,0,0,0,0,
31.72,0,0,0,0,0,
31.74,-15,0,0,0,0,
31.76,-12,0,0,0,0,
31.78,-3,0,0,0,0,
31.8,-22,0,0,0,0,
31.82,-13,0,0,0,0,
31.84,-2,0,0,0,0,
31.86,-15,0,0,0,0,
31.88,-1,0,0,0,0,
31.9,1,0,0,0,0,
31.92,-7,0,0,0,0,
31.94,7,0,0,0,0,
31.96,-1,0,0,0,0,
31.98,-3,0,0,0,0,
32,5,0,0,0,0,
32.02,-1,0,0,0,0,
