time [s],current,servo1.encoder.angularVelocity,servo1.velocitySetpoint,servo2.encoder.angularVelocity,velocity_ic,
3e-07,0,-632175,-3.7358e+06,0,0,
0.02,0,-2.42673e+06,-5.28098e+06,0,0,
0.04,0,-3.89648e+06,-6.74286e+06,0,0,
0.06,0,-5.4619e+06,-8.09841e+06,0,0,
0.08,0,-6.90994e+06,-9.32624e+06,0,0,
0.1,0,-8.44227e+06,-1.0407e+07,0,0,
0.12,0,-9.69401e+06,-1.13236e+07,0,0,
0.14,0,-1.03486e+07,-1.20617e+07,0,0,
0.16,0,-1.15021e+07,-1.26095e+07,0,0,
0.18,0,-1.2473e+07,-1.29706e+07,0,0,
0.2,0,-1.29457e+07,-1.31031e+07,0,0,
0.22,0,-1.3223e+07,-1.3041e+07,0,0,
0.24,0,-1.3512e+07,-1.27733e+07,0,0,
0.26,0,-1.33831e+07,-1.22755e+07,0,0,
0.28,0,-1.30602e+07,-1.1641e+07,0,0,
0.3,0,-1.26621e+07,-1.07942e+07,0,0,
0.32,0,-1.17612e+07,-9.7772e+06,0,0,
0.34,0,-1.08774e+07,-8.54372e+06,0,0,
0.36,0,-9.81046e+06,-7.29908e+06,0,0,
0.38,0,-8.63924e+06,-5.87705e+06,0,0,
0.4,0,-7.38343e+06,-4.36233e+06,0,0,
0.42,0,-5.9455e+06,-2.77882e+06,0,0,
0.44,0,-4.12873e+06,-1.15148e+06,0,0,
0.46,0,-2.25245e+06,411707,0,0,
0.48,0,-514688,2.05042e+06,0,0,
0.5,0,1.18671e+06,3.65679e+06,0,0,
0.52,0,2.60102e+06,5.2055e+06,0,0,
0.54,0,4.06978e+06,6.67211e+06,0,0,
0.56,0,5.64554e+06,8.09841e+06,0,0,
0.58,0,6.99788e+06,9.26819e+06,0,0,
0.6,0,8.42778e+06,1.03567e+07,0,0,
0.62,0,9.80705e+06,1.12819e+07,0,0,
0.64,0,1.09604e+07,1.20292e+07,0,0,
0.66,0,1.19436e+07,1.25868e+07,0,0,
0.68,0,1.24044e+07,1.29458e+07,0,0,
0.7,0,1.31515e+07,1.31007e+07,0,0,
0.72,0,1.33566e+07,1.3049e+07,0,0,
0.74,0,1.36181e+07,1.27915e+07,0,0,
0.76,0,1.35373e+07,1.23323e+07,0,0,
0.78,0,1.31308e+07,1.16786e+07,0,0,
0.8,0,1.27283e+07,1.08407e+07,0,0,
0.82,0,1.181e+07,9.7772e+06,0,0,
0.84,0,1.07687e+07,8.66795e+06,0,0,
0.86,0,9.7718e+06,7.36734e+06,0,0,
0.88,0,8.72257e+06,5.95054e+06,0,0,
0.9,0,7.07544e+06,4.36233e+06,0,0,
0.92,0,5.49949e+06,2.85925e+06,0,0,
0.94,0,3.93581e+06,1.2335e+06,0,0,
0.96,0,2.23267e+06,-411707,0,0,
0.98,0,566339,-2.13172e+06,0,0,
1,0,-823652,-3.65679e+06,0,0,
1.02,0,-2.32945e+06,-5.2055e+06,0,0,
1.04,0,-3.94049e+06,-6.67211e+06,0,0,
1.06,0,-5.40733e+06,-8.0335e+06,0,0,
1.08,0,-6.99255e+06,-9.26819e+06,0,0,
1.1,0,-8.30196e+06,-1.03567e+07,0,0,
1.12,0,-9.54075e+06,-1.12819e+07,0,0,
1.14,0,-1.06443e+07,-1.20292e+07,0,0,
1.16,0,-1.15348e+07,-1.25868e+07,0,0,
1.18,0,-1.24842e+07,-1.29458e+07,0,0,
1.2,0,-1.29134e+07,-1.31031e+07,0,0,
1.22,0,-1.33056e+07,-1.3049e+07,0,0,
1.24,0,-1.34708e+07,-1.27915e+07,0,0,
1.26,0,-1.33872e+07,-1.23323e+07,0,0,
1.28,0,-1.3092e+07,-1.16786e+07,0,0,
1.3,0,-1.26059e+07,-1.08407e+07,0,0,
1.32,0,-1.2148e+07,-9.83186e+06,0,0,
1.34,0,-1.11465e+07,-8.66795e+06,0,0,
1.36,0,-1.01775e+07,-7.36734e+06,0,0,
1.38,0,-8.96791e+06,-5.95054e+06,0,0,
1.4,0,-7.51054e+06,-4.4399e+06,0,0,
1.42,0,-5.95632e+06,-2.85925e+06,0,0,
1.44,0,-4.22468e+06,-1.15148e+06,0,0,
1.46,0,-2.4361e+06,329385,0,0,
1.48,0,-622967,1.96904e+06,0,0,
1.5,0,1.08863e+06,3.57764e+06,0,0,
1.52,0,2.58866e+06,5.12981e+06,0,0,
1.54,0,4.0383e+06,6.60109e+06,0,0,
1.56,0,5.64169e+06,7.96826e+06,0,0,
1.58,0,7.10734e+06,9.20977e+06,0,0,
1.6,0,8.48836e+06,1.03567e+07,0,0,
1.62,0,9.78472e+06,1.12398e+07,0,0,
1.64,0,1.09012e+07,1.19962e+07,0,0,
1.66,0,1.18159e+07,1.25635e+07,0,0,
1.68,0,1.26105e+07,1.29458e+07,0,0,
1.7,0,1.31005e+07,1.30979e+07,0,0,
1.72,0,1.34142e+07,1.30565e+07,0,0,
1.74,0,1.36257e+07,1.28092e+07,0,0,
1.76,0,1.34822e+07,1.236e+07,0,0,
1.78,0,1.31879e+07,1.17158e+07,0,0,
1.8,0,1.26747e+07,1.08868e+07,0,0,
1.82,0,1.18792e+07,9.88612e+06,0,0,
1.84,0,1.07775e+07,8.72955e+06,0,0,
1.86,0,9.747e+06,7.36734e+06,0,0,
1.88,0,8.44537e+06,6.0238e+06,0,0,
1.9,0,7.04676e+06,4.5173e+06,0,0,
1.92,0,5.50581e+06,2.93956e+06,0,0,
1.94,0,4.0313e+06,1.31546e+06,0,0,
1.96,0,2.18892e+06,-329385,0,0,
1.98,0,590814,-1.96904e+06,0,0,
2,0,-901008,-3.65679e+06,0,0,
2.02,0,-2.4033e+06,-5.2055e+06,0,0,
2.04,0,-3.8991e+06,-6.67211e+06,0,0,
2.06,0,-5.40172e+06,-7.96826e+06,0,0,
2.08,0,-6.94118e+06,-9.20977e+06,0,0,
2.1,0,-8.21135e+06,-1.0306e+07,0,0,
2.12,0,-9.6342e+06,-1.12398e+07,0,0,
2.14,0,-1.0596e+07,-1.19962e+07,0,0,
2.16,0,-1.15848e+07,-1.25635e+07,0,0,
2.18,0,-1.24094e+07,-1.29327e+07,0,0,
2.2,0,-1.27629e+07,-1.30979e+07,0,0,
2.22,0,-1.32857e+07,-1.30565e+07,0,0,
2.24,0,-1.34382e+07,-1.27915e+07,0,0,
2.26,0,-1.33171e+07,-1.23323e+07,0,0,
2.28,0,-1.29978e+07,-1.17158e+07,0,0,
2.3,0,-1.2543e+07,-1.08868e+07,0,0,
2.32,0,-1.17818e+07,-9.88612e+06,0,0,
2.34,0,-1.08803e+07,-8.66795e+06,0,0,
2.36001,0,-9.95171e+06,-7.43531e+06,0,0,
2.38,0,-8.7216e+06,-6.0238e+06,0,0,
2.4,0,-7.44474e+06,-4.4399e+06,0,0,
2.42,0,-6.00425e+06,-2.85925e+06,0,0,
2.44,0,-4.28156e+06,-1.2335e+06,0,0,
2.46,0,-2.58378e+06,247050,0,0,
2.48,0,-726634,1.96904e+06,0,0,
2.5,0,968326,3.49834e+06,0,0,
2.52,0,2.46826e+06,5.05393e+06,0,0,
2.54,0,3.97147e+06,6.52981e+06,0,0,
2.56,0,5.46179e+06,7.96826e+06,0,0,
2.58,0,6.92344e+06,9.15099e+06,0,0,
2.60004,0,8.35757e+06,1.0255e+07,0,0,
2.62,0,9.6831e+06,1.12398e+07,0,0,
2.64,0,1.07731e+07,1.19628e+07,0,0,
2.66,0,1.1743e+07,1.25635e+07,0,0,
2.68,0,1.2481e+07,1.2919e+07,0,0,
2.7,0,1.30277e+07,1.30979e+07,0,0,
2.72,0,1.34044e+07,1.30635e+07,0,0,
2.74,0,1.35606e+07,1.28092e+07,0,0,
2.76,0,1.34198e+07,1.236e+07,0,0,
2.78,0,1.32357e+07,1.17525e+07,0,0,
2.8,0,1.27352e+07,1.09324e+07,0,0,
2.82,0,1.19172e+07,9.88612e+06,0,0,
2.84,0,1.09999e+07,8.79081e+06,0,0,
2.86,0,9.74587e+06,7.50298e+06,0,0,
2.88,0,8.63618e+06,6.09683e+06,0,0,
2.9,0,7.1482e+06,4.5173e+06,0,0,
2.92,0,5.56984e+06,2.93956e+06,0,0,
2.94,0,4.20052e+06,1.39737e+06,0,0,
2.96,0,2.35165e+06,-329385,0,0,
2.98,0,696546,-1.96904e+06,0,0,
3,0,-601789,-3.49834e+06,0,0,
3.02,0,-2.1092e+06,-5.05393e+06,0,0,
3.04,0,-3.73378e+06,-6.60109e+06,0,0,
3.06,0,-5.27591e+06,-7.96826e+06,0,0,
3.08,0,-6.75066e+06,-9.20977e+06,0,0,
3.1,0,-8.1098e+06,-1.0255e+07,0,0,
3.12,0,-9.44602e+06,-1.12398e+07,0,0,
3.14001,0,-1.06585e+07,-1.19962e+07,0,0,
3.16,0,-1.16831e+07,-1.25398e+07,0,0,
3.18,0,-1.22515e+07,-1.2919e+07,0,0,
3.2,0,-1.29473e+07,-1.30945e+07,0,0,
3.22,0,-1.32791e+07,-1.30565e+07,0,0,
3.24,0,-1.34934e+07,-1.28092e+07,0,0,
3.26,0,-1.34314e+07,-1.23871e+07,0,0,
3.28,0,-1.29763e+07,-1.17525e+07,0,0,
3.3,0,-1.2527e+07,-1.09324e+07,0,0,
3.32,0,-1.2031e+07,-9.88612e+06,0,0,
3.34,0,-1.12137e+07,-8.79081e+06,0,0,
3.36,0,-1.01558e+07,-7.43531e+06,0,0,
3.38,0,-8.95979e+06,-6.09683e+06,0,0,
3.4,0,-7.59396e+06,-4.59452e+06,0,0,
3.42,0,-6.03799e+06,-3.01976e+06,0,0,
3.44,0,-4.33689e+06,-1.39737e+06,0,0,
3.46,0,-2.70577e+06,247050,0,0,
3.48,0,-793131,1.80604e+06,0,0,
3.5,0,844557,3.49834e+06,0,0,
3.52,0,2.36567e+06,4.97784e+06,0,0,
3.54,0,3.8945e+06,6.52981e+06,0,0,
3.56,0,5.26052e+06,7.83686e+06,0,0,
3.58,0,6.89686e+06,9.09185e+06,0,0,
3.6,0,8.14925e+06,1.0255e+07,0,0,
3.62,0,9.60256e+06,1.11972e+07,0,0,
3.64,0,1.0709e+07,1.19289e+07,0,0,
3.66,0,1.16501e+07,1.25398e+07,0,0,
3.68,0,1.24146e+07,1.2919e+07,0,0,
3.7,0,1.30191e+07,1.30945e+07,0,0,
3.72,0,1.34293e+07,1.307e+07,0,0,
3.74,0,1.35435e+07,1.28432e+07,0,0,
3.76,0,1.35016e+07,1.23871e+07,0,0,
3.78,0,1.31904e+07,1.17525e+07,0,0,
3.8,0,1.2675e+07,1.09324e+07,0,0,
3.82,0,1.18761e+07,9.94e+06,0,0,
3.84,0,1.10047e+07,8.85172e+06,0,0,
3.86,0,9.97102e+06,7.50298e+06,0,0,
3.88,0,8.54564e+06,6.16961e+06,0,0,
3.9,0,7.23049e+06,4.67156e+06,0,0,
3.92,0,5.72112e+06,3.09984e+06,0,0,
3.94,0,4.10971e+06,1.47923e+06,0,0,
3.96,0,2.47524e+06,-247050,0,0,
3.98,0,819312,-1.80604e+06,0,0,
4,0,-543014,-3.4189e+06,0,0,
4.02,0,-2.05096e+06,-5.05393e+06,0,0,
4.04,0,-3.64223e+06,-6.52981e+06,0,0,
4.06,0,-5.14338e+06,-7.83686e+06,0,0,
4.08,0,-6.64684e+06,-9.15099e+06,0,0,
4.1,0,-8.06616e+06,-1.0255e+07,0,0,
4.12,0,-9.53092e+06,-1.11972e+07,0,0,
4.14,0,-1.05316e+07,-1.19289e+07,0,0,
4.16002,0,-1.15261e+07,-1.25156e+07,0,0,
4.18,0,-1.23174e+07,-1.2919e+07,0,0,
4.2,0,-1.28716e+07,-1.30945e+07,0,0,
4.22,0,-1.34102e+07,-1.30635e+07,0,0,
4.24,0,-1.33698e+07,-1.28265e+07,0,0,
4.26,0,-1.33387e+07,-1.23871e+07,0,0,
4.28,0,-1.30848e+07,-1.17525e+07,0,0,
4.3,0,-1.26613e+07,-1.09324e+07,0,0,
4.32,0,-1.20451e+07,-9.99349e+06,0,0,
4.34,0,-1.10751e+07,-8.79081e+06,0,0,
4.36,0,-1.02323e+07,-7.50298e+06,0,0,
4.38,0,-8.96982e+06,-6.16961e+06,0,0,
4.4,0,-7.53531e+06,-4.59452e+06,0,0,
4.42,0,-6.21515e+06,-3.01976e+06,0,0,
4.44,0,-4.39364e+06,-1.39737e+06,0,0,
4.46,0,-2.7638e+06,82354,0,0,
4.48,0,-907349,1.72444e+06,0,0,
4.5,0,829997,3.4189e+06,0,0,
4.52,0,2.38642e+06,4.97784e+06,0,0,
4.54,0,3.7902e+06,6.38648e+06,0,0,
4.56,0,5.22684e+06,7.83686e+06,0,0,
4.58,0,6.82884e+06,9.09185e+06,0,0,
4.6,0,8.35064e+06,1.02035e+07,0,0,
4.62,0,9.56734e+06,1.11542e+07,0,0,
4.64,0,1.07382e+07,1.19289e+07,0,0,
4.66,0,1.16371e+07,1.25156e+07,0,0,
4.68,0,1.25367e+07,1.29049e+07,0,0,
4.7,0,1.30406e+07,1.30906e+07,0,0,
4.72,0,1.33216e+07,1.307e+07,0,0,
4.74,0,1.34935e+07,1.28432e+07,0,0,
4.76,0,1.33549e+07,1.24138e+07,0,0,
4.78,0,1.32017e+07,1.17887e+07,0,0,
4.8,0,1.262e+07,1.09776e+07,0,0,
4.82,0,1.19687e+07,9.99349e+06,0,0,
4.84,0,1.09806e+07,8.85172e+06,0,0,
4.86,0,1.00211e+07,7.57036e+06,0,0,
4.88,0,8.6362e+06,6.24215e+06,0,0,
4.9,0,7.27602e+06,4.67156e+06,0,0,
4.92,0,5.77777e+06,3.09984e+06,0,0,
4.94001,0,4.20177e+06,1.56103e+06,0,0,
4.96,0,2.60721e+06,-82354,0,0,
4.98,0,780047,-1.80604e+06,0,0,
5,0,-675212,-3.4189e+06,0,0,
5.02,0,-2.11875e+06,-4.97784e+06,0,0,
5.04,0,-3.67118e+06,-6.45828e+06,0,0,
5.06,0,-5.09675e+06,-7.83686e+06,0,0,
5.08,0,-6.59001e+06,-9.09185e+06,0,0,
5.1,0,-8.03852e+06,-1.02035e+07,0,0,
5.12,0,-9.35623e+06,-1.11542e+07,0,0,
5.14,0,-1.03709e+07,-1.19289e+07,0,0,
5.16,0,-1.15557e+07,-1.25398e+07,0,0,
5.18,0,-1.2184e+07,-1.29049e+07,0,0,
5.2,0,-1.27336e+07,-1.30906e+07,0,0,
5.22,0,-1.32576e+07,-1.307e+07,0,0,
5.24,0,-1.34064e+07,-1.28432e+07,0,0,
5.26,0,-1.32591e+07,-1.24138e+07,0,0,
5.28,0,-1.30745e+07,-1.17887e+07,0,0,
5.3,0,-1.26802e+07,-1.09776e+07,0,0,
5.32,0,-1.20813e+07,-9.99349e+06,0,0,
5.34,0,-1.13068e+07,-8.85172e+06,0,0,
5.36,0,-1.0283e+07,-7.57036e+06,0,0,
5.38,0,-9.03708e+06,-6.16961e+06,0,0,
5.4,0,-7.79141e+06,-4.67156e+06,0,0,
5.42,0,-6.21496e+06,-3.09984e+06,0,0,
5.44,0,-4.53045e+06,-1.47923e+06,0,0,
5.46,0,-2.70522e+06,82354,0,0,
5.48,0,-1.04819e+06,1.72444e+06,0,0,
5.5,0,761107,3.33933e+06,0,0,
5.52,0,2.0996e+06,4.82508e+06,0,0,
5.54,0,3.69912e+06,6.38648e+06,0,0,
5.56,0,5.34546e+06,7.77069e+06,0,0,
5.58,0,6.67289e+06,9.03235e+06,0,0,
5.6,0,8.15625e+06,1.01516e+07,0,0,
5.62,0,9.57305e+06,1.11107e+07,0,0,
5.64,0,1.06522e+07,1.18946e+07,0,0,
5.66,0,1.15921e+07,1.24909e+07,0,0,
5.68,0,1.24104e+07,1.28902e+07,0,0,
5.7,0,1.28783e+07,1.30862e+07,0,0,
5.72,0,1.3385e+07,1.30759e+07,0,0,
5.74,0,1.35378e+07,1.28594e+07,0,0,
5.76,0,1.35009e+07,1.244e+07,0,0,
5.78,0,1.33312e+07,1.18244e+07,0,0,
5.8,0,1.27135e+07,1.10224e+07,0,0,
5.82,0,1.18549e+07,1.00466e+07,0,0,
5.84,0,1.11372e+07,8.91228e+06,0,0,
5.86,0,1.00954e+07,7.63744e+06,0,0,
5.88,0,8.71023e+06,6.24215e+06,0,0,
5.9,0,7.45661e+06,4.74842e+06,0,0,
5.92,0,5.97576e+06,3.1798e+06,0,0,
5.94,0,4.30331e+06,1.56103e+06,0,0,
5.96,0,2.63772e+06,-82354,0,0,
5.98,0,848407,-1.72444e+06,0,0,
6,0,-565439,-3.33933e+06,0,0,
6.02,0,-1.96946e+06,-4.90156e+06,0,0,
6.04,0,-3.56738e+06,-6.38648e+06,0,0,
6.06,0,-5.05269e+06,-7.77069e+06,0,0,
6.08,0,-6.49991e+06,-9.03235e+06,0,0,
6.1,0,-7.94234e+06,-1.01516e+07,0,0,
6.12,0,-9.40005e+06,-1.11107e+07,0,0,
6.14,0,-1.04867e+07,-1.18946e+07,0,0,
6.16,0,-1.14897e+07,-1.24909e+07,0,0,
6.18,0,-1.22318e+07,-1.28902e+07,0,0,
6.2,0,-1.283e+07,-1.30862e+07,0,0,
6.22,0,-1.32696e+07,-1.30759e+07,0,0,
6.24,0,-1.33519e+07,-1.28594e+07,0,0,
6.26,0,-1.33362e+07,-1.244e+07,0,0,
6.28,0,-1.30003e+07,-1.18244e+07,0,0,
6.3,0,-1.26787e+07,-1.10224e+07,0,0,
6.32,0,-1.21114e+07,-1.00466e+07,0,0,
6.34,0,-1.12546e+07,-8.91228e+06,0,0,
6.36,0,-1.03399e+07,-7.63744e+06,0,0,
6.38,0,-9.07838e+06,-6.24215e+06,0,0,
6.4,0,-7.97137e+06,-4.74842e+06,0,0,
6.42,0,-6.43275e+06,-3.1798e+06,0,0,
6.44005,0,-4.61245e+06,-1.56103e+06,0,0,
6.46,0,-2.90701e+06,0,0,0,
6.48,0,-1.18168e+06,1.64277e+06,0,0,
6.5,0,488512,3.25963e+06,0,0,
6.52,0,1.99332e+06,4.82508e+06,0,0,
6.54,0,3.54774e+06,6.31444e+06,0,0,
6.56,0,5.22141e+06,7.70422e+06,0,0,
6.58,0,6.60609e+06,8.9725e+06,0,0,
6.6,0,8.0967e+06,1.00993e+07,0,0,
6.62,0,9.37391e+06,1.10668e+07,0,0,
6.64,0,1.05386e+07,1.18597e+07,0,0,
6.66,0,1.15775e+07,1.24657e+07,0,0,
6.68,0,1.23545e+07,1.2875e+07,0,0,
6.7,0,1.29274e+07,1.30813e+07,0,0,
6.72,0,1.34477e+07,1.30813e+07,0,0,
6.74,0,1.35098e+07,1.2875e+07,0,0,
6.76,0,1.35536e+07,1.24657e+07,0,0,
6.78,0,1.33543e+07,1.18597e+07,0,0,
6.8,0,1.27302e+07,1.10668e+07,0,0,
6.82,0,1.19772e+07,1.00993e+07,0,0,
6.84,0,1.11328e+07,8.9725e+06,0,0,
6.86,0,1.00046e+07,7.70422e+06,0,0,
6.88,0,8.86918e+06,6.31444e+06,0,0,
6.9,0,7.51794e+06,4.74842e+06,0,0,
6.92,0,5.92681e+06,3.25963e+06,0,0,
6.94,0,4.41236e+06,1.64277e+06,0,0,
6.96,0,2.79233e+06,0,0,0,
6.98,0,975223,-1.64277e+06,0,0,
7,0,-484512,-3.25963e+06,0,0,
7.02,0,-1.81391e+06,-4.82508e+06,0,0,
7.04,0,-3.49662e+06,-6.31444e+06,0,0,
7.06,0,-4.95902e+06,-7.70422e+06,0,0,
7.08,0,-6.40358e+06,-8.9725e+06,0,0,
7.1,0,-7.89952e+06,-1.00993e+07,0,0,
7.12,0,-9.26724e+06,-1.10668e+07,0,0,
7.14,0,-1.02726e+07,-1.18597e+07,0,0,
7.16,0,-1.15127e+07,-1.24657e+07,0,0,
7.18,0,-1.21706e+07,-1.2875e+07,0,0,
7.2,0,-1.26474e+07,-1.30813e+07,0,0,
7.22,0,-1.31697e+07,-1.30813e+07,0,0,
7.24,0,-1.34029e+07,-1.2875e+07,0,0,
7.26,0,-1.32586e+07,-1.24657e+07,0,0,
7.28,0,-1.3189e+07,-1.18597e+07,0,0,
7.3,0,-1.2729e+07,-1.10668e+07,0,0,
7.32,0,-1.21686e+07,-1.00993e+07,0,0,
7.34,0,-1.14028e+07,-8.9725e+06,0,0,
7.36,0,-1.03796e+07,-7.70422e+06,0,0,
7.38,0,-9.3851e+06,-6.31444e+06,0,0,
7.4,0,-7.89078e+06,-4.82508e+06,0,0,
7.42,0,-6.41897e+06,-3.25963e+06,0,0,
7.44,0,-4.74838e+06,-1.64277e+06,0,0,
7.46,0,-3.06524e+06,0,0,0,
7.48,0,-1.14587e+06,1.56103e+06,0,0,
7.5,0,526964,3.1798e+06,0,0,
7.52,0,1.9847e+06,4.74842e+06,0,0,
7.54,0,3.60275e+06,6.24215e+06,0,0,
7.56,0,5.14174e+06,7.63744e+06,0,0,
7.58,0,6.53173e+06,8.91228e+06,0,0,
7.6,0,8.00289e+06,1.00466e+07,0,0,
7.62,0,9.39511e+06,1.10668e+07,0,0,
7.64,0,1.05313e+07,1.18244e+07,0,0,
7.66,0,1.15258e+07,1.244e+07,0,0,
7.68,0,1.24023e+07,1.28594e+07,0,0,
7.7,0,1.30773e+07,1.30759e+07,0,0,
7.72,0,1.3296e+07,1.30862e+07,0,0,
7.74,0,1.34902e+07,1.28902e+07,0,0,
7.76,0,1.35511e+07,1.24909e+07,0,0,
7.78,0,1.32193e+07,1.18946e+07,0,0,
7.8,0,1.25891e+07,1.11107e+07,0,0,
7.82,0,1.20638e+07,1.01516e+07,0,0,
7.84,0,1.11843e+07,9.03235e+06,0,0,
7.86,0,1.00957e+07,7.77069e+06,0,0,
7.88,0,8.82468e+06,6.38648e+06,0,0,
7.9,0,7.54262e+06,4.90156e+06,0,0,
7.92,0,6.10171e+06,3.33933e+06,0,0,
7.94,0,4.43478e+06,1.64277e+06,0,0,
7.96,0,2.85912e+06,82354,0,0,
7.98,0,1.08869e+06,-1.56103e+06,0,0,
8,0,-443901,-3.1798e+06,0,0,
8.02,0,-1.86925e+06,-4.82508e+06,0,0,
8.04,0,-3.50348e+06,-6.24215e+06,0,0,
8.06,0,-4.994e+06,-7.63744e+06,0,0,
8.08,0,-6.32702e+06,-8.91228e+06,0,0,
8.1,0,-7.74869e+06,-1.00466e+07,0,0,
8.12,0,-9.07338e+06,-1.10224e+07,0,0,
8.14,0,-1.02475e+07,-1.18244e+07,0,0,
8.16,0,-1.13743e+07,-1.244e+07,0,0,
8.18,0,-1.19864e+07,-1.28594e+07,0,0,
8.2,0,-1.27079e+07,-1.30813e+07,0,0,
8.22,0,-1.3057e+07,-1.30862e+07,0,0,
8.24,0,-1.32981e+07,-1.28902e+07,0,0,
8.26,0,-1.33553e+07,-1.24909e+07,0,0,
8.28,0,-1.30813e+07,-1.18946e+07,0,0,
8.3,0,-1.2796e+07,-1.11107e+07,0,0,
8.32,0,-1.20905e+07,-1.01516e+07,0,0,
8.34,0,-1.14231e+07,-8.9725e+06,0,0,
8.36,0,-1.03822e+07,-7.77069e+06,0,0,
8.38,0,-9.22444e+06,-6.38648e+06,0,0,
8.4,0,-7.96472e+06,-4.90156e+06,0,0,
8.42,0,-6.51284e+06,-3.33933e+06,0,0,
8.44,0,-4.96559e+06,-1.72444e+06,0,0,
8.46,0,-3.11368e+06,-82354,0,0,
8.48,0,-1.32325e+06,1.47923e+06,0,0,
8.5,0,469815,3.1798e+06,0,0,
8.52,0,1.92675e+06,4.67156e+06,0,0,
8.54,0,3.51083e+06,6.16961e+06,0,0,
8.56,0,4.99175e+06,7.57036e+06,0,0,
8.58,0,6.55612e+06,8.85172e+06,0,0,
8.6,0,7.93959e+06,9.99349e+06,0,0,
8.62,0,9.30291e+06,1.10224e+07,0,0,
8.64,0,1.0499e+07,1.17887e+07,0,0,
8.66,0,1.15216e+07,1.244e+07,0,0,
8.68,0,1.22609e+07,1.28432e+07,0,0,
8.7,0,1.30048e+07,1.307e+07,0,0,
8.72,0,1.34275e+07,1.30906e+07,0,0,
8.74,0,1.35072e+07,1.29049e+07,0,0,
8.76,0,1.3604e+07,1.25156e+07,0,0,
8.78,0,1.33102e+07,1.19289e+07,0,0,
8.8,0,1.27415e+07,1.11542e+07,0,0,
8.82,0,1.21703e+07,1.01516e+07,0,0,
8.84,0,1.1091e+07,9.09185e+06,0,0,
8.86,0,1.00938e+07,7.83686e+06,0,0,
8.88,0,9.01605e+06,6.45828e+06,0,0,
8.9,0,7.62125e+06,4.90156e+06,0,0,
8.92,0,6.04196e+06,3.4189e+06,0,0,
8.94,0,4.42137e+06,1.80604e+06,0,0,
8.96,0,2.99268e+06,164705,0,0,
8.98,0,1.1701e+06,-1.47923e+06,0,0,
9,0,-375029,-3.09984e+06,0,0,
9.02,0,-1.83328e+06,-4.67156e+06,0,0,
9.04,0,-3.24327e+06,-6.16961e+06,0,0,
9.06,0,-4.7348e+06,-7.63744e+06,0,0,
9.08,0,-6.37772e+06,-8.85172e+06,0,0,
9.1,0,-7.78134e+06,-9.99349e+06,0,0,
9.12,0,-9.18751e+06,-1.09776e+07,0,0,
9.14,0,-1.0268e+07,-1.18244e+07,0,0,
9.16,0,-1.11798e+07,-1.244e+07,0,0,
9.18,0,-1.20813e+07,-1.28432e+07,0,0,
9.2,0,-1.27767e+07,-1.307e+07,0,0,
9.22,0,-1.32271e+07,-1.30862e+07,0,0,
9.24,0,-1.33461e+07,-1.29049e+07,0,0,
9.26,0,-1.33582e+07,-1.25156e+07,0,0,
9.28,0,-1.31583e+07,-1.19289e+07,0,0,
9.3,0,-1.27015e+07,-1.11107e+07,0,0,
9.32,0,-1.20446e+07,-1.02035e+07,0,0,
9.34,0,-1.12459e+07,-9.09185e+06,0,0,
9.36,0,-1.04458e+07,-7.77069e+06,0,0,
9.38,0,-9.28672e+06,-6.38648e+06,0,0,
9.4,0,-8.1e+06,-4.90156e+06,0,0,
9.42,0,-6.44024e+06,-3.4189e+06,0,0,
9.44,0,-4.89612e+06,-1.72444e+06,0,0,
9.46,0,-3.27558e+06,-82354,0,0,
9.48,0,-1.28788e+06,1.47923e+06,0,0,
9.5,0,272978,3.01976e+06,0,0,
9.52,0,1.73006e+06,4.59452e+06,0,0,
9.54,0,3.31408e+06,6.16961e+06,0,0,
9.56,0,4.77438e+06,7.50298e+06,0,0,
9.58,0,6.43011e+06,8.79081e+06,0,0,
9.6,0,7.93682e+06,9.99349e+06,0,0,
9.62,0,9.11774e+06,1.09776e+07,0,0,
9.64,0,1.04753e+07,1.17525e+07,0,0,
9.66,0,1.14543e+07,1.24138e+07,0,0,
9.68,0,1.22015e+07,1.28265e+07,0,0,
9.7,0,1.27667e+07,1.30635e+07,0,0,
9.72,0,1.32866e+07,1.30945e+07,0,0,
9.74,0,1.35756e+07,1.29049e+07,0,0,
9.76,0,1.34421e+07,1.25398e+07,0,0,
9.78,0,1.34045e+07,1.19289e+07,0,0,
9.8,0,1.28376e+07,1.11972e+07,0,0,
9.82,0,1.20963e+07,1.02035e+07,0,0,
9.84,0,1.11988e+07,9.15099e+06,0,0,
9.86,0,1.02484e+07,7.83686e+06,0,0,
9.88,0,9.0586e+06,6.52981e+06,0,0,
9.9,0,7.62347e+06,4.97784e+06,0,0,
9.92,0,6.19282e+06,3.4189e+06,0,0,
9.94,0,4.52768e+06,1.88758e+06,0,0,
9.96,0,2.97265e+06,164705,0,0,
9.98,0,1.38109e+06,-1.47923e+06,0,0,
10,0,-186649,-3.09984e+06,0,0,
10.02,0,-1.66806e+06,-4.67156e+06,0,0,
10.04,0,-3.13548e+06,-6.16961e+06,0,0,
10.06,0,-4.77733e+06,-7.57036e+06,0,0,
10.08,0,-6.15814e+06,-8.85172e+06,0,0,
10.1,0,-7.59229e+06,-9.99349e+06,0,0,
10.12,0,-9.00217e+06,-1.09324e+07,0,0,
10.14,0,-1.01876e+07,-1.17887e+07,0,0,
10.16,0,-1.12258e+07,-1.23871e+07,0,0,
10.18,0,-1.20032e+07,-1.28265e+07,0,0,
10.2,0,-1.2941e+07,-1.30635e+07,0,0,
10.22,0,-1.30568e+07,-1.30906e+07,0,0,
10.24,0,-1.34084e+07,-1.29049e+07,0,0,
10.26,0,-1.34338e+07,-1.25156e+07,0,0,
10.28,0,-1.32321e+07,-1.19628e+07,0,0,
10.3,0,-1.27084e+07,-1.11542e+07,0,0,
10.32,0,-1.22198e+07,-1.02035e+07,0,0,
10.34,0,-1.12351e+07,-9.15099e+06,0,0,
10.36,0,-1.05286e+07,-7.83686e+06,0,0,
10.38,0,-9.51889e+06,-6.45828e+06,0,0,
10.4,0,-8.21457e+06,-4.97784e+06,0,0,
10.42,0,-6.68015e+06,-3.4189e+06,0,0,
10.44,0,-5.06789e+06,-1.80604e+06,0,0,
10.46,0,-3.3488e+06,-164705,0,0,
10.48,0,-1.54472e+06,1.31546e+06,0,0,
10.5,0,185490,3.01976e+06,0,0,
10.52,0,1.77541e+06,4.59452e+06,0,0,
10.54,0,3.37633e+06,6.09683e+06,0,0,
10.56,0,4.92671e+06,7.50298e+06,0,0,
10.58,0,6.34667e+06,8.79081e+06,0,0,
10.6,0,7.84117e+06,9.94e+06,0,0,
10.62,0,9.13932e+06,1.09324e+07,0,0,
10.64,0,1.04475e+07,1.17525e+07,0,0,
10.66,0,1.13438e+07,1.23871e+07,0,0,
10.68,0,1.2294e+07,1.28092e+07,0,0,
10.7,0,1.29225e+07,1.30635e+07,0,0,
10.72,0,1.32762e+07,1.30945e+07,0,0,
10.74,0,1.34572e+07,1.2919e+07,0,0,
10.76,0,1.35975e+07,1.25635e+07,0,0,
10.78,0,1.32532e+07,1.19628e+07,0,0,
10.8,0,1.28181e+07,1.11972e+07,0,0,
10.82,0,1.20933e+07,1.0306e+07,0,0,
10.84,0,1.12824e+07,9.15099e+06,0,0,
10.86,0,1.03439e+07,7.90272e+06,0,0,
10.88,0,9.10427e+06,6.52981e+06,0,0,
10.9,0,7.83447e+06,5.12981e+06,0,0,
10.92,0,6.25398e+06,3.49834e+06,0,0,
10.94,0,4.74052e+06,1.88758e+06,0,0,
10.96,0,3.0982e+06,329385,0,0,
10.98,0,1.4054e+06,-1.39737e+06,0,0,
11,0,-153333,-3.01976e+06,0,0,
11.02,0,-1.63334e+06,-4.59452e+06,0,0,
11.04,0,-3.13661e+06,-6.09683e+06,0,0,
11.06,0,-4.67029e+06,-7.50298e+06,0,0,
11.08,0,-6.09364e+06,-8.72955e+06,0,0,
11.1,0,-7.60372e+06,-9.94e+06,0,0,
11.12,0,-8.83251e+06,-1.09324e+07,0,0,
11.14,0,-1.00756e+07,-1.17525e+07,0,0,
11.16,0,-1.11607e+07,-1.23871e+07,0,0,
11.18,0,-1.21351e+07,-1.28432e+07,0,0,
11.2,0,-1.26485e+07,-1.30635e+07,0,0,
11.22,0,-1.31699e+07,-1.30945e+07,0,0,
11.24,0,-1.34231e+07,-1.2919e+07,0,0,
11.26,0,-1.32613e+07,-1.25398e+07,0,0,
11.28,0,-1.31896e+07,-1.19628e+07,0,0,
11.3,0,-1.281e+07,-1.11972e+07,0,0,
11.32,0,-1.21227e+07,-1.0255e+07,0,0,
11.34,0,-1.14776e+07,-9.15099e+06,0,0,
11.36,0,-1.05265e+07,-7.90272e+06,0,0,
11.38,0,-9.48488e+06,-6.52981e+06,0,0,
11.4,0,-8.15381e+06,-5.05393e+06,0,0,
11.42,0,-6.67225e+06,-3.49834e+06,0,0,
11.44,0,-5.12093e+06,-1.88758e+06,0,0,
11.46,0,-3.36918e+06,-329385,0,0,
11.48,0,-1.61181e+06,1.31546e+06,0,0,
11.5,0,126658,2.93956e+06,0,0,
11.52,0,1.59675e+06,4.5173e+06,0,0,
11.54,0,3.12577e+06,6.0238e+06,0,0,
11.56,0,4.71958e+06,7.43531e+06,0,0,
11.58,0,6.23499e+06,8.72955e+06,0,0,
11.6,0,7.68628e+06,9.88612e+06,0,0,
11.62,0,9.09901e+06,1.08407e+07,0,0,
11.64,0,1.0448e+07,1.16786e+07,0,0,
11.66,0,1.12595e+07,1.236e+07,0,0,
11.68,0,1.22626e+07,1.28092e+07,0,0,
11.7,0,1.29747e+07,1.3049e+07,0,0,
11.72,0,1.32326e+07,1.30979e+07,0,0,
11.74,0,1.35686e+07,1.29327e+07,0,0,
11.76,0,1.36458e+07,1.25868e+07,0,0,
11.78,0,1.34003e+07,1.19962e+07,0,0,
11.8,0,1.29221e+07,1.12398e+07,0,0,
11.82,0,1.22477e+07,1.0306e+07,0,0,
11.84,0,1.12893e+07,9.20977e+06,0,0,
11.86,0,1.03311e+07,7.96826e+06,0,0,
11.88,0,9.07699e+06,6.67211e+06,0,0,
11.9,0,7.79708e+06,5.12981e+06,0,0,
11.92,0,6.4066e+06,3.65679e+06,0,0,
11.94,0,4.78015e+06,1.96904e+06,0,0,
11.96,0,3.21038e+06,329385,0,0,
11.98,0,1.41994e+06,-1.31546e+06,0,0,
12,0,-120876,-2.85925e+06,0,0,
12.02,0,-1.49079e+06,-4.5173e+06,0,0,
12.04,0,-3.02816e+06,-6.0238e+06,0,0,
12.06,0,-4.53571e+06,-7.50298e+06,0,0,
12.08,0,-6.02011e+06,-8.72955e+06,0,0,
12.1,0,-7.54396e+06,-9.88612e+06,0,0,
12.12,0,-8.91506e+06,-1.08868e+07,0,0,
12.14,0,-1.01461e+07,-1.17158e+07,0,0,
12.16,0,-1.10631e+07,-1.236e+07,0,0,
12.18,0,-1.21229e+07,-1.28092e+07,0,0,
12.2,0,-1.26807e+07,-1.30565e+07,0,0,
12.22,0,-1.30738e+07,-1.30979e+07,0,0,
12.24,0,-1.3377e+07,-1.29327e+07,0,0,
12.26,0,-1.34163e+07,-1.25635e+07,0,0,
12.28,0,-1.31993e+07,-1.19962e+07,0,0,
12.3,0,-1.28418e+07,-1.11972e+07,0,0,
12.32,0,-1.23181e+07,-1.0306e+07,0,0,
12.34,0,-1.17079e+07,-9.20977e+06,0,0,
12.36,0,-1.05768e+07,-7.96826e+06,0,0,
12.38,0,-9.47145e+06,-6.60109e+06,0,0,
12.4,0,-8.23873e+06,-5.12981e+06,0,0,
12.42,0,-6.88499e+06,-3.57764e+06,0,0,
12.44,0,-5.33982e+06,-1.96904e+06,0,0,
12.46,0,-3.50183e+06,-247050,0,0,
12.48,0,-1.5589e+06,1.2335e+06,0,0,
12.5,0,52143,2.85925e+06,0,0,
12.52,0,1.5697e+06,4.4399e+06,0,0,
12.54,0,3.12836e+06,5.95054e+06,0,0,
12.56,0,4.65582e+06,7.36734e+06,0,0,
12.58,0,6.2268e+06,8.66795e+06,0,0,
12.6,0,7.65528e+06,9.83186e+06,0,0,
12.62,0,9.03062e+06,1.08407e+07,0,0,
12.64,0,1.03826e+07,1.16786e+07,0,0,
12.66,0,1.13918e+07,1.23323e+07,0,0,
12.68,0,1.22698e+07,1.27915e+07,0,0,
12.7,0,1.28349e+07,1.3049e+07,0,0,
12.72,0,1.3329e+07,1.31007e+07,0,0,
12.74,0,1.35504e+07,1.29458e+07,0,0,
12.76,0,1.35537e+07,1.25868e+07,0,0,
12.78,0,1.34951e+07,1.20292e+07,0,0,
12.8,0,1.28159e+07,1.12819e+07,0,0,
12.82,0,1.2315e+07,1.03567e+07,0,0,
12.84,0,1.13957e+07,9.26819e+06,0,0,
12.86,0,1.04091e+07,8.0335e+06,0,0,
12.88,0,9.13771e+06,6.67211e+06,0,0,
12.9,0,7.91957e+06,5.2055e+06,0,0,
12.92,0,6.42052e+06,3.65679e+06,0,0,
12.94,0,4.86641e+06,2.05042e+06,0,0,
12.96,0,3.27172e+06,411707,0,0,
12.98,0,1.47838e+06,-1.2335e+06,0,0,
13,0,47424,-2.85925e+06,0,0,
13.02,0,-1.49264e+06,-4.5173e+06,0,0,
13.04,0,-2.89085e+06,-5.95054e+06,0,0,
13.06,0,-4.46977e+06,-7.36734e+06,0,0,
13.08,0,-6.14427e+06,-8.66795e+06,0,0,
13.1,0,-7.47873e+06,-9.83186e+06,0,0,
13.12,0,-8.82246e+06,-1.08407e+07,0,0,
13.14,0,-9.99562e+06,-1.16786e+07,0,0,
13.16,0,-1.10301e+07,-1.23323e+07,0,0,
13.18,0,-1.19469e+07,-1.27915e+07,0,0,
13.2,0,-1.2568e+07,-1.3049e+07,0,0,
13.22,0,-1.31455e+07,-1.31007e+07,0,0,
13.24,0,-1.3386e+07,-1.29458e+07,0,0,
13.26,0,-1.34174e+07,-1.25868e+07,0,0,
13.28,0,-1.33068e+07,-1.20292e+07,0,0,
13.3,0,-1.2825e+07,-1.12819e+07,0,0,
13.32,0,-1.23499e+07,-1.03567e+07,0,0,
13.34,0,-1.15918e+07,-9.26819e+06,0,0,
13.36,0,-1.06901e+07,-8.0335e+06,0,0,
13.38,0,-9.53403e+06,-6.67211e+06,0,0,
13.4,0,-8.33093e+06,-5.2055e+06,0,0,
13.42,0,-6.91708e+06,-3.65679e+06,0,0,
13.44,0,-5.19756e+06,-2.05042e+06,0,0,
13.46,0,-3.51048e+06,-411707,0,0,
13.48,0,-1.81563e+06,1.15148e+06,0,0,
13.5,0,-14919,2.77882e+06,0,0,
13.52,0,1.47645e+06,4.36233e+06,0,0,
13.54,0,3.02946e+06,5.87705e+06,0,0,
13.56,0,4.51608e+06,7.29908e+06,0,0,
13.58,0,6.20876e+06,8.66795e+06,0,0,
13.6,0,7.44785e+06,9.7772e+06,0,0,
13.62,0,9.124e+06,1.07942e+07,0,0,
13.64,0,1.028e+07,1.1641e+07,0,0,
13.66,0,1.11814e+07,1.23042e+07,0,0,
13.68,0,1.21661e+07,1.27733e+07,0,0,
13.7,0,1.28215e+07,1.3041e+07,0,0,
13.72,0,1.32426e+07,1.31031e+07,0,0,
13.74,0,1.34629e+07,1.29585e+07,0,0,
13.76,0,1.35421e+07,1.26095e+07,0,0,
13.78,0,1.32766e+07,1.20617e+07,0,0,
13.8,0,1.29922e+07,1.13236e+07,0,0,
13.82,0,1.22566e+07,1.03567e+07,0,0,
13.84,0,1.15253e+07,9.32624e+06,0,0,
13.86,0,1.03952e+07,8.09841e+06,0,0,
13.88,0,9.22042e+06,6.74286e+06,0,0,
13.9,0,7.93033e+06,5.2055e+06,0,0,
13.92,0,6.48799e+06,3.65679e+06,0,0,
13.94,0,4.87218e+06,2.13172e+06,0,0,
13.96,0,3.26723e+06,494012,0,0,
13.98,0,1.52831e+06,-1.15148e+06,0,0,
14,0,-216958,-2.77882e+06,0,0,
14.02,0,-1.47302e+06,-4.36233e+06,0,0,
14.04,0,-2.97514e+06,-5.87705e+06,0,0,
14.06,0,-4.41436e+06,-7.36734e+06,0,0,
14.08,0,-5.9761e+06,-8.606e+06,0,0,
14.1,0,-7.42318e+06,-9.7772e+06,0,0,
14.12,0,-8.92545e+06,-1.07942e+07,0,0,
14.14,0,-9.83812e+06,-1.1641e+07,0,0,
14.16,0,-1.09891e+07,-1.23042e+07,0,0,
14.18,0,-1.1835e+07,-1.27733e+07,0,0,
14.2,0,-1.26437e+07,-1.3041e+07,0,0,
14.22,0,-1.31254e+07,-1.31007e+07,0,0,
14.24,0,-1.33667e+07,-1.29585e+07,0,0,
14.26,0,-1.35051e+07,-1.26095e+07,0,0,
14.28,0,-1.32108e+07,-1.20617e+07,0,0,
14.3,0,-1.28973e+07,-1.13236e+07,0,0,
14.32,0,-1.21905e+07,-1.0407e+07,0,0,
14.34,0,-1.15711e+07,-9.32624e+06,0,0,
14.36,0,-1.07098e+07,-8.09841e+06,0,0,
14.38,0,-9.62336e+06,-6.74286e+06,0,0,
14.4,0,-8.39325e+06,-5.28098e+06,0,0,
14.42,0,-7.06552e+06,-3.65679e+06,0,0,
14.44,0,-5.30721e+06,-2.13172e+06,0,0,
14.46,0,-3.68569e+06,-411707,0,0,
14.48,0,-1.75378e+06,1.06942e+06,0,0,
14.5,0,-164544,2.69828e+06,0,0,
14.52,0,1.43359e+06,4.28459e+06,0,0,
14.54,0,3.11077e+06,5.87705e+06,0,0,
14.56,0,4.57259e+06,7.23053e+06,0,0,
14.58,0,6.04764e+06,8.54372e+06,0,0,
14.6,0,7.54704e+06,9.72216e+06,0,0,
14.62,0,9.02231e+06,1.07942e+07,0,0,
14.64,0,1.0126e+07,1.16029e+07,0,0,
14.66,0,1.12178e+07,1.22755e+07,0,0,
14.68,0,1.21429e+07,1.27546e+07,0,0,
14.7,0,1.28386e+07,1.30325e+07,0,0,
14.72,0,1.32655e+07,1.31049e+07,0,0,
14.74,0,1.35422e+07,1.29706e+07,0,0,
14.76,0,1.36427e+07,1.26317e+07,0,0,
14.78,0,1.34001e+07,1.20937e+07,0,0,
14.8,0,1.29724e+07,1.13649e+07,0,0,
14.82,0,1.23689e+07,1.04569e+07,0,0,
14.84,0,1.14232e+07,9.38392e+06,0,0,
14.86,0,1.04126e+07,8.09841e+06,0,0,
14.88,0,9.25843e+06,6.81335e+06,0,0,
14.9,0,8.09611e+06,5.35624e+06,0,0,
14.92,0,6.56033e+06,3.81467e+06,0,0,
14.94,0,5.10642e+06,2.13172e+06,0,0,
14.96,0,3.38758e+06,576298,0,0,
14.98,0,1.60811e+06,-1.06942e+06,0,0,
15,0,158767,-2.69828e+06,0,0,
15.02,0,-1.34342e+06,-4.36233e+06,0,0,
15.04,0,-2.75705e+06,-5.80332e+06,0,0,
15.06,0,-4.31523e+06,-7.23053e+06,0,0,
15.08,0,-5.93273e+06,-8.54372e+06,0,0,
15.1,0,-7.31089e+06,-9.7772e+06,0,0,
15.12,0,-8.64976e+06,-1.07473e+07,0,0,
15.14,0,-9.83239e+06,-1.16029e+07,0,0,
15.16,0,-1.09378e+07,-1.22755e+07,0,0,
15.18,0,-1.18844e+07,-1.27546e+07,0,0,
15.2,0,-1.26702e+07,-1.30325e+07,0,0,
15.22,0,-1.30522e+07,-1.31049e+07,0,0,
15.24,0,-1.3259e+07,-1.29706e+07,0,0,
15.26,0,-1.34651e+07,-1.26095e+07,0,0,
15.28,0,-1.31854e+07,-1.20937e+07,0,0,
15.3,0,-1.30009e+07,-1.13649e+07,0,0,
15.32,0,-1.24287e+07,-1.04569e+07,0,0,
15.34,0,-1.1568e+07,-9.32624e+06,0,0,
15.36,0,-1.08446e+07,-8.163e+06,0,0,
15.38,0,-9.66109e+06,-6.81335e+06,0,0,
15.4,0,-8.45477e+06,-5.35624e+06,0,0,
15.42,0,-6.93285e+06,-3.7358e+06,0,0,
15.44,0,-5.44054e+06,-2.21293e+06,0,0,
15.46,0,-3.73718e+06,-576298,0,0,
15.48,0,-1.95182e+06,987323,0,0,
15.5,0,-29130,2.69828e+06,0,0,
15.52,0,1.41081e+06,4.20667e+06,0,0,
15.54,0,3.07682e+06,5.80332e+06,0,0,
15.56,0,4.32052e+06,7.1617e+06,0,0,
15.58,0,5.90755e+06,8.54372e+06,0,0,
15.6,0,7.38834e+06,9.66673e+06,0,0,
15.62,0,8.86095e+06,1.07473e+07,0,0,
15.64,0,1.01389e+07,1.16029e+07,0,0,
15.66,0,1.10484e+07,1.22464e+07,0,0,
15.68,0,1.19802e+07,1.27546e+07,0,0,
15.7,0,1.27978e+07,1.30325e+07,0,0,
15.72,0,1.31193e+07,1.31049e+07,0,0,
15.74,0,1.35034e+07,1.29706e+07,0,0,
15.76,0,1.35167e+07,1.26534e+07,0,0,
15.78,0,1.32734e+07,1.20937e+07,0,0,
15.8,0,1.29921e+07,1.13649e+07,0,0,
15.82,0,1.22306e+07,1.05063e+07,0,0,
15.84,0,1.16323e+07,9.44123e+06,0,0,
15.86,0,1.05805e+07,8.22728e+06,0,0,
15.88,0,9.38474e+06,6.88357e+06,0,0,
15.9,0,8.03606e+06,5.35624e+06,0,0,
15.92,0,6.65724e+06,3.89338e+06,0,0,
15.94,0,5.1188e+06,2.21293e+06,0,0,
15.96,0,3.43982e+06,658562,0,0,
15.98,0,1.72191e+06,-987323,0,0,
16,0,33199,-2.61764e+06,0,0,
16.02,0,-1.44077e+06,-4.28459e+06,0,0,
16.04,0,-2.79962e+06,-5.80332e+06,0,0,
16.06,0,-4.42738e+06,-7.1617e+06,0,0,
16.08,0,-5.77624e+06,-8.48109e+06,0,0,
16.1,0,-7.29056e+06,-9.72216e+06,0,0,
16.12,0,-8.62678e+06,-1.07473e+07,0,0,
16.14,0,-9.90954e+06,-1.16029e+07,0,0,
16.16,0,-1.08835e+07,-1.22464e+07,0,0,
16.18,0,-1.17366e+07,-1.27546e+07,0,0,
16.2,0,-1.25102e+07,-1.30325e+07,0,0,
16.22,0,-1.30876e+07,-1.31049e+07,0,0,
16.24,0,-1.33542e+07,-1.29822e+07,0,0,
16.26,0,-1.34129e+07,-1.26317e+07,0,0,
16.28,0,-1.32859e+07,-1.20937e+07,0,0,
16.3,0,-1.29068e+07,-1.14057e+07,0,0,
16.32,0,-1.24671e+07,-1.05063e+07,0,0,
16.34,0,-1.17138e+07,-9.44123e+06,0,0,
16.36,0,-1.07566e+07,-8.163e+06,0,0,
16.38,0,-9.8006e+06,-6.81335e+06,0,0,
16.4,0,-8.50055e+06,-5.4313e+06,0,0,
16.42,0,-7.10997e+06,-3.81467e+06,0,0,
16.44,0,-5.3735e+06,-2.29406e+06,0,0,
16.46,0,-3.73282e+06,-576298,0,0,
16.48,0,-1.95913e+06,905183,0,0,
16.5,0,-114086,2.61764e+06,0,0,
16.52,0,1.28914e+06,4.20667e+06,0,0,
16.54,0,3.04112e+06,5.72936e+06,0,0,
16.56,0,4.37244e+06,7.09258e+06,0,0,
16.58,0,5.99123e+06,8.48109e+06,0,0,
16.6,0,7.4251e+06,9.66673e+06,0,0,
16.62,0,8.77895e+06,1.06521e+07,0,0,
16.64,0,1.01283e+07,1.15644e+07,0,0,
16.66,0,1.10809e+07,1.22168e+07,0,0,
16.68,0,1.20182e+07,1.27354e+07,0,0,
16.7,0,1.27179e+07,1.30235e+07,0,0,
16.72,0,1.32855e+07,1.31069e+07,0,0,
16.74,0,1.34605e+07,1.29706e+07,0,0,
16.76,0,1.36317e+07,1.26534e+07,0,0,
16.78,0,1.34492e+07,1.21252e+07,0,0,
16.8,0,1.30124e+07,1.14057e+07,0,0,
16.82,0,1.24306e+07,1.05063e+07,0,0,
16.84,0,1.16022e+07,9.44123e+06,0,0,
16.86,0,1.05934e+07,8.22728e+06,0,0,
16.88,0,9.49354e+06,6.95352e+06,0,0,
16.9,0,8.19105e+06,5.4313e+06,0,0,
16.92,0,6.76394e+06,3.89338e+06,0,0,
16.94,0,5.27326e+06,2.29406e+06,0,0,
16.96,0,3.54438e+06,740799,0,0,
16.98,0,1.96056e+06,-905183,0,0,
17,0,84403,-2.61764e+06,0,0,
17.02,0,-1.32707e+06,-4.12859e+06,0,0,
17.04,0,-2.70072e+06,-5.65518e+06,0,0,
17.06,0,-4.2739e+06,-7.09258e+06,0,0,
17.08,0,-5.73624e+06,-8.48109e+06,0,0,
17.1,0,-7.23446e+06,-9.66673e+06,0,0,
17.12,0,-8.56863e+06,-1.06521e+07,0,0,
17.14,0,-9.74087e+06,-1.15644e+07,0,0,
17.16,0,-1.08958e+07,-1.22168e+07,0,0,
17.18,0,-1.16185e+07,-1.27354e+07,0,0,
17.2,0,-1.24948e+07,-1.30139e+07,0,0,
17.22,0,-1.30556e+07,-1.31049e+07,0,0,
17.24,0,-1.32935e+07,-1.29933e+07,0,0,
17.26,0,-1.34054e+07,-1.26534e+07,0,0,
17.28,0,-1.31445e+07,-1.21252e+07,0,0,
17.3,0,-1.3009e+07,-1.14057e+07,0,0,
17.32,0,-1.25707e+07,-1.05063e+07,0,0,
17.34,0,-1.16407e+07,-9.49817e+06,0,0,
17.36,0,-1.07973e+07,-8.29122e+06,0,0,
17.38,0,-9.74965e+06,-6.88357e+06,0,0,
17.4,0,-8.43985e+06,-5.50615e+06,0,0,
17.42,0,-7.16614e+06,-3.97194e+06,0,0,
17.44,0,-5.66192e+06,-2.3751e+06,0,0,
17.46,0,-3.98729e+06,-658562,0,0,
17.48,0,-2.13282e+06,905183,0,0,
17.5,0,-362132,2.53689e+06,0,0,
17.52,0,1.15619e+06,4.05035e+06,0,0,
17.54,0,2.71252e+06,5.65518e+06,0,0,
17.56,0,4.18894e+06,7.09258e+06,0,0,
17.58,0,5.86278e+06,8.41813e+06,0,0,
17.6,0,7.26765e+06,9.61092e+06,0,0,
17.62,0,8.65422e+06,1.06521e+07,0,0,
17.64,0,9.93766e+06,1.15254e+07,0,0,
17.66,0,1.11125e+07,1.22168e+07,0,0,
17.68,0,1.20218e+07,1.27156e+07,0,0,
17.7,0,1.27728e+07,1.30139e+07,0,0,
17.72,0,1.31927e+07,1.31072e+07,0,0,
17.74,0,1.35332e+07,1.29933e+07,0,0,
17.76,0,1.36413e+07,1.26954e+07,0,0,
17.78,0,1.35069e+07,1.21562e+07,0,0,
17.8,0,1.3127e+07,1.1446e+07,0,0,
17.82,0,1.23889e+07,1.05553e+07,0,0,
17.84,0,1.17878e+07,9.55474e+06,0,0,
17.86,0,1.06852e+07,8.35484e+06,0,0,
17.88,0,9.58972e+06,6.95352e+06,0,0,
17.9,0,8.2542e+06,5.58077e+06,0,0,
17.92,0,6.76976e+06,4.05035e+06,0,0,
17.94,0,5.10785e+06,2.3751e+06,0,0,
17.96,0,3.63954e+06,740799,0,0,
17.98,0,1.93936e+06,-905183,0,0,
18,0,252692,-2.53689e+06,0,0,
18.02,0,-1.25124e+06,-4.12859e+06,0,0,
18.04,0,-2.72468e+06,-5.65518e+06,0,0,
18.06,0,-4.28075e+06,-7.09258e+06,0,0,
18.08,0,-5.70682e+06,-8.41813e+06,0,0,
18.1,0,-7.16667e+06,-9.61092e+06,0,0,
18.12,0,-8.41959e+06,-1.06521e+07,0,0,
18.14,0,-9.72178e+06,-1.15254e+07,0,0,
18.16,0,-1.08288e+07,-1.22168e+07,0,0,
18.18,0,-1.16454e+07,-1.27156e+07,0,0,
18.2,0,-1.24681e+07,-1.30139e+07,0,0,
18.22,0,-1.29977e+07,-1.31069e+07,0,0,
18.24,0,-1.33166e+07,-1.29933e+07,0,0,
18.26,0,-1.3408e+07,-1.26534e+07,0,0,
18.28,0,-1.33357e+07,-1.21562e+07,0,0,
18.3,0,-1.29134e+07,-1.1446e+07,0,0,
18.32,0,-1.24683e+07,-1.05553e+07,0,0,
18.34,0,-1.17141e+07,-9.49817e+06,0,0,
18.36,0,-1.08328e+07,-8.29122e+06,0,0,
18.38,0,-9.83075e+06,-6.95352e+06,0,0,
18.4,0,-8.64749e+06,-5.50615e+06,0,0,
18.42,0,-7.24717e+06,-3.97194e+06,0,0,
18.44,0,-5.63655e+06,-2.3751e+06,0,0,
18.46,0,-3.92794e+06,-740799,0,0,
18.48,0,-2.15576e+06,823007,0,0,
18.5,0,-415438,2.45604e+06,0,0,
18.52,0,977992,4.05035e+06,0,0,
18.54,0,2.74557e+06,5.58077e+06,0,0,
18.56,0,4.21925e+06,7.02319e+06,0,0,
18.58,0,5.81331e+06,8.35484e+06,0,0,
18.6,0,7.09014e+06,9.55474e+06,0,0,
18.62,0,8.63102e+06,1.06039e+07,0,0,
18.64,0,9.88434e+06,1.14859e+07,0,0,
18.66,0,1.10517e+07,1.21868e+07,0,0,
18.68,0,1.19497e+07,1.26954e+07,0,0,
18.7,0,1.27633e+07,1.30038e+07,0,0,
18.72,0,1.30846e+07,1.31072e+07,0,0,
18.74,0,1.36393e+07,1.30038e+07,0,0,
18.76,0,1.35682e+07,1.26954e+07,0,0,
18.78,0,1.34207e+07,1.21868e+07,0,0,
18.8,0,1.30087e+07,1.14859e+07,0,0,
18.82,0,1.24601e+07,1.06039e+07,0,0,
18.84,0,1.17435e+07,9.55474e+06,0,0,
18.86,0,1.08163e+07,8.35484e+06,0,0,
18.88,0,9.5505e+06,7.02319e+06,0,0,
18.9,0,8.27917e+06,5.58077e+06,0,0,
18.92,0,6.94646e+06,4.05035e+06,0,0,
18.94,0,5.37822e+06,2.45604e+06,0,0,
18.96,0,3.72859e+06,823007,0,0,
18.98,0,2.0991e+06,-823007,0,0,
19,0,434089,-2.45604e+06,0,0,
19.02,0,-1.03183e+06,-4.05035e+06,0,0,
19.04,0,-2.56105e+06,-5.58077e+06,0,0,
19.06,0,-4.14487e+06,-7.02319e+06,0,0,
19.08,0,-5.51796e+06,-8.35484e+06,0,0,
19.1,0,-7.17805e+06,-9.55474e+06,0,0,
19.12,0,-8.41052e+06,-1.06039e+07,0,0,
19.14,0,-9.51575e+06,-1.14859e+07,0,0,
19.16,0,-1.0726e+07,-1.22168e+07,0,0,
19.18,0,-1.16098e+07,-1.26954e+07,0,0,
19.2,0,-1.24435e+07,-1.30038e+07,0,0,
19.22,0,-1.30225e+07,-1.31072e+07,0,0,
19.24,0,-1.32894e+07,-1.30038e+07,0,0,
19.26,0,-1.35452e+07,-1.26954e+07,0,0,
19.28,0,-1.31623e+07,-1.21868e+07,0,0,
19.3,0,-1.30113e+07,-1.14859e+07,0,0,
19.32,0,-1.25958e+07,-1.06039e+07,0,0,
19.34,0,-1.17247e+07,-9.55474e+06,0,0,
19.36,0,-1.08723e+07,-8.35484e+06,0,0,
19.38,0,-9.81568e+06,-7.02319e+06,0,0,
19.4,0,-8.73008e+06,-5.58077e+06,0,0,
19.42,0,-7.30846e+06,-4.05035e+06,0,0,
19.44,0,-5.70534e+06,-2.45604e+06,0,0,
19.46,0,-4.05135e+06,-823007,0,0,
19.48,0,-2.22194e+06,740799,0,0,
19.5,0,-595096,2.3751e+06,0,0,
19.52,0,870282,3.97194e+06,0,0,
19.54,0,2.47637e+06,5.50615e+06,0,0,
19.56,0,4.1642e+06,6.95352e+06,0,0,
19.58,0,5.65792e+06,8.29122e+06,0,0,
19.6,0,7.30113e+06,9.49817e+06,0,0,
19.62,0,8.45675e+06,1.05553e+07,0,0,
19.64,0,9.84144e+06,1.1446e+07,0,0,
19.66,0,1.10155e+07,1.21562e+07,0,0,
